/*
*If you need to make an upgrade distinction, 
*the following macro control only needs to be enabled one.
*/
//#define ST_UPGRADE_BY_ISPID
//#define ST_UPGRADE_BY_FWID



//#define STX_UPGRADE_REQUEST_FW_FILE

//#define ST_UPGRADE_VERSION_CTRL


#ifdef ST_UPGRADE_BY_ISPID
#define SITRONIX_ISPIDS {\
0x0,0x0,0x0,0x0,0x3,\
0x0,0x0,0x0,0x0,0x3,\
0x01,0x01,0x02,0x03,0x04\
}
#elif defined(ST_UPGRADE_BY_FWID)
#define SITRONIX_IDS {\
0x0,0x0,0x0,0x0,\
0x1,0x2,0x3,0x4\
}
#define SITRONIX_ID_OFF {\
0xD6,\
0xD6\
}
#endif

//hf  dump file
#define SITRONIX_FW {\
0x02,0x02,0x37,0x02,0x01,0xAC,0x00,0x00,0x00,0x00,0x00,0xFF,0xFF,0xFF,0xFF,0xFF,\
0xFF,0xFF,0xFF,0xFF,0xFF,0xFF,0xFF,0xFF,0xFF,0xFF,0xFF,0xFF,0xFF,0xFF,0xFF,0xFF,\
0xFF,0xFF,0xFF,0xFF,0xFF,0xFF,0xFF,0xFF,0xFF,0xFF,0xFF,0x02,0x00,0x99,0x00,0x00,\
0x00,0x00,0x00,0x02,0x00,0xD0,0x00,0x00,0x00,0x00,0x00,0x02,0x01,0x07,0x00,0x00,\
0x00,0x00,0x00,0xFF,0xFF,0xFF,0xFF,0xFF,0xFF,0xFF,0xFF,0xFF,0xFF,0xFF,0xFF,0xFF,\
0xFF,0xFF,0xFF,0x02,0x01,0x75,0x00,0x00,0x00,0x00,0x00,0x02,0x01,0x3E,0x00,0x00,\
0x00,0x00,0x00,0xFF,0xFF,0xFF,0xFF,0xFF,0xFF,0xFF,0xFF,0x00,0x00,0x00,0x00,0x00,\
0x00,0x00,0x00,0x00,0x00,0x00,0x00,0x00,0x00,0x00,0x00,0x00,0x00,0x00,0x00,0x00,\
0x00,0x00,0x00,0xFF,0xEF,0x09,0x54,0x44,0x50,0x31,0x00,0x07,0x01,0xEF,0xC0,0x3D,\
0x8E,0xEE,0xF2,0x54,0x46,0x57,0x31,0xEE,0x59,0xCA,0x7B,0xCA,0x6B,0xCA,0x5B,0xCA,\
0x4B,0xCA,0x3B,0xCA,0x2B,0xCA,0x1B,0xCA,0x0B,0xC0,0xD1,0x75,0xD1,0x18,0xC0,0xD0,\
0xC0,0x83,0xC0,0x82,0x12,0xD2,0xBE,0xD0,0x82,0xD0,0x83,0xD0,0xD0,0xD0,0xD1,0xDA,\
0x0B,0xDA,0x1B,0xDA,0x2B,0xDA,0x3B,0xDA,0x4B,0xDA,0x5B,0xDA,0x6B,0xDA,0x7B,0x32,\
0xCA,0x7B,0xCA,0x6B,0xCA,0x5B,0xCA,0x4B,0xCA,0x3B,0xCA,0x2B,0xCA,0x1B,0xCA,0x0B,\
0xC0,0xD1,0x75,0xD1,0x18,0xC0,0xD0,0xC0,0x83,0xC0,0x82,0x12,0xE1,0x01,0xD0,0x82,\
0xD0,0x83,0xD0,0xD0,0xD0,0xD1,0xDA,0x0B,0xDA,0x1B,0xDA,0x2B,0xDA,0x3B,0xDA,0x4B,\
0xDA,0x5B,0xDA,0x6B,0xDA,0x7B,0x32,0xCA,0x7B,0xCA,0x6B,0xCA,0x5B,0xCA,0x4B,0xCA,\
0x3B,0xCA,0x2B,0xCA,0x1B,0xCA,0x0B,0xC0,0xD1,0x75,0xD1,0x18,0xC0,0xD0,0xC0,0x83,\
0xC0,0x82,0x12,0xE3,0x5B,0xD0,0x82,0xD0,0x83,0xD0,0xD0,0xD0,0xD1,0xDA,0x0B,0xDA,\
0x1B,0xDA,0x2B,0xDA,0x3B,0xDA,0x4B,0xDA,0x5B,0xDA,0x6B,0xDA,0x7B,0x32,0xCA,0x7B,\
0xCA,0x6B,0xCA,0x5B,0xCA,0x4B,0xCA,0x3B,0xCA,0x2B,0xCA,0x1B,0xCA,0x0B,0xC0,0xD1,\
0x75,0xD1,0x18,0xC0,0xD0,0xC0,0x83,0xC0,0x82,0x12,0xB8,0x21,0xD0,0x82,0xD0,0x83,\
0xD0,0xD0,0xD0,0xD1,0xDA,0x0B,0xDA,0x1B,0xDA,0x2B,0xDA,0x3B,0xDA,0x4B,0xDA,0x5B,\
0xDA,0x6B,0xDA,0x7B,0x32,0xCA,0x7B,0xCA,0x6B,0xCA,0x5B,0xCA,0x4B,0xCA,0x3B,0xCA,\
0x2B,0xCA,0x1B,0xCA,0x0B,0xC0,0xD1,0x75,0xD1,0x18,0xC0,0xD0,0xC0,0x83,0xC0,0x82,\
0x12,0xE2,0x6F,0xD0,0x82,0xD0,0x83,0xD0,0xD0,0xD0,0xD1,0xDA,0x0B,0xDA,0x1B,0xDA,\
0x2B,0xDA,0x3B,0xDA,0x4B,0xDA,0x5B,0xDA,0x6B,0xDA,0x7B,0x32,0xCA,0x7B,0xCA,0x6B,\
0xCA,0x5B,0xCA,0x4B,0xCA,0x3B,0xCA,0x2B,0xCA,0x1B,0xCA,0x0B,0xC0,0xD1,0x75,0xD1,\
0x18,0xC0,0xD0,0xC0,0x83,0xC0,0x82,0x12,0xE3,0x69,0xD0,0x82,0xD0,0x83,0xD0,0xD0,\
0xD0,0xD1,0xDA,0x0B,0xDA,0x1B,0xDA,0x2B,0xDA,0x3B,0xDA,0x4B,0xDA,0x5B,0xDA,0x6B,\
0xDA,0x7B,0x32,0xC2,0xAF,0x00,0x43,0xB9,0x80,0x0B,0x38,0x30,0x53,0xB9,0x7F,0xD2,\
0xAF,0x00,0x22,0xC2,0xAF,0x00,0x7C,0x45,0x43,0xB9,0x80,0x1B,0x38,0x20,0x53,0xB9,\
0x7F,0xD2,0xAF,0x00,0x22,0xC2,0xAF,0x00,0xE4,0xF5,0xA8,0xF5,0xE8,0xF5,0xBB,0xF5,\
0xD0,0xF5,0xBC,0x75,0xDD,0x04,0x6D,0x55,0x7E,0x04,0xFF,0x40,0x1B,0x08,0x50,0xF5,\
0xB1,0xF5,0xB3,0x75,0xF4,0x04,0x53,0xEE,0xF7,0x7E,0xF8,0x00,0xBF,0x7E,0xB0,0x01,\
0x7E,0xC4,0x46,0x57,0x02,0xF8,0x02,0x7E,0x44,0x3C,0x1E,0xE4,0x7A,0x49,0xB0,0x1B,\
0x44,0xBE,0x44,0x01,0xC9,0x38,0xF5,0xF5,0xBB,0x75,0x84,0x00,0x7E,0xF8,0x00,0xBF,\
0x02,0xAB,0x85,0x53,0xB9,0xDF,0xA9,0x30,0xED,0x03,0x43,0xB9,0x20,0x8A,0xFE,0x00,\
0x00,0x7D,0xD1,0x7D,0xE2,0x7D,0xF3,0x7E,0x03,0x38,0x26,0x7E,0x10,0x00,0x7E,0x20,\
0x00,0x7E,0x30,0x00,0x7E,0x80,0x01,0x7E,0x90,0x02,0x7E,0xA0,0x03,0x7E,0xB0,0x04,\
0x0B,0x38,0x80,0x0B,0x35,0xBE,0x84,0x00,0x00,0x58,0x06,0x6E,0x84,0xFF,0xFF,0x0B,\
0x84,0xBE,0x84,0x00,0x08,0x58,0x0A,0x7A,0x29,0x80,0x0B,0x24,0xA5,0xD8,0xE1,0x80,\
0x2E,0xA5,0x09,0xBE,0x84,0x00,0x80,0x58,0x0A,0x7A,0x29,0x90,0x0B,0x24,0xA5,0xD8,\
0xCF,0x80,0x1C,0xA5,0x0A,0xBE,0x84,0x08,0x00,0x58,0x0A,0x7A,0x29,0xA0,0x0B,0x24,\
0xA5,0xD8,0xBD,0x80,0x0A,0xA5,0x0B,0x7A,0x29,0xB0,0x0B,0x24,0xA5,0xD8,0xB1,0xA5,\
0xEB,0x60,0x48,0x7C,0x51,0x3E,0x50,0x2E,0x53,0x38,0x45,0x7E,0x60,0x01,0x7E,0x70,\
0x04,0xBE,0x53,0x38,0x48,0x28,0x0A,0x7E,0x53,0x38,0x48,0x7E,0x60,0x04,0x7E,0x70,\
0x00,0x7C,0x42,0x3E,0x40,0x2E,0x43,0x38,0x46,0xBC,0x54,0x28,0x08,0x7C,0x54,0x7E,\
0x60,0x02,0x7E,0x70,0x04,0x7C,0x43,0x3E,0x40,0x2E,0x43,0x38,0x47,0xBC,0x54,0x28,\
0x76,0x7C,0x54,0x7E,0x60,0x03,0x7E,0x70,0x04,0x80,0x6C,0xA5,0xEA,0x60,0x3C,0x7C,\
0x51,0x0B,0x50,0x0E,0x50,0x2C,0x51,0x2E,0x53,0x38,0x45,0x7E,0x60,0x01,0x7E,0x70,\
0x03,0xBE,0x53,0x38,0x47,0x28,0x0A,0x7E,0x53,0x38,0x47,0x7E,0x60,0x03,0x7E,0x70,\
0x00,0x7C,0x42,0x0B,0x40,0x0E,0x40,0x2C,0x42,0x2E,0x43,0x38,0x46,0xBC,0x54,0x28,\
0x36,0x7C,0x54,0x7E,0x60,0x02,0x7E,0x70,0x03,0x80,0x2C,0xA5,0xE9,0x60,0x1E,0x7C,\
0x51,0x2E,0x53,0x38,0x45,0x7E,0x60,0x01,0x7E,0x70,0x02,0xBE,0x53,0x38,0x46,0x28,\
0x16,0x7E,0x53,0x38,0x46,0x7E,0x60,0x02,0x7E,0x70,0x00,0x80,0x0A,0x7E,0x53,0x38,\
0x45,0x7E,0x60,0x01,0x7E,0x70,0x00,0x7A,0x13,0x38,0x4E,0x7A,0x23,0x38,0x4F,0x7A,\
0x33,0x38,0x50,0x7A,0x63,0x38,0x3F,0x7A,0x73,0x38,0x40,0x7E,0x40,0x00,0x0B,0x24,\
0x2E,0x27,0x38,0x49,0x7A,0x27,0x38,0x49,0xBE,0x27,0x38,0x4B,0x28,0x03,0x74,0x02,\
0x22,0xA5,0xEF,0xC4,0xA5,0x4E,0x7E,0x87,0x38,0x41,0x7A,0x89,0xB0,0x0B,0x84,0x7A,\
0x87,0x38,0x41,0xA5,0xBE,0x01,0x0D,0x7D,0x2E,0x7D,0x3F,0x12,0x04,0x96,0x7E,0x73,\
0x38,0x40,0x80,0x29,0xA5,0xBE,0x02,0x0D,0x7D,0x2E,0x7D,0x3F,0x12,0x05,0x3A,0x7E,\
0x73,0x38,0x40,0x80,0x25,0xA5,0xBE,0x03,0x0D,0x7D,0x2E,0x7D,0x3F,0x12,0x05,0xAA,\
0x7E,0x73,0x38,0x40,0x80,0x21,0x7D,0x3D,0x12,0x06,0x97,0xE4,0x22,0xA5,0xBF,0x02,\
0x09,0x7D,0x2E,0x7D,0x3F,0x12,0x06,0xD3,0xE4,0x22,0xA5,0xBF,0x03,0x09,0x7D,0x2E,\
0x7D,0x3F,0x12,0x07,0x47,0xE4,0x22,0x7D,0x2E,0x7D,0x3D,0x12,0x08,0x3B,0xE4,0x22,\
0x7D,0xF3,0x7D,0xE2,0x7E,0x17,0x38,0x41,0x7E,0x19,0x10,0x0B,0x14,0x7A,0x17,0x38,\
0x41,0x7C,0xB1,0xC4,0x5E,0xB0,0x0F,0x7A,0xB3,0x38,0x40,0x5E,0x10,0x0F,0xA5,0xB9,\
0x01,0x0F,0x12,0x04,0xE7,0x7E,0x13,0x38,0x40,0x7D,0x3F,0x7E,0x24,0x00,0x08,0x80,\
0x2A,0xA5,0xB9,0x02,0x0F,0x12,0x05,0x70,0x7E,0x13,0x38,0x40,0x7D,0x3F,0x7E,0x24,\
0x00,0x80,0x80,0x1F,0xA5,0xB9,0x03,0x0F,0x12,0x06,0x27,0x7E,0x13,0x38,0x40,0x7D,\
0x3F,0x7E,0x24,0x08,0x00,0x80,0x14,0x12,0x06,0xB1,0x22,0xA5,0xB9,0x02,0x04,0x12,\
0x07,0x04,0x22,0xA5,0xB9,0x03,0x04,0x12,0x07,0xB2,0x22,0x7D,0x1E,0xA5,0xB9,0x04,\
0x04,0x12,0x08,0x6C,0x22,0x22,0x7E,0x03,0x38,0x26,0x7E,0x17,0x38,0x41,0x7E,0x54,\
0x08,0x80,0x7E,0x29,0x10,0x0B,0x24,0xA5,0xB9,0x01,0x09,0x0B,0x38,0x40,0x5E,0x44,\
0x00,0x0F,0x7C,0xA9,0x0B,0x35,0xA5,0xD8,0x0A,0x7A,0x19,0xA0,0x0B,0x14,0x7A,0x17,\
0x38,0x41,0x22,0x7E,0x29,0x10,0x0B,0x24,0xA5,0xB9,0x01,0x0A,0x0B,0x38,0x40,0x5E,\
0x44,0x00,0x0F,0x7C,0xB9,0xC4,0x0B,0x35,0x4C,0xAB,0x7A,0x19,0xA0,0x0B,0x14,0xA5,\
0xD8,0xBC,0x7A,0x17,0x38,0x41,0x22,0x7E,0x03,0x38,0x26,0x7E,0x10,0x00,0x7E,0x17,\
0x38,0x41,0x7A,0x29,0x10,0x0B,0x24,0x7E,0x19,0xB0,0x0B,0x14,0x0A,0x4B,0x5E,0x90,\
0x0F,0xBE,0x44,0x00,0x08,0x28,0x04,0x4E,0x44,0xFF,0xF0,0x1B,0x38,0x40,0x0B,0x35,\
0xA5,0xD8,0x05,0x7A,0x17,0x38,0x41,0x22,0x7A,0x29,0x10,0x0B,0x24,0xC4,0x0A,0x4B,\
0x5E,0x90,0x0F,0xBE,0x44,0x00,0x08,0x28,0x04,0x4E,0x44,0xFF,0xF0,0x1B,0x38,0x40,\
0x0B,0x35,0xA5,0xD8,0xBD,0x7A,0x17,0x38,0x41,0x22,0x7E,0x03,0x38,0x26,0x7E,0x10,\
0x80,0x7E,0x17,0x38,0x41,0x7E,0x29,0xB0,0x0B,0x24,0xBE,0xB0,0x02,0x38,0x12,0x0B,\
0x38,0x40,0x0B,0x35,0x7A,0x19,0x90,0x0B,0x14,0xA5,0xD8,0xE9,0x7A,0x17,0x38,0x41,\
0x22,0x0B,0x35,0x7A,0x19,0x10,0x0B,0x14,0xA5,0xD8,0xDA,0x7A,0x17,0x38,0x41,0x22,\
0x7E,0x03,0x38,0x26,0x7E,0x10,0x00,0x7E,0x17,0x38,0x41,0x7A,0x29,0x10,0x0B,0x24,\
0x7E,0x19,0x90,0x0B,0x14,0xBE,0x90,0x80,0x38,0x10,0x7E,0x80,0x00,0x1B,0x38,0x40,\
0x0B,0x35,0xA5,0xD8,0xE6,0x7A,0x17,0x38,0x41,0x22,0x7E,0x80,0xFF,0x1B,0x38,0x40,\
0x0B,0x35,0xA5,0xD8,0xD6,0x7A,0x17,0x38,0x41,0x22,0x7E,0x03,0x38,0x26,0x7E,0x10,\
0x00,0x7E,0x87,0x38,0x41,0x7E,0x29,0xB0,0x0B,0x24,0xBE,0xB0,0x03,0x38,0x15,0x0B,\
0x38,0x10,0x0B,0x35,0x5E,0x20,0x0F,0xA5,0xD8,0x1D,0x1B,0x88,0x10,0x0B,0x85,0x7A,\
0x87,0x38,0x41,0x22,0x0B,0x35,0x7E,0x14,0x08,0x00,0xA5,0xD8,0x0A,0x1B,0x88,0x10,\
0x0B,0x85,0x7A,0x87,0x38,0x41,0x22,0x7E,0x29,0xB0,0x0B,0x24,0xBE,0xB0,0x03,0x38,\
0x1F,0x0B,0x38,0x40,0x0B,0x35,0x5E,0x80,0x0F,0x7C,0xB8,0xC4,0x4C,0x2B,0x1B,0x88,\
0x10,0x0B,0x85,0x7A,0x89,0x90,0x0B,0x84,0xA5,0xD8,0xAA,0x7A,0x87,0x38,0x41,0x22,\
0x0B,0x35,0x4E,0x20,0x80,0x1B,0x88,0x10,0x0B,0x85,0x7A,0x89,0x10,0x0B,0x84,0xA5,\
0xD8,0x93,0x7A,0x87,0x38,0x41,0x22,0x7E,0x03,0x38,0x26,0x7E,0x10,0x00,0x7E,0x17,\
0x38,0x41,0x7A,0x29,0x10,0x0B,0x24,0x0B,0x18,0x40,0x0B,0x15,0x7C,0xB8,0x5E,0x80,\
0x0F,0xBE,0x44,0x08,0x00,0x38,0x0D,0x1B,0x38,0x40,0x0B,0x35,0xA5,0xD8,0x15,0x7A,\
0x17,0x38,0x41,0x22,0x4E,0x80,0xF0,0x1B,0x38,0x40,0x0B,0x35,0xA5,0xD8,0x05,0x7A,\
0x17,0x38,0x41,0x22,0x7A,0x29,0x10,0x0B,0x24,0x7E,0x19,0x90,0x0B,0x14,0xC4,0x7C,\
0x8B,0x5E,0x80,0x0F,0xBE,0x44,0x08,0x00,0x38,0x0D,0x1B,0x38,0x40,0x0B,0x35,0xA5,\
0xD8,0xB0,0x7A,0x17,0x38,0x41,0x22,0x4E,0x80,0xF0,0x1B,0x38,0x40,0x0B,0x35,0xA5,\
0xD8,0xA0,0x7A,0x17,0x38,0x41,0x22,0x7E,0x03,0x38,0x26,0x7E,0x17,0x38,0x41,0x0B,\
0x38,0x20,0x0B,0x35,0x1B,0x18,0x20,0x0B,0x15,0xA5,0xD8,0xF3,0x7A,0x17,0x38,0x41,\
0x22,0x7E,0x03,0x38,0x26,0x7E,0x10,0x04,0x7E,0x17,0x38,0x41,0x7A,0x29,0x10,0x0B,\
0x24,0x0B,0x18,0x40,0x0B,0x15,0x1B,0x38,0x40,0x0B,0x35,0xA5,0xD8,0xEE,0x7A,0x17,\
0x38,0x41,0x22,0x7E,0x03,0x38,0x26,0x7E,0x13,0x38,0x3F,0x7E,0x17,0x38,0x41,0x7E,\
0x29,0xB0,0x0B,0x24,0xBC,0xB1,0x38,0x0A,0x0B,0x35,0xA5,0xD8,0xF2,0x7A,0x17,0x38,\
0x41,0x22,0x0B,0x38,0x40,0x0B,0x35,0x7A,0x19,0x90,0x0B,0x14,0xA5,0xD8,0xE0,0x7A,\
0x17,0x38,0x41,0x22,0x7E,0x03,0x38,0x26,0x7E,0x17,0x38,0x41,0x0B,0x38,0x40,0xBD,\
0x42,0x68,0x0A,0x0B,0x35,0xA5,0xD8,0xF4,0x7A,0x17,0x38,0x41,0x22,0x7E,0x19,0x90,\
0x0B,0x14,0xBE,0x90,0x80,0x38,0x10,0x7E,0x80,0x00,0x1B,0x38,0x40,0x0B,0x35,0xA5,\
0xD8,0xDA,0x7A,0x17,0x38,0x41,0x22,0x7E,0x80,0xFF,0x1B,0x38,0x40,0x0B,0x35,0xA5,\
0xD8,0xCA,0x7A,0x17,0x38,0x41,0x22,0x7E,0x03,0x38,0x26,0x7E,0x13,0x38,0x3F,0x7E,\
0x87,0x38,0x41,0x7E,0x29,0xB0,0x0B,0x24,0xBC,0xB1,0x38,0x0A,0x0B,0x35,0xA5,0xD8,\
0xF2,0x7A,0x87,0x38,0x41,0x22,0x0B,0x38,0x10,0x0B,0x35,0x5E,0x20,0x0F,0xA5,0xD8,\
0x0A,0x1B,0x88,0x10,0x0B,0x85,0x7A,0x87,0x38,0x41,0x22,0x7E,0x29,0xB0,0x0B,0x24,\
0xBC,0xB1,0x38,0x0F,0x0B,0x35,0xA5,0xD8,0xF2,0x1B,0x88,0x10,0x0B,0x85,0x7A,0x87,\
0x38,0x41,0x22,0x0B,0x38,0x40,0x0B,0x35,0x5E,0x80,0x0F,0x7C,0xB8,0xC4,0x4C,0x2B,\
0x1B,0x88,0x10,0x0B,0x85,0x7A,0x89,0x90,0x0B,0x84,0xA5,0xD8,0xA6,0x7A,0x87,0x38,\
0x41,0x22,0x7E,0x03,0x38,0x26,0x7E,0x17,0x38,0x41,0x0B,0x38,0x40,0xBD,0x42,0x68,\
0x0A,0x0B,0x35,0xA5,0xD8,0xF4,0x7A,0x17,0x38,0x41,0x22,0x0B,0x18,0x40,0x0B,0x15,\
0x7C,0xB8,0x5E,0x44,0x0F,0xFF,0xBE,0x44,0x08,0x00,0x38,0x0D,0x1B,0x38,0x40,0x0B,\
0x35,0xA5,0xD8,0x16,0x7A,0x17,0x38,0x41,0x22,0x4E,0x44,0xF0,0x00,0x1B,0x38,0x40,\
0x0B,0x35,0xA5,0xD8,0x05,0x7A,0x17,0x38,0x41,0x22,0x0B,0x38,0x40,0xBD,0x42,0x68,\
0x0A,0x0B,0x35,0xA5,0xD8,0xF4,0x7A,0x17,0x38,0x41,0x22,0x7E,0x19,0x90,0x0B,0x14,\
0xC4,0x7C,0x8B,0x5E,0x44,0x0F,0xFF,0xBE,0x44,0x08,0x00,0x38,0x0D,0x1B,0x38,0x40,\
0x0B,0x35,0xA5,0xD8,0x95,0x7A,0x17,0x38,0x41,0x22,0x4E,0x44,0xF0,0x00,0x1B,0x38,\
0x40,0x0B,0x35,0xA5,0xD8,0x84,0x7A,0x17,0x38,0x41,0x22,0x7E,0x03,0x38,0x26,0x7E,\
0x13,0x38,0x3F,0x7E,0x17,0x38,0x41,0x7E,0x29,0xB0,0x0B,0x24,0xBC,0xB1,0x38,0x0A,\
0x0B,0x35,0xA5,0xD8,0xF2,0x7A,0x17,0x38,0x41,0x22,0x0B,0x38,0x40,0x0B,0x35,0x1B,\
0x18,0x40,0x0B,0x15,0xA5,0xD8,0xE0,0x7A,0x17,0x38,0x41,0x22,0x7E,0x03,0x38,0x26,\
0x7E,0x47,0x38,0x41,0x0B,0x38,0x50,0xBD,0x52,0x68,0x0C,0x0B,0x14,0x0B,0x35,0xA5,\
0xD8,0xF2,0x7A,0x47,0x38,0x41,0x22,0x7E,0x10,0x04,0x7A,0x19,0x10,0x0B,0x14,0x0B,\
0x48,0x50,0x0B,0x45,0x1B,0x38,0x50,0x0B,0x35,0xA5,0xD8,0xD8,0x7A,0x47,0x38,0x41,\
0x22,0xCA,0x3B,0x7E,0xB3,0x30,0xBA,0x60,0x2C,0x7E,0xB3,0x2E,0xF8,0x30,0xE7,0x25,\
0x7E,0xB3,0x2E,0x9B,0x30,0xE1,0x06,0x7E,0xB3,0x25,0xD7,0x70,0x18,0x7E,0xB3,0x26,\
0x3D,0xBE,0xB0,0x01,0x68,0x0F,0x7E,0x73,0x2D,0x4B,0xBE,0x70,0x04,0x50,0x06,0x7E,\
0xB3,0x30,0xBE,0x60,0x49,0xE4,0x7A,0xB3,0x2C,0xAD,0x7A,0xB3,0x26,0xB5,0x7A,0xB3,\
0x26,0xB6,0x7A,0xB3,0x2C,0xB3,0x7A,0xB3,0x26,0xE1,0x7A,0xB3,0x2C,0xAC,0x7A,0xB3,\
0x2C,0xAB,0x6D,0x33,0x7A,0x37,0x2C,0xA8,0x7E,0xB3,0x30,0xBE,0x70,0x03,0x02,0x0D,\
0x29,0xE4,0x7A,0xB3,0x26,0xB7,0x6D,0x33,0x7A,0x37,0x2C,0xB1,0x7A,0xB3,0x2C,0xB0,\
0x7E,0x34,0x26,0x8F,0x7E,0x24,0x00,0x25,0x12,0xDF,0x66,0x02,0x0D,0x29,0x7E,0xB3,\
0x2E,0xFB,0x30,0xE4,0x3B,0x7E,0x73,0x2E,0xEA,0x0A,0x37,0xBE,0x37,0x26,0x8C,0x18,\
0x24,0x7E,0x73,0x25,0xCB,0xBE,0x70,0x04,0x38,0x1B,0x7E,0xB3,0x25,0xCA,0x70,0x15,\
0x7E,0xB3,0x26,0xB7,0x04,0x7A,0xB3,0x26,0xB7,0x7E,0x73,0x26,0xB7,0xBE,0x70,0xC8,\
0x28,0x0E,0x02,0x0B,0xE6,0x7E,0xB3,0x26,0xB7,0x60,0x05,0x14,0x7A,0xB3,0x26,0xB7,\
0x7E,0x73,0x2E,0xEA,0x0A,0x37,0xBE,0x37,0x26,0x8C,0x08,0x0E,0xE4,0x7A,0xB3,0x34,\
0xFB,0x7E,0xB3,0x26,0xB6,0x60,0x17,0x14,0x80,0x10,0x74,0x01,0x7A,0xB3,0x34,0xFB,\
0x7E,0xB3,0x26,0xB6,0xBE,0xB0,0x08,0x50,0x05,0x04,0x7A,0xB3,0x26,0xB6,0x7E,0x73,\
0x2E,0xEA,0x0A,0x37,0xBE,0x37,0x26,0x8C,0x18,0x0C,0x7E,0x73,0x2E,0xE9,0x0A,0x37,\
0xBE,0x37,0x26,0x8C,0x58,0x04,0x74,0x01,0x80,0x02,0x74,0x02,0x7A,0xB3,0x34,0xFC,\
0x7E,0xA3,0x34,0xFC,0x7A,0xA3,0x34,0xFA,0x7E,0x37,0x26,0xBA,0x4D,0x33,0x78,0x05,\
0xE4,0x7A,0xB3,0x34,0xFA,0xBE,0xA3,0x26,0xB4,0x78,0x03,0xE4,0x80,0x0A,0x7E,0xB3,\
0x26,0xB5,0xBE,0xB0,0x08,0x50,0x07,0x04,0x7A,0xB3,0x26,0xB5,0x80,0x04,0x7A,0xA3,\
0x26,0xB4,0x7E,0xA3,0x34,0xFA,0xBE,0xA3,0x2C,0xAD,0x78,0x14,0x7E,0xB3,0x2C,0xAF,\
0xBE,0xB0,0x06,0x50,0x03,0x04,0x80,0x20,0x74,0x01,0x7A,0xB3,0x2C,0xAE,0x80,0x22,\
0x7E,0xB3,0x2C,0xAE,0x60,0x0B,0xBE,0xA0,0x01,0x68,0x06,0x7E,0xB3,0x34,0xFB,0x70,\
0x11,0x7E,0xB3,0x2C,0xAF,0x60,0x07,0x14,0x7A,0xB3,0x2C,0xAF,0x80,0x04,0x7A,0xA3,\
0x2C,0xAD,0x7E,0xB3,0x2C,0xAD,0x70,0x09,0xE4,0x7A,0xB3,0x2C,0xAE,0x7A,0xB3,0x2C,\
0xAF,0x7E,0xB3,0x2C,0xAD,0xBE,0xB0,0x01,0x68,0x05,0xE4,0x7A,0xB3,0x26,0xE1,0x7E,\
0xB3,0x2F,0x14,0x70,0x06,0x7E,0xB3,0x2F,0x15,0x60,0x3B,0x6C,0xAA,0x7E,0xB3,0x2C,\
0xAD,0xB4,0x01,0x13,0x7E,0xB3,0x2C,0xAC,0xBE,0xB0,0x01,0x68,0x07,0x7E,0xB3,0x2C,\
0xAA,0xB4,0x01,0x03,0x7E,0xA0,0x01,0xBE,0xA3,0x2C,0xAC,0x78,0x07,0xE4,0x7A,0xB3,\
0x2C,0xAB,0x80,0x12,0x7E,0xB3,0x2C,0xAB,0x04,0x7A,0xB3,0x2C,0xAB,0xBE,0xB0,0x08,\
0x28,0x04,0x7A,0xA3,0x2C,0xAC,0x7E,0xB3,0x2C,0xAD,0x60,0x0C,0x7E,0xB3,0x2C,0xB3,\
0xBE,0xB0,0x10,0x50,0x0E,0x04,0x80,0x07,0x7E,0xB3,0x2C,0xB3,0x60,0x05,0x14,0x7A,\
0xB3,0x2C,0xB3,0x7E,0xB3,0x2E,0xE6,0x54,0x7F,0x78,0x03,0x02,0x0B,0x4A,0x7E,0x37,\
0x2C,0xB1,0xBE,0x34,0x00,0x30,0x28,0x08,0xE4,0x7A,0xB3,0x2C,0xB0,0x02,0x0B,0x4A,\
0xE4,0x7A,0xB3,0x34,0xFD,0x7A,0xB3,0x34,0xFE,0x7E,0xB3,0x34,0xFB,0x60,0x4D,0x7E,\
0x24,0x26,0xBC,0x7D,0x32,0x7E,0xB3,0x31,0x11,0x12,0xD5,0x70,0x6D,0x33,0x80,0x2C,\
0x7E,0x37,0x34,0xF2,0x7D,0x23,0x3E,0x24,0x49,0x12,0x26,0x44,0x7E,0x53,0x2E,0xEA,\
0x0A,0x25,0xBD,0x12,0x08,0x14,0x09,0xB3,0x26,0xBC,0x70,0x08,0x74,0x01,0x7A,0xB3,\
0x34,0xFD,0x80,0x06,0x74,0x01,0x7A,0xB3,0x34,0xFE,0x0B,0x34,0x7A,0x37,0x34,0xF2,\
0x7E,0x73,0x31,0x11,0x0A,0x37,0xBE,0x37,0x34,0xF2,0x18,0xC4,0x7E,0xB3,0x34,0xFD,\
0x70,0x09,0x7E,0xB3,0x2C,0xB0,0x60,0x11,0x14,0x80,0x0A,0x7E,0xB3,0x2C,0xB0,0xBE,\
0xB0,0x10,0x50,0x05,0x04,0x7A,0xB3,0x2C,0xB0,0x7E,0xB3,0x34,0xFE,0xB4,0x01,0x0A,\
0x7E,0x37,0x2C,0xB1,0x0B,0x34,0x7A,0x37,0x2C,0xB1,0x7E,0xB3,0x2F,0x13,0x70,0x03,\
0x02,0x0B,0xF2,0x7E,0x37,0x2C,0xA8,0x0B,0x34,0x7A,0x37,0x2C,0xA8,0x7E,0xB3,0x34,\
0xFB,0x70,0x06,0x7E,0xB3,0x2C,0xAC,0x60,0x09,0x6D,0x33,0x7A,0x37,0x2C,0xA8,0x02,\
0x0B,0xF2,0x7E,0x37,0x2C,0xA8,0xBE,0x34,0x00,0x10,0x28,0x76,0x7E,0x77,0x25,0x13,\
0x6D,0x66,0x7E,0x73,0x2E,0x9D,0x0A,0x37,0x7A,0x37,0x34,0xF8,0x7E,0x73,0x2E,0xBA,\
0x6E,0x34,0xFF,0xFF,0x0B,0x34,0x6D,0x22,0x80,0x23,0x0B,0x3A,0x20,0x0B,0x75,0x7A,\
0x27,0x34,0xF6,0x7E,0x27,0x34,0xF8,0xBE,0x27,0x34,0xF6,0x48,0x24,0x6D,0x22,0x9D,\
0x23,0xBE,0x27,0x34,0xF6,0x18,0x1A,0x7E,0x27,0x34,0xF2,0x0B,0x24,0x7A,0x27,0x34,\
0xF2,0x7E,0x27,0x26,0x3B,0xBE,0x27,0x34,0xF2,0x38,0xCF,0x6D,0x33,0x7A,0x37,0x2C,\
0xA8,0x7E,0x27,0x2C,0xA8,0x74,0x06,0x1E,0x24,0x14,0x78,0xFB,0x7E,0x73,0x2F,0x13,\
0x0A,0x37,0xBD,0x32,0x18,0x0C,0x12,0xE1,0x66,0x74,0x01,0x7A,0xB3,0x30,0xBE,0x02,\
0x0D,0x29,0x7E,0xB3,0x2C,0xAD,0xB4,0x01,0x02,0x80,0x03,0x02,0x0C,0x96,0x7E,0xB3,\
0x2E,0x9C,0x30,0xE6,0x03,0x02,0x0C,0x96,0x7E,0xB3,0x26,0xE1,0x70,0x15,0x74,0x02,\
0x7A,0xB3,0x26,0xE1,0x7E,0x34,0x26,0xE2,0x6D,0x22,0x7E,0x17,0x26,0x3B,0x12,0xE0,\
0xB3,0x80,0x64,0x7E,0xB3,0x26,0xB6,0x70,0x5E,0x7E,0x34,0x26,0xBC,0x7E,0x24,0x26,\
0x8F,0x7E,0xB3,0x31,0x11,0x12,0xD5,0x70,0x6D,0x33,0x7A,0x37,0x34,0xF4,0x80,0x37,\
0x7E,0x37,0x34,0xF2,0x09,0xB3,0x26,0xBC,0x70,0x19,0x7E,0x27,0x34,0xF4,0x3E,0x24,\
0x7D,0x32,0x2E,0x34,0x26,0xE2,0x2E,0x27,0x25,0x13,0x7E,0x33,0x31,0x10,0x0A,0x13,\
0x12,0xC0,0xD4,0x7E,0x73,0x31,0x10,0x0A,0x37,0x2E,0x37,0x34,0xF4,0x7A,0x37,0x34,\
0xF4,0x7E,0x37,0x34,0xF2,0x0B,0x34,0x7A,0x37,0x34,0xF2,0x7E,0x73,0x31,0x11,0x0A,\
0x37,0xBE,0x37,0x34,0xF2,0x18,0xB9,0x7E,0x37,0x25,0x13,0x7E,0x24,0x26,0xE2,0x7E,\
0x17,0x26,0x3B,0x12,0xDC,0x67,0x7E,0xB3,0x2E,0xF8,0x20,0xE6,0x2D,0x7E,0x73,0x2E,\
0xE7,0x0A,0x37,0x7A,0x37,0x34,0xF8,0x7E,0x37,0x26,0xBA,0x4D,0x33,0x78,0x1B,0x7E,\
0x37,0x34,0xF8,0xBE,0x37,0x26,0xB8,0x08,0x11,0x7E,0x34,0x2C,0xB7,0x7E,0x24,0x26,\
0x44,0x7E,0x33,0x31,0x11,0x0A,0x13,0x12,0xC0,0xD4,0x7E,0xB3,0x34,0xFA,0x12,0x81,\
0xAB,0x7E,0xB3,0x2D,0x48,0x60,0x52,0x7E,0x77,0x25,0x13,0x6D,0x66,0x7E,0x73,0x2E,\
0xBF,0x0A,0x37,0x7A,0x37,0x34,0xF8,0x6D,0x33,0x6D,0x22,0x80,0x25,0x0B,0x3A,0x20,\
0x0B,0x75,0x7A,0x27,0x34,0xF6,0x7E,0x27,0x34,0xF8,0xBE,0x27,0x34,0xF6,0x58,0x0C,\
0x0B,0x34,0x7E,0x53,0x2E,0xE5,0x0A,0x25,0xBD,0x23,0x28,0x1D,0x7E,0x27,0x34,0xF2,\
0x0B,0x24,0x7A,0x27,0x34,0xF2,0x7E,0x27,0x26,0x3B,0xBE,0x27,0x34,0xF2,0x38,0xCD,\
0xE4,0x7A,0xB3,0x2D,0x48,0x7A,0xB3,0x2D,0x47,0xDA,0x3B,0x22,0xCA,0x3B,0x7E,0xB3,\
0x25,0xD4,0x70,0x18,0x7E,0x73,0x2E,0xD9,0x0A,0x37,0x3E,0x34,0x3E,0x34,0x3E,0x34,\
0x3E,0x34,0x7A,0x37,0x25,0xEE,0x74,0x01,0x7A,0xB3,0x25,0xD4,0x7E,0xB3,0x26,0x0C,\
0xB4,0xFF,0x08,0x7E,0x73,0x26,0x0B,0x7A,0x73,0x26,0x0C,0x7E,0xB3,0x25,0xD5,0x12,\
0xE1,0xDB,0x7A,0xB3,0x25,0xD5,0x7E,0xB3,0x25,0xD6,0x12,0xE1,0xDB,0x7A,0xB3,0x25,\
0xD6,0x7E,0xB3,0x25,0xD7,0x12,0xE1,0xDB,0x7A,0xB3,0x25,0xD7,0x7E,0x77,0x25,0xE5,\
0x7E,0x47,0x25,0xE3,0xBD,0x47,0x08,0x29,0x7D,0x37,0x1A,0x26,0x1A,0x24,0x7E,0x14,\
0x00,0x03,0x12,0x8B,0x81,0x7F,0x01,0x7D,0x34,0x1A,0x26,0x1A,0x24,0x2F,0x10,0x74,\
0x02,0x1E,0x34,0x0E,0x24,0x50,0x03,0x4E,0x60,0x80,0x14,0x78,0xF4,0x7D,0x73,0x80,\
0x25,0x7D,0x34,0x1A,0x26,0x1A,0x24,0x7E,0x14,0x00,0x03,0x12,0x8B,0x81,0x7D,0x17,\
0x1A,0x02,0x1A,0x00,0x2F,0x10,0x74,0x02,0x1E,0x34,0x0E,0x24,0x50,0x03,0x4E,0x60,\
0x80,0x14,0x78,0xF4,0x7D,0x73,0x7A,0x77,0x25,0xE5,0x7A,0x77,0x25,0xE3,0x7E,0x77,\
0x25,0xE7,0x7D,0x17,0x1A,0x0E,0x1A,0x00,0x7E,0x37,0x25,0xE9,0x1A,0x26,0x1A,0x24,\
0x2F,0x10,0x1E,0x34,0x0E,0x24,0x50,0x03,0x4E,0x60,0x80,0x7A,0x37,0x25,0xE7,0x7A,\
0x37,0x25,0xE9,0x7E,0x77,0x25,0xE7,0x7E,0x73,0x2E,0xEF,0x0A,0x67,0x6C,0x99,0x4D,\
0x66,0x68,0x54,0x7D,0x36,0x3E,0x34,0x3E,0x34,0x3E,0x34,0x6E,0x34,0xFF,0xFF,0x0B,\
0x34,0xBD,0x37,0x08,0x02,0x80,0x3D,0x7D,0x36,0x3E,0x34,0x6E,0x34,0xFF,0xFF,0x0B,\
0x34,0xBD,0x37,0x08,0x32,0x7D,0x37,0x1A,0x26,0x1A,0x24,0x7E,0x83,0x2E,0xF3,0x0A,\
0x18,0x6D,0x00,0x12,0x8B,0x70,0x74,0x05,0x7F,0x01,0x1E,0x14,0x0E,0x04,0x50,0x03,\
0x4E,0x20,0x80,0x14,0x78,0xF4,0x6D,0x33,0x9E,0x37,0x25,0xE5,0x1A,0x26,0x1A,0x24,\
0xBF,0x01,0x58,0x03,0x7E,0x90,0x01,0x4C,0x99,0x68,0x0F,0x7E,0xB3,0x25,0xD7,0x70,\
0x09,0x7E,0xB3,0x25,0xED,0x12,0xE1,0xE7,0x80,0x01,0xE4,0x7A,0xB3,0x25,0xED,0x7E,\
0x73,0x2E,0xBA,0x0A,0x67,0x7E,0xB3,0x2E,0x9B,0x20,0xE0,0x0C,0x7E,0xB3,0x25,0xDD,\
0x70,0x06,0x7E,0x73,0x2E,0xE4,0x0A,0x67,0x6D,0x33,0x9D,0x36,0xBD,0x37,0x08,0x64,\
0x74,0x01,0x7A,0xB3,0x25,0xD1,0x7E,0x37,0x25,0xE5,0x2D,0x73,0x6D,0x33,0x9D,0x36,\
0xBD,0x37,0x08,0x06,0x74,0x02,0x7A,0xB3,0x25,0xD1,0x7E,0xB3,0x2E,0x9B,0x30,0xE2,\
0x48,0x7E,0xB3,0x30,0xBA,0x60,0x42,0x7E,0xB3,0x25,0xC6,0x60,0x0F,0x7E,0x73,0x2E,\
0xF2,0xBE,0x73,0x25,0xD3,0x50,0x05,0xE4,0x7A,0xB3,0x25,0xD2,0x7E,0xB3,0x25,0xD2,\
0x12,0xE1,0xE7,0x7A,0xB3,0x34,0xF1,0x7A,0xB3,0x25,0xD2,0x7E,0xF3,0x34,0xF1,0xBE,\
0xF0,0x05,0x78,0x03,0x12,0xE3,0x0E,0xBE,0xF0,0x20,0x40,0x0D,0x74,0x01,0x7A,0xB3,\
0x31,0x09,0x80,0x05,0xE4,0x7A,0xB3,0x25,0xD1,0x7E,0x37,0x25,0xEE,0xBE,0x34,0x00,\
0x00,0x08,0x32,0xBE,0x34,0x0F,0xF0,0x68,0x06,0x1B,0x34,0x7A,0x37,0x25,0xEE,0x7E,\
0xB3,0x25,0xED,0x7A,0xB3,0x34,0xF1,0xB4,0x05,0x03,0x12,0xE3,0x0E,0x7E,0xB3,0x30,\
0xBA,0x60,0x12,0x7E,0x73,0x34,0xF1,0xBE,0x70,0x20,0x40,0x09,0x12,0xE1,0x66,0x74,\
0x01,0x7A,0xB3,0x30,0xBE,0x7E,0x73,0x25,0xD1,0x4C,0x77,0x68,0x27,0xBE,0x70,0x01,\
0x28,0x08,0x7E,0x34,0x00,0x1E,0x7A,0x37,0x25,0xC3,0x7E,0x37,0x25,0xC1,0x4D,0x33,\
0x78,0x0A,0x7E,0xB3,0x25,0xD1,0x24,0x80,0x7A,0xB3,0x25,0xD1,0x7E,0x34,0x00,0x78,\
0x7A,0x37,0x25,0xC1,0x7E,0x37,0x25,0xC1,0xBE,0x34,0x00,0x00,0x08,0x31,0x7E,0xB3,\
0x30,0xBE,0x60,0x0E,0xBE,0x34,0x00,0x07,0x08,0x08,0x7E,0x34,0x00,0x07,0x7A,0x37,\
0x25,0xC1,0x7E,0x37,0x25,0xC1,0x1B,0x34,0x7A,0x37,0x25,0xC1,0x7E,0xB3,0x2E,0x9B,\
0x20,0xE2,0x17,0x7E,0x37,0x25,0xC1,0xBE,0x34,0x00,0x00,0x08,0x0D,0x80,0x06,0x7E,\
0xB3,0x2C,0xAD,0x60,0x05,0xE4,0x7A,0xB3,0x25,0xCB,0x7E,0x37,0x25,0xC3,0xBE,0x34,\
0x00,0x00,0x08,0x06,0x1B,0x34,0x7A,0x37,0x25,0xC3,0x7E,0xB3,0x25,0xC6,0x70,0x03,\
0xE4,0x80,0x07,0x7E,0xB3,0x25,0xDA,0x12,0xE1,0xE7,0x7A,0xB3,0x25,0xDA,0x12,0xE0,\
0x72,0x12,0x08,0xA1,0x7E,0xB3,0x2C,0xB4,0x12,0xE1,0xDB,0x7A,0xB3,0x2C,0xB4,0x7E,\
0xB3,0x2C,0xAD,0xB4,0x01,0x06,0x74,0x28,0x7A,0xB3,0x2C,0xB4,0x7E,0xB3,0x2E,0xF8,\
0x20,0xE7,0x08,0x7E,0x37,0x25,0xC1,0x7A,0x73,0x2C,0xB4,0x12,0x5E,0xE7,0x7E,0xB3,\
0x2E,0x9B,0x20,0xE0,0x0B,0x7E,0xB3,0x25,0xDD,0x60,0x05,0xE4,0x7A,0xB3,0x25,0xCB,\
0x7E,0xB3,0x25,0xCA,0x70,0x1D,0x7E,0xB3,0x25,0xCB,0x12,0xE1,0xE7,0x7A,0xB3,0x25,\
0xCB,0x7E,0xB3,0x25,0xC7,0x12,0xE1,0xE7,0x7A,0xB3,0x25,0xC7,0xE4,0x7A,0xB3,0x25,\
0xDB,0x80,0x09,0xE4,0x7A,0xB3,0x25,0xCB,0x7A,0xB3,0x25,0xC7,0x7E,0xB3,0x25,0xD1,\
0x7E,0x73,0x25,0xCA,0x12,0x4E,0x77,0x60,0x09,0x12,0xE1,0x66,0x74,0x01,0x7A,0xB3,\
0x30,0xBE,0x7E,0x73,0x2D,0x4B,0xBE,0x70,0x03,0x40,0x05,0xE4,0x7A,0xB3,0x25,0xC5,\
0xE4,0x7A,0xB3,0x25,0xF0,0x7A,0xB3,0x25,0xF1,0x7A,0xB3,0x25,0xF2,0x7E,0x73,0x25,\
0xC5,0xBE,0x70,0x00,0x28,0x18,0x7E,0x73,0x26,0x2B,0xBE,0x70,0x00,0x08,0x07,0xE4,\
0x7A,0xB3,0x25,0xC5,0x80,0x0E,0x12,0xD6,0x80,0x12,0xBB,0xA9,0x80,0x06,0x74,0x06,\
0x7A,0xB3,0x25,0xD3,0x12,0xBA,0x61,0x12,0xDC,0x85,0x12,0xCB,0x14,0x7A,0x73,0x25,\
0xC6,0x7E,0xB3,0x2E,0x9B,0x30,0xE5,0x57,0x7E,0xB3,0x25,0xF3,0x70,0x06,0x7E,0xB3,\
0x2D,0x48,0x60,0x06,0x74,0x01,0x7A,0xB3,0x25,0xF4,0x7E,0xB3,0x25,0xC6,0x70,0x0E,\
0x7E,0x73,0x25,0xC7,0xBE,0x70,0x09,0x28,0x05,0xE4,0x7A,0xB3,0x25,0xF4,0x7E,0xB3,\
0x2E,0xF8,0x30,0xE1,0x2A,0x7E,0xB3,0x25,0xC6,0x70,0x24,0x7E,0xB3,0x2C,0xB6,0xB4,\
0x02,0x1D,0xE4,0x7A,0xB3,0x25,0xF3,0x7A,0xB3,0x25,0xDB,0x7A,0xB3,0x25,0xF4,0x6C,\
0xAA,0xE4,0x0A,0x4A,0x19,0xB4,0x33,0xC1,0x0B,0xA0,0xBE,0xA0,0x0A,0x78,0xF2,0xE4,\
0x7A,0xB3,0x25,0xC9,0x7E,0x73,0x25,0xCB,0xBE,0x70,0x0A,0x28,0x36,0x7E,0xB3,0x25,\
0xE2,0x70,0x22,0x7E,0xB3,0x25,0xC8,0xBE,0xB0,0x00,0x28,0x07,0x14,0x7A,0xB3,0x25,\
0xC8,0x80,0x12,0x7E,0x37,0x25,0xBD,0xBE,0x34,0x00,0x0C,0x08,0x08,0x7E,0x73,0x2E,\
0xC2,0x7A,0x73,0x25,0xC8,0x7E,0xB3,0x25,0xC8,0x70,0x0D,0x74,0x01,0x7A,0xB3,0x25,\
0xC9,0x80,0x05,0xE4,0x7A,0xB3,0x25,0xC8,0xDA,0x3B,0x22,0xCA,0x3B,0x7C,0xFB,0x7E,\
0xB3,0x25,0xCA,0x70,0x05,0xE4,0x7A,0xB3,0x26,0x09,0x7E,0x73,0x25,0xC6,0xBE,0x70,\
0x03,0x50,0x08,0x7E,0xB3,0x2E,0xFE,0x54,0x7C,0x78,0x06,0x74,0x01,0x7A,0xB3,0x26,\
0x09,0x7E,0xB3,0x2E,0xBC,0xB4,0xFF,0x0F,0x7E,0xB3,0x26,0x09,0x60,0x09,0x74,0x03,\
0x7A,0xB3,0x26,0x09,0x02,0x15,0x63,0x7E,0xB3,0x26,0x0A,0x70,0x03,0x02,0x15,0x63,\
0x6C,0xEE,0xE4,0x1A,0x3E,0x19,0xB3,0x34,0xFD,0x0B,0xE0,0xBE,0xE0,0x0A,0x48,0xF2,\
0x7E,0x64,0x2D,0x9C,0x6C,0xEE,0x02,0x13,0x5F,0x09,0xB6,0x00,0x09,0x60,0x0B,0x09,\
0xB6,0x00,0x08,0x54,0x03,0x78,0x03,0x02,0x13,0x59,0xE4,0x7A,0xB3,0x35,0x07,0x7E,\
0x34,0x00,0xFF,0x7A,0x37,0x34,0xF7,0x7A,0xB3,0x34,0xF6,0x7E,0x73,0x34,0xF6,0x1A,\
0x37,0x7E,0x14,0x00,0x0E,0xAD,0x13,0x7D,0x21,0x2E,0x24,0x33,0xCB,0x7A,0x27,0x34,\
0xF4,0x7E,0x29,0xB0,0x70,0x03,0x02,0x12,0xF6,0x7E,0x27,0x34,0xF4,0x09,0xB2,0x00,\
0x01,0xB4,0x01,0x22,0x09,0xB6,0x00,0x09,0x60,0x03,0x02,0x12,0xF6,0x09,0x56,0x00,\
0x04,0xBE,0x53,0x2E,0xBC,0x40,0x03,0x02,0x12,0xF6,0x09,0xB3,0x32,0xEF,0xB4,0x02,\
0x02,0x80,0x03,0x02,0x12,0xF6,0x7E,0x37,0x34,0xF4,0x09,0x73,0x00,0x03,0x7A,0x73,\
0x35,0x08,0x7E,0x37,0x34,0xF4,0x09,0x73,0x00,0x04,0x7A,0x73,0x35,0x09,0x7E,0x37,\
0x34,0xF4,0x09,0x73,0x00,0x05,0x7A,0x73,0x35,0x0A,0x7E,0x37,0x34,0xF4,0x09,0x73,\
0x00,0x06,0x7A,0x73,0x35,0x0B,0xE4,0x7A,0xB3,0x34,0xFC,0x7E,0x37,0x34,0xF4,0x09,\
0xB3,0x00,0x02,0x30,0xE1,0x06,0x74,0x01,0x7A,0xB3,0x34,0xFC,0x09,0xB6,0x00,0x04,\
0xB4,0x01,0x09,0x7E,0xB3,0x34,0xFC,0x04,0x7A,0xB3,0x34,0xFC,0x7D,0x36,0x7E,0xB3,\
0x35,0x08,0x7E,0x53,0x35,0x09,0x7E,0x43,0x35,0x0A,0x7E,0xA3,0x35,0x0B,0x0A,0x1A,\
0x7E,0x13,0x34,0xFC,0x12,0xBF,0x54,0x60,0x5D,0x7E,0xA3,0x34,0xF6,0x1A,0x3A,0x09,\
0xB3,0x33,0x0D,0x0A,0x3B,0x09,0xB6,0x00,0x04,0x0A,0x2B,0x9D,0x32,0x7A,0x37,0x34,\
0xF9,0xBE,0x34,0x00,0x00,0x58,0x0A,0x6D,0x33,0x9E,0x37,0x34,0xF9,0x7A,0x37,0x34,\
0xF9,0x7E,0x37,0x34,0xF4,0x09,0xB3,0x00,0x01,0xB4,0x01,0x0A,0x7E,0x27,0x34,0xF9,\
0xBE,0x24,0x00,0x0A,0x18,0x20,0x7E,0x47,0x34,0xF9,0xBE,0x47,0x34,0xF7,0x58,0x16,\
0x7A,0x47,0x34,0xF7,0x0A,0x2B,0x3E,0x24,0x3E,0x24,0x3E,0x24,0x3E,0x24,0x1A,0x3A,\
0x2D,0x32,0x7A,0x73,0x35,0x07,0x7E,0xB3,0x34,0xF6,0x04,0x7A,0xB3,0x34,0xF6,0x7E,\
0x73,0x34,0xF6,0xBE,0x70,0x0A,0x58,0x03,0x02,0x11,0xDB,0x7E,0xB3,0x35,0x07,0x60,\
0x48,0x54,0x30,0x7A,0xB3,0x34,0xFB,0x7D,0x26,0x2E,0x24,0x00,0x08,0x7E,0x29,0x70,\
0x4E,0x73,0x34,0xFB,0x7A,0x29,0x70,0x7E,0xB3,0x34,0xFB,0x30,0xE5,0x2B,0x09,0xB6,\
0x00,0x09,0x60,0x0A,0x7E,0xB3,0x35,0x07,0x24,0x80,0x7A,0xB3,0x35,0x07,0x7E,0x73,\
0x35,0x07,0x19,0x76,0x00,0x09,0x7E,0xB3,0x35,0x07,0x54,0x0F,0x0A,0x3B,0x2E,0x34,\
0x34,0xFD,0x7E,0x39,0xB0,0x04,0x7A,0x39,0xB0,0x2E,0x64,0x00,0x0E,0x0B,0xE0,0xBC,\
0xFE,0x08,0x03,0x02,0x11,0xB9,0x6C,0xEE,0x1A,0x3E,0x09,0xB3,0x34,0xFD,0x70,0x03,\
0x02,0x14,0x93,0x7E,0x64,0x2D,0x9C,0x9F,0x11,0x7A,0x37,0x34,0xF2,0xE4,0x02,0x14,\
0x86,0x09,0xB6,0x00,0x09,0x7A,0xB3,0x35,0x07,0x54,0x30,0x7A,0xB3,0x34,0xFB,0x78,\
0x03,0x02,0x14,0x7D,0x7E,0xB3,0x35,0x07,0x54,0x0F,0xBC,0xBE,0x68,0x03,0x02,0x14,\
0x7D,0xE4,0x19,0xB6,0x00,0x09,0x7E,0xB3,0x35,0x07,0x30,0xE7,0x10,0x1A,0x3E,0x09,\
0x73,0x34,0xFD,0xBE,0x70,0x01,0x28,0x05,0xE4,0x19,0xB6,0x00,0x04,0x7E,0x37,0x34,\
0xF2,0x4D,0x33,0x78,0x07,0x7A,0x67,0x34,0xF2,0x02,0x14,0x7D,0x74,0x01,0x19,0xB6,\
0x00,0x09,0x7E,0x37,0x34,0xF2,0x2E,0x34,0x00,0x08,0x7E,0x39,0xB0,0x44,0x80,0x7A,\
0x39,0xB0,0x09,0x66,0x00,0x04,0x7E,0x27,0x34,0xF2,0x0B,0x26,0x7E,0x29,0x70,0x2C,\
0x76,0x7A,0x29,0x70,0x09,0x66,0x00,0x06,0x7E,0x27,0x34,0xF2,0x2E,0x24,0x00,0x06,\
0x7E,0x29,0x70,0x2C,0x76,0x7A,0x29,0x70,0x7E,0x69,0x50,0x7E,0x37,0x34,0xF2,0x7E,\
0x39,0x40,0xBC,0x45,0x28,0x03,0x7A,0x39,0x50,0x09,0x76,0x00,0x01,0x7E,0x27,0x34,\
0xF2,0x09,0x62,0x00,0x01,0xBC,0x67,0x50,0x04,0x19,0x72,0x00,0x01,0x09,0x76,0x00,\
0x02,0x7E,0x27,0x34,0xF2,0x09,0x62,0x00,0x02,0xBC,0x67,0x28,0x04,0x19,0x72,0x00,\
0x02,0x09,0x76,0x00,0x03,0x7E,0x27,0x34,0xF2,0x09,0x62,0x00,0x03,0xBC,0x67,0x50,\
0x04,0x19,0x72,0x00,0x03,0x49,0x36,0x00,0x0A,0x7E,0x27,0x34,0xF2,0x49,0x12,0x00,\
0x0A,0xBD,0x13,0x58,0x04,0x59,0x32,0x00,0x0A,0x49,0x36,0x00,0x0C,0x7E,0x27,0x34,\
0xF2,0x49,0x12,0x00,0x0C,0xBD,0x13,0x08,0x04,0x59,0x32,0x00,0x0C,0x2E,0x64,0x00,\
0x0E,0x7E,0xB3,0x34,0xF6,0x04,0x7A,0xB3,0x34,0xF6,0xBE,0xF3,0x34,0xF6,0x08,0x03,\
0x02,0x13,0x81,0x0B,0xE0,0xBE,0xE0,0x0A,0x58,0x03,0x02,0x13,0x68,0x7E,0xB3,0x2E,\
0xFE,0x54,0x03,0x7A,0xB3,0x34,0xFC,0x78,0x03,0x02,0x15,0x63,0x7E,0x73,0x2E,0xFD,\
0x3E,0x70,0x0A,0x37,0x7A,0x37,0x35,0x0C,0x7E,0x64,0x2D,0x9C,0x6C,0xEE,0x02,0x15,\
0x5C,0x09,0xB6,0x00,0x08,0x54,0x30,0x7A,0xB3,0x34,0xFB,0x09,0xB6,0x00,0x09,0x60,\
0x03,0x02,0x15,0x56,0x7E,0xB3,0x34,0xFB,0x30,0xE5,0x7B,0x7E,0x34,0x2D,0x9C,0x7A,\
0x37,0x34,0xF2,0xE4,0x80,0x66,0x7E,0x17,0x34,0xF2,0x09,0xB1,0x00,0x09,0x70,0x4B,\
0x09,0xB1,0x00,0x08,0x54,0x30,0x78,0x43,0x09,0x71,0x00,0x04,0xBE,0x73,0x2E,0xBC,\
0x50,0x39,0x7E,0xB3,0x34,0xFB,0xBE,0xB0,0x30,0x68,0x0A,0x49,0x01,0x00,0x0A,0xBE,\
0x07,0x35,0x0C,0x58,0x26,0x7D,0x36,0x7E,0x19,0xB0,0x09,0x51,0x00,0x01,0x09,0x41,\
0x00,0x02,0x09,0xA1,0x00,0x03,0x0A,0x1A,0x7E,0x13,0x34,0xFC,0x12,0xBF,0x54,0x60,\
0x0A,0x74,0x01,0x7E,0x37,0x34,0xF2,0x19,0xB3,0x00,0x09,0x7E,0x37,0x34,0xF2,0x2E,\
0x34,0x00,0x0E,0x7A,0x37,0x34,0xF2,0x7E,0xB3,0x34,0xF6,0x04,0x7A,0xB3,0x34,0xF6,\
0xBE,0xF3,0x34,0xF6,0x18,0x90,0x2E,0x64,0x00,0x0E,0x0B,0xE0,0xBC,0xFE,0x08,0x03,\
0x02,0x14,0xC1,0xDA,0x3B,0x22,0xCA,0x3B,0x7E,0x73,0x2E,0xDC,0x0A,0x77,0x4D,0x77,\
0x78,0x04,0x7E,0x74,0x20,0x00,0x6C,0xDD,0x7E,0x70,0x0E,0xAC,0x7D,0x2E,0x34,0x34,\
0x5B,0x7A,0x37,0x35,0x0C,0x0A,0x3D,0x09,0xB3,0x32,0xF9,0x70,0x03,0x02,0x19,0x3E,\
0x7E,0x34,0x34,0xFE,0x7E,0x27,0x35,0x0C,0x74,0x0E,0x12,0xDF,0x52,0x0A,0x3D,0x09,\
0xB3,0x33,0x5D,0x7E,0x70,0x03,0xAC,0xB7,0x7C,0xCB,0x74,0x02,0xAC,0xBC,0x49,0x45,\
0x25,0x5D,0x7A,0x47,0x34,0xF2,0x49,0x35,0x25,0x5F,0x7A,0x37,0x34,0xF4,0x7E,0x70,\
0x04,0xAC,0x7D,0x2E,0x34,0x00,0x03,0x7C,0xC7,0x0A,0x3D,0x09,0xB3,0x32,0xEF,0xB4,\
0x01,0x4F,0x7E,0xB3,0x34,0xFE,0x70,0x19,0x74,0x01,0x7A,0xB3,0x34,0xFE,0x7E,0x37,\
0x34,0xF2,0x7A,0x37,0x35,0x08,0x7E,0x37,0x34,0xF4,0x7A,0x37,0x35,0x0A,0x02,0x19,\
0x31,0x7E,0xB3,0x34,0xFF,0x04,0x7A,0xB3,0x34,0xFF,0x7E,0x17,0x34,0xF2,0x1A,0x02,\
0x1A,0x00,0x7E,0x1F,0x35,0x00,0x2F,0x10,0x7A,0x1F,0x35,0x00,0x7E,0x17,0x34,0xF4,\
0x1A,0x02,0x1A,0x00,0x7E,0x1F,0x35,0x04,0x2F,0x10,0x7A,0x1F,0x35,0x04,0x02,0x19,\
0x31,0x7E,0x73,0x34,0xFE,0xBE,0x70,0x01,0x28,0x03,0x02,0x17,0xE7,0x7E,0x17,0x34,\
0xF2,0x7A,0x17,0x34,0xF6,0x7E,0xD7,0x34,0xF4,0x7A,0xD7,0x34,0xF8,0x1A,0x02,0x1A,\
0x00,0x7E,0x1F,0x35,0x00,0x2F,0x10,0x7E,0x33,0x34,0xFF,0x0A,0xF3,0x6D,0xEE,0x0B,\
0x7C,0x7F,0x07,0x12,0x8B,0xDD,0x7A,0x37,0x34,0xF2,0x7D,0x1D,0x1A,0x02,0x1A,0x00,\
0x7E,0x1F,0x35,0x04,0x2F,0x10,0x7F,0x07,0x12,0x8B,0xDD,0x7A,0x37,0x34,0xF4,0x7E,\
0x37,0x34,0x57,0x7A,0x37,0x34,0xFA,0x7E,0x37,0x34,0x59,0x7A,0x37,0x34,0xFC,0x7E,\
0xB3,0x25,0xC6,0x60,0x03,0x02,0x17,0x22,0x7E,0x17,0x34,0xFA,0xBE,0x14,0x80,0x00,\
0x78,0x03,0x02,0x17,0x22,0x7E,0x37,0x34,0xF2,0x7E,0x27,0x34,0xF4,0x7E,0x07,0x34,\
0xFC,0x12,0xDC,0xBF,0x7E,0xA3,0x2E,0xC8,0x7C,0xBA,0x54,0x7F,0x0A,0x2B,0xBD,0x32,\
0x38,0x70,0x7C,0xBA,0x30,0xE7,0x0F,0x7E,0x37,0x34,0xFA,0x7A,0x37,0x34,0xF2,0x7E,\
0x37,0x34,0xFC,0x02,0x17,0x70,0x7E,0x37,0x34,0xFA,0x1A,0x26,0x1A,0x24,0x7E,0x44,\
0x00,0x3F,0x7D,0x14,0x12,0x8B,0x81,0x7E,0x17,0x34,0xF2,0x1A,0x02,0x1A,0x00,0x2F,\
0x10,0x2E,0x18,0x00,0x20,0x74,0x06,0x1E,0x34,0x0E,0x24,0x50,0x03,0x4E,0x60,0x80,\
0x14,0x78,0xF4,0x7A,0x37,0x34,0xF2,0x7E,0x37,0x34,0xFC,0x1A,0x26,0x1A,0x24,0x7D,\
0x14,0x12,0x8B,0x81,0x7E,0x17,0x34,0xF4,0x1A,0x02,0x1A,0x00,0x2F,0x10,0x2E,0x18,\
0x00,0x20,0x74,0x06,0x1E,0x34,0x0E,0x24,0x50,0x03,0x4E,0x60,0x80,0x14,0x78,0xF4,\
0x80,0x4E,0x7E,0xB3,0x34,0xFE,0xB4,0x01,0x4B,0x7E,0x37,0x35,0x08,0x7E,0x27,0x35,\
0x0A,0x7E,0x17,0x34,0xF6,0x7E,0x07,0x34,0xF8,0x12,0xDC,0xBF,0xBD,0x37,0x40,0x34,\
0x74,0x03,0x7A,0xB3,0x34,0xFE,0x7E,0x37,0x34,0xF6,0x7E,0x27,0x35,0x08,0x12,0xE0,\
0xA3,0x7A,0x37,0x35,0x00,0x7E,0x37,0x34,0xF8,0x7E,0x27,0x35,0x0A,0x12,0xE0,0xA3,\
0x7A,0x37,0x35,0x04,0x7E,0x37,0x34,0xF6,0x7A,0x37,0x34,0xF2,0x7E,0x37,0x34,0xF8,\
0x7A,0x37,0x34,0xF4,0x7E,0xB3,0x34,0xFE,0xBE,0xB0,0x03,0x68,0x52,0x7E,0x47,0x34,\
0xF2,0x74,0x02,0xAC,0xBD,0x59,0x45,0x33,0x17,0x7E,0x47,0x34,0xF4,0x74,0x02,0xAC,\
0xBD,0x59,0x45,0x33,0x2B,0x7C,0xBD,0x7E,0x37,0x34,0xF2,0x7E,0x27,0x34,0xF4,0x12,\
0xCC,0xBA,0x7C,0xBD,0x7E,0x37,0x34,0xF2,0x7E,0x27,0x34,0xF4,0x12,0xD7,0xD3,0x74,\
0x02,0x7A,0xB3,0x34,0xFE,0x6D,0x33,0x7A,0x37,0x35,0x00,0x7A,0x37,0x35,0x04,0x7E,\
0x37,0x34,0xF2,0x7A,0x37,0x35,0x08,0x7E,0x37,0x34,0xF4,0x7A,0x37,0x35,0x0A,0x7E,\
0x47,0x35,0x08,0x74,0x02,0xAC,0xBC,0x59,0x45,0x31,0xB9,0x7E,0x47,0x35,0x0A,0x74,\
0x02,0xAC,0xBC,0x59,0x45,0x32,0x09,0x74,0x02,0xAC,0xBC,0x49,0x45,0x31,0xB9,0x74,\
0x02,0xAC,0xBD,0x59,0x45,0x32,0x59,0x7A,0x47,0x34,0xFA,0x74,0x02,0xAC,0xBC,0x49,\
0x45,0x32,0x09,0x74,0x02,0xAC,0xBD,0x59,0x45,0x32,0x6D,0x7A,0x47,0x34,0xFC,0x7E,\
0xB3,0x34,0xFE,0xB4,0x02,0x1D,0x7E,0x37,0x35,0x08,0x7E,0x27,0x35,0x0A,0x7E,0x17,\
0x34,0xFA,0x7E,0x07,0x34,0xFC,0x12,0xDC,0xBF,0xBD,0x37,0x40,0x06,0x74,0x03,0x7A,\
0xB3,0x34,0xFE,0x7E,0xB3,0x34,0xFE,0xB4,0x03,0x36,0x7E,0x37,0x34,0xF2,0x7E,0x27,\
0x34,0xFA,0x7E,0x17,0x35,0x08,0x7E,0x07,0x35,0x00,0x12,0xC2,0x43,0x74,0x02,0xAC,\
0xBD,0x59,0x35,0x32,0x59,0x7E,0x37,0x34,0xF4,0x7E,0x27,0x34,0xFC,0x7E,0x17,0x35,\
0x0A,0x7E,0x07,0x35,0x04,0x12,0xC2,0x43,0x74,0x02,0xAC,0xBD,0x59,0x35,0x32,0x6D,\
0x7E,0x37,0x34,0xF2,0x7E,0x27,0x35,0x08,0x12,0xE0,0xA3,0x7D,0x53,0x1A,0x46,0x1A,\
0x48,0x7E,0x37,0x35,0x00,0x1A,0x26,0x1A,0x24,0x7E,0x14,0x00,0x03,0x12,0x8B,0x81,\
0x2F,0x12,0x74,0x02,0x1E,0x34,0x0E,0x24,0x50,0x03,0x4E,0x60,0x80,0x14,0x78,0xF4,\
0x7A,0x37,0x35,0x00,0x7E,0x37,0x34,0xF4,0x7E,0x27,0x35,0x0A,0x12,0xE0,0xA3,0x7D,\
0x53,0x1A,0x46,0x1A,0x48,0x7E,0x37,0x35,0x04,0x1A,0x26,0x1A,0x24,0x7E,0x14,0x00,\
0x03,0x12,0x8B,0x81,0x2F,0x12,0x74,0x02,0x1E,0x34,0x0E,0x24,0x50,0x03,0x4E,0x60,\
0x80,0x14,0x78,0xF4,0x7A,0x37,0x35,0x04,0x7E,0xB3,0x34,0xFE,0xB4,0x03,0x32,0x7E,\
0x37,0x34,0xFA,0x7E,0x27,0x35,0x08,0x12,0xE0,0xA3,0xBE,0x34,0x00,0x10,0x08,0x08,\
0x7E,0x37,0x34,0xFA,0x7A,0x37,0x35,0x08,0x7E,0x37,0x34,0xFC,0x7E,0x27,0x35,0x0A,\
0x12,0xE0,0xA3,0xBE,0x34,0x00,0x10,0x08,0x08,0x7E,0x37,0x34,0xFC,0x7A,0x37,0x35,\
0x0A,0x0A,0x3D,0x09,0xB3,0x33,0x49,0x70,0x18,0x74,0x02,0xAC,0xBD,0x49,0x35,0x32,\
0x59,0x7A,0x37,0x34,0x57,0x74,0x02,0xAC,0xBD,0x49,0x35,0x32,0x6D,0x7A,0x37,0x34,\
0x59,0x7E,0x37,0x35,0x0C,0x7E,0x24,0x34,0xFE,0x74,0x0E,0x12,0xDF,0x52,0x0B,0xD0,\
0xBE,0xD0,0x0A,0x50,0x03,0x02,0x15,0x78,0xDA,0x3B,0x22,0xCA,0x3B,0xE5,0x52,0x0A,\
0x3B,0x09,0xF3,0x04,0x19,0xE5,0x51,0x7A,0xB3,0x34,0xF1,0xE5,0x52,0x70,0x11,0x7E,\
0x34,0xA0,0x00,0x7E,0x24,0xA0,0x70,0x7E,0x14,0x3D,0x26,0x12,0xE2,0xC3,0x80,0x4E,\
0x7E,0x34,0xA0,0x00,0x7E,0x24,0xA6,0x80,0x7E,0x31,0x52,0x74,0x08,0xAC,0x3B,0x2E,\
0x14,0x3D,0x26,0x12,0xE2,0xC3,0x7E,0xA3,0x04,0x46,0x0A,0x3A,0x09,0xB3,0x04,0x47,\
0xBE,0xB0,0x80,0x68,0x29,0x7C,0xBA,0x12,0xB1,0x28,0x74,0x01,0x7E,0xA3,0x04,0x46,\
0x0A,0x3A,0x19,0xB3,0x04,0x47,0x7E,0x73,0x3F,0x2D,0x1E,0x70,0x1E,0x70,0xBC,0x7F,\
0x50,0x0C,0x74,0x20,0x7E,0xA3,0x04,0x46,0x0A,0x3A,0x19,0xB3,0x04,0x47,0xE4,0x7A,\
0xB3,0x03,0xEA,0x7A,0xB3,0x03,0xE9,0x12,0xE0,0x3F,0x70,0x10,0xF5,0x51,0xE4,0x7A,\
0xB3,0x03,0xEE,0x6C,0x77,0x12,0xB2,0xBE,0xE4,0x02,0x1D,0x1B,0x74,0x01,0x7A,0xB3,\
0x03,0xEC,0x12,0x79,0x04,0x6C,0xEE,0x7E,0xB3,0x3F,0x35,0x30,0xE5,0x2F,0x7E,0x27,\
0x03,0xE7,0x1E,0x24,0x7E,0x73,0x3F,0x2D,0x0A,0x37,0xBD,0x23,0x50,0x0D,0x7E,0xB3,\
0x04,0x44,0x60,0x19,0x14,0x7A,0xB3,0x04,0x44,0x80,0x12,0x7E,0xB3,0x04,0x44,0xBE,\
0xB0,0x14,0x50,0x09,0x24,0x10,0x7A,0xB3,0x04,0x44,0x7E,0xE0,0x01,0x7E,0x31,0x52,\
0x74,0x02,0xAC,0x3B,0x2E,0x14,0x04,0x26,0x6D,0x00,0x12,0xDD,0xF0,0x7A,0xB3,0x03,\
0xE0,0xE5,0x52,0x60,0x3F,0x6D,0x33,0x7E,0xB3,0x03,0xE0,0x60,0x0F,0x7E,0x71,0x52,\
0x74,0x02,0xAC,0xB7,0x49,0x35,0x04,0x26,0x0E,0x34,0x0E,0x34,0x4C,0xEE,0x68,0x0A,\
0x7E,0x27,0x03,0xE7,0xBD,0x23,0x28,0x02,0x7D,0x32,0xBE,0x34,0x00,0xFE,0x28,0x04,\
0x7E,0x34,0x00,0xFE,0x0A,0x2F,0xBD,0x23,0x50,0x0A,0x7C,0xF7,0xE5,0x52,0x0A,0x3B,\
0x19,0xF3,0x04,0x19,0x7E,0xB3,0x03,0xEE,0x7C,0xDB,0x4C,0xDB,0x68,0x07,0x14,0x7A,\
0xB3,0x03,0xEE,0x80,0x27,0xE5,0x52,0x70,0x14,0x7E,0x73,0x3E,0xFB,0x0A,0x37,0xBE,\
0x37,0x03,0xE5,0x40,0x14,0xBE,0x37,0x03,0xE7,0x50,0x11,0x80,0x0C,0x7E,0x73,0x3F,\
0x88,0x0A,0x37,0xBE,0x37,0x03,0xE5,0x50,0x03,0x7E,0xD0,0x01,0x4C,0xDD,0x78,0x6F,\
0xE5,0x51,0xB4,0x02,0x2A,0x7E,0x73,0x03,0xE1,0xBE,0x73,0x03,0xDB,0x78,0x20,0x0A,\
0x37,0x09,0x73,0x04,0x19,0xBE,0x73,0x3F,0x2D,0x28,0x14,0x7E,0xA3,0x03,0xED,0xBE,\
0xA0,0x28,0x50,0x03,0xE4,0x80,0x04,0x7C,0xBA,0x24,0xD8,0x7A,0xB3,0x03,0xED,0x7E,\
0xB3,0x03,0xED,0x04,0x7A,0xB3,0x03,0xED,0x7E,0x73,0x03,0xED,0xBE,0x70,0x3C,0x40,\
0x59,0x7E,0x63,0x04,0x44,0xBE,0x60,0x14,0x40,0x05,0x75,0x51,0x01,0x80,0x4B,0xBE,\
0x70,0xC8,0x50,0x11,0xE5,0x51,0xBE,0xB0,0x01,0x68,0x0A,0x7E,0x73,0x3F,0x34,0xBE,\
0x73,0x04,0x45,0x28,0x35,0xE4,0x7A,0xB3,0x03,0xED,0x75,0x51,0x00,0x80,0x2B,0xE4,\
0x7A,0xB3,0x03,0xED,0xE5,0x52,0x70,0x22,0xE5,0x51,0xBE,0xB0,0x02,0x68,0x1B,0x75,\
0x51,0x01,0x0A,0x3F,0xBE,0x37,0x3F,0x37,0x38,0x0D,0x7E,0xB3,0x03,0xDA,0x70,0x07,\
0x7E,0xB3,0x03,0xE0,0xB4,0x02,0x03,0x75,0x51,0x02,0x7E,0xC3,0x03,0xEF,0x7A,0xD3,\
0x03,0xEF,0x7E,0x73,0x3F,0x34,0xBE,0x73,0x04,0x45,0x28,0x03,0x02,0x1C,0x12,0x7E,\
0x73,0x23,0x44,0xBE,0x70,0x0C,0x38,0x03,0x02,0x1C,0x12,0x7E,0x73,0x23,0x45,0xBE,\
0x70,0x0C,0x38,0x03,0x02,0x1C,0x12,0x7E,0x73,0x03,0xE2,0xBE,0x70,0x0C,0x40,0x08,\
0x75,0x51,0x02,0xE4,0x7A,0xB3,0x03,0xED,0xE5,0x51,0xBE,0xB0,0x02,0x68,0x3C,0x7E,\
0xB3,0x34,0xF1,0xB4,0x02,0x0F,0x74,0x02,0x7E,0x70,0x04,0x12,0x99,0x4B,0x70,0x05,\
0x74,0x0D,0x02,0x1D,0x1B,0x4C,0xCC,0x78,0x19,0x4C,0xDD,0x68,0x15,0x7E,0xB3,0x04,\
0x41,0x60,0x0F,0x74,0x02,0x7E,0x70,0x01,0x12,0x99,0x4B,0x70,0x05,0x74,0x0D,0x02,\
0x1D,0x1B,0x7E,0xB3,0x03,0xEE,0x60,0x4A,0xE4,0x80,0x43,0xE4,0x7A,0xB3,0x03,0xE2,\
0x7E,0xB3,0x34,0xF1,0xBE,0xB0,0x02,0x68,0x0F,0x74,0x03,0x7E,0x70,0x01,0x12,0x99,\
0x4B,0x70,0x05,0x74,0x0D,0x02,0x1D,0x1B,0x7E,0xB3,0x3F,0x35,0x30,0xE0,0x17,0x4C,\
0xCC,0x78,0x13,0x4C,0xDD,0x68,0x0F,0x74,0x03,0x7E,0x70,0x01,0x12,0x99,0x4B,0x70,\
0x05,0x74,0x0D,0x02,0x1D,0x1B,0x7E,0xB3,0x03,0xEE,0x60,0x06,0x74,0x01,0x7A,0xB3,\
0x04,0x41,0xE5,0x51,0x70,0x12,0xE5,0x52,0x70,0x23,0x7E,0x08,0x03,0xF2,0xE4,0x12,\
0xD2,0xF3,0x7A,0xB3,0x03,0xE9,0x80,0x15,0xE5,0x51,0xB4,0x02,0x10,0x7E,0xB3,0x3F,\
0x35,0x30,0xE4,0x04,0x74,0x01,0x80,0x02,0x74,0x03,0x12,0xC2,0xF8,0x7E,0xB3,0x03,\
0xE9,0x60,0x0B,0x7E,0x08,0x03,0xF3,0x12,0xD2,0xF3,0x7A,0xB3,0x03,0xEA,0x7E,0x73,\
0x23,0x44,0xBE,0x70,0x0C,0x38,0x15,0x7E,0x63,0x23,0x45,0xBE,0x60,0x0C,0x38,0x0C,\
0x7A,0x73,0x03,0xE9,0x7E,0x73,0x23,0x45,0x7A,0x73,0x03,0xEA,0x7E,0xB3,0x03,0xE9,\
0xBE,0xB1,0x52,0x78,0x0A,0x7E,0xA3,0x03,0xDB,0xBE,0xA3,0x03,0xEA,0x68,0x07,0x7E,\
0x73,0x03,0xEA,0x12,0xB2,0xBE,0xE5,0x52,0x70,0x25,0xE5,0x51,0xBE,0xB0,0x02,0x68,\
0x05,0xE4,0x7A,0xB3,0x04,0x43,0x7E,0xB3,0x03,0xE0,0x60,0x04,0x74,0x06,0x80,0x07,\
0x7E,0xB3,0x04,0x42,0x60,0x19,0x14,0x7A,0xB3,0x04,0x42,0x74,0x06,0x80,0x6C,0xE5,\
0x51,0x70,0x0C,0x7E,0x73,0x3F,0x2D,0xBC,0x7F,0x50,0x04,0x74,0x04,0x80,0x5C,0xE5,\
0x51,0xB4,0x02,0x56,0xE5,0x52,0x60,0x05,0xE4,0x7A,0xB3,0x04,0x42,0x7E,0xB3,0x04,\
0x43,0x60,0x09,0x14,0x7A,0xB3,0x04,0x43,0x74,0x02,0x80,0x3F,0x4C,0xEE,0x68,0x04,\
0x74,0x0C,0x80,0x37,0x7E,0x73,0x3F,0x2F,0xBE,0x70,0xFF,0x68,0x08,0xBC,0x7F,0x50,\
0x04,0x74,0x03,0x80,0x26,0x7E,0xB3,0x03,0xE0,0x60,0x04,0x74,0x09,0x80,0x1C,0x7E,\
0x73,0x3F,0x36,0xBE,0x70,0xFF,0x68,0x12,0x7E,0x27,0x03,0xE5,0x1E,0x24,0x1E,0x24,\
0x0A,0x37,0xBD,0x23,0x28,0x04,0x74,0x0B,0x80,0x01,0xE4,0xDA,0x3B,0x22,0xCA,0x3B,\
0x7C,0xA5,0x7C,0xFB,0x7D,0x63,0x7E,0xB3,0x30,0xB9,0x60,0x1E,0x7E,0xB3,0x30,0xBA,\
0x70,0x18,0x7E,0xB3,0x25,0xCB,0xBE,0xB0,0x05,0x40,0x09,0x7E,0xB3,0x30,0xBE,0xBE,\
0xB0,0x0A,0x50,0x06,0x74,0x01,0x7A,0xB3,0x30,0xB6,0x7E,0xB3,0x30,0xB6,0x60,0x22,\
0xE4,0x7A,0xB3,0x30,0xB6,0x7E,0xB3,0x30,0xBA,0x60,0x09,0x7E,0xB3,0x30,0xB7,0xBE,\
0xB0,0x10,0x50,0x03,0xE4,0x80,0x02,0x74,0x10,0x7A,0xB3,0x30,0xB7,0xE4,0x7A,0xB3,\
0x30,0x6D,0x7E,0xB3,0x30,0x6D,0x70,0x07,0x4C,0xAA,0x68,0x03,0x02,0x20,0xC4,0x7E,\
0xB3,0x2E,0x9C,0x30,0xE5,0x52,0x7E,0xB3,0x30,0xBA,0x30,0xE0,0x4B,0x4C,0xAA,0x78,\
0x47,0x7E,0x37,0x30,0xBB,0xBE,0x34,0x02,0x58,0x50,0x38,0x7E,0xB3,0x26,0x8E,0x70,\
0x06,0x0B,0x34,0x7A,0x37,0x30,0xBB,0x7E,0xB3,0x26,0x8E,0x70,0x21,0x7E,0xB3,0x25,\
0xCA,0x70,0x06,0x7E,0xB3,0x25,0xD1,0x60,0x15,0x7E,0xB3,0x30,0xBD,0x04,0x7A,0xB3,\
0x30,0xBD,0x7E,0x73,0x30,0xBD,0xBE,0x70,0x40,0x40,0x08,0x02,0x20,0xC1,0xE4,0x7A,\
0xB3,0x30,0xBD,0xE4,0x7A,0xB3,0x26,0x8E,0x7E,0xB3,0x30,0xB7,0xBE,0xB0,0x10,0x50,\
0x06,0x7E,0x34,0x2F,0x4D,0x80,0x04,0x7E,0x34,0x2F,0xDD,0x7A,0x37,0x34,0xF2,0x60,\
0x03,0xB4,0x10,0x0B,0x7E,0x37,0x34,0xF2,0x7E,0x24,0x00,0x90,0x12,0xDF,0x15,0x7D,\
0x36,0x6C,0xEE,0x80,0x29,0x0B,0x38,0x50,0x0B,0x35,0x1A,0x4A,0x1A,0x48,0x7E,0x27,\
0x34,0xF2,0x49,0x12,0x00,0x02,0x0B,0x28,0x00,0x2F,0x02,0x59,0x12,0x00,0x02,0x1B,\
0x28,0x00,0x7E,0x27,0x34,0xF2,0x0B,0x26,0x7A,0x27,0x34,0xF2,0x0B,0xE0,0xBC,0xFE,\
0x38,0xD3,0x7E,0xB3,0x30,0xBA,0x54,0xFD,0x7A,0xB3,0x30,0xBA,0x7E,0xB3,0x30,0xB7,\
0x04,0x7A,0xB3,0x30,0xB7,0xB4,0x20,0x05,0xE4,0x7A,0xB3,0x30,0xB7,0x7E,0xB3,0x30,\
0xB9,0x60,0x1F,0x7E,0xB3,0x30,0xBA,0x70,0x19,0xE4,0x7A,0xB3,0x30,0x6D,0x7E,0x73,\
0x30,0xB7,0xBE,0x70,0x05,0x40,0x0B,0xBE,0x70,0x1D,0x50,0x06,0x74,0x01,0x7A,0xB3,\
0x30,0x6D,0x7E,0xA3,0x30,0xB7,0x4C,0xAA,0x68,0x08,0xBE,0xA0,0x10,0x68,0x03,0x02,\
0x20,0xC4,0x7E,0xB3,0x30,0xBA,0x70,0x38,0x4C,0xAA,0x68,0x03,0x02,0x20,0xC4,0x6D,\
0x33,0x7A,0x37,0x30,0xBB,0x7E,0xB3,0x30,0xB9,0x70,0x08,0x7E,0x34,0x04,0xB0,0x7A,\
0x37,0x30,0xBB,0x74,0x03,0x7A,0xB3,0x30,0xBA,0x74,0x01,0x7A,0xB3,0x30,0xB9,0xE4,\
0x7A,0xB3,0x30,0xBE,0x7A,0xB3,0x30,0xBD,0x7C,0xBF,0x12,0xCE,0x91,0x02,0x20,0xC4,\
0x7E,0xB3,0x30,0xB7,0x70,0x18,0x7E,0x73,0x25,0xCB,0xBE,0x70,0x22,0x40,0x0F,0x7E,\
0xB3,0x30,0xBA,0x44,0x02,0x7A,0xB3,0x30,0xBA,0x7C,0xBF,0x12,0xCE,0x91,0xE4,0x7A,\
0xB3,0x34,0xF6,0x7A,0xB3,0x34,0xF7,0x7A,0xB3,0x34,0xF8,0x7E,0xB3,0x2E,0xA5,0x7A,\
0xB3,0x34,0xF1,0x70,0x03,0x02,0x20,0x33,0x7E,0x18,0x30,0xC1,0x7E,0x17,0x2F,0x4B,\
0x7E,0x04,0x2F,0x4D,0x7A,0x07,0x34,0xF2,0x7E,0x04,0x2F,0xDD,0x6D,0x55,0x7A,0x57,\
0x34,0xF4,0x7A,0xB3,0x34,0xF9,0x7A,0xB3,0x34,0xFA,0x6C,0xEE,0x02,0x1F,0xBC,0x49,\
0x50,0x00,0x02,0x0B,0x08,0x40,0x7E,0xD7,0x34,0xF2,0x49,0xFD,0x00,0x02,0x0B,0xD8,\
0xE0,0x2F,0x72,0x74,0x05,0x1E,0xF4,0x0E,0xE4,0x50,0x04,0x4E,0xF4,0x80,0x00,0x14,\
0x78,0xF3,0x0B,0x18,0x50,0x9D,0x5F,0x7D,0x45,0x1B,0x1A,0x50,0x0B,0x35,0x7E,0xB3,\
0x2E,0xE9,0x0A,0x5B,0xBD,0x54,0x58,0x11,0x0A,0x5E,0x09,0xB5,0x2C,0x82,0x70,0x09,\
0x7E,0xB3,0x34,0xF8,0x04,0x7A,0xB3,0x34,0xF8,0xE4,0x0A,0xFE,0x19,0xBF,0x2C,0x82,\
0x7E,0xB3,0x34,0xF1,0x0A,0xFB,0xBD,0xF4,0x58,0x1B,0x74,0x01,0x7A,0xB3,0x34,0xF6,\
0x7E,0xB3,0x34,0xF9,0x04,0x7A,0xB3,0x34,0xF9,0xBE,0x47,0x34,0xF4,0x08,0x1D,0x7A,\
0x47,0x34,0xF4,0x80,0x17,0x6D,0x55,0x9D,0x5F,0xBD,0x54,0x08,0x0F,0x74,0x01,0x7A,\
0xB3,0x34,0xF7,0x7E,0xB3,0x34,0xFA,0x04,0x7A,0xB3,0x34,0xFA,0x0B,0x15,0x7E,0x57,\
0x34,0xF2,0x0B,0x56,0x7A,0x57,0x34,0xF2,0x0B,0x06,0x0B,0xE0,0xBC,0xFE,0x28,0x03,\
0x02,0x1F,0x1F,0x7E,0xB3,0x34,0xF7,0x60,0x33,0x7E,0xB3,0x2E,0xF8,0x30,0xE3,0x2C,\
0x7E,0xB3,0x34,0xF1,0x7E,0x70,0x03,0xAC,0xB7,0xBE,0x57,0x34,0xF4,0x58,0x05,0xE4,\
0x7A,0xB3,0x34,0xF7,0x7E,0xB3,0x34,0xFA,0x7E,0x70,0x02,0xAC,0xB7,0x7E,0x73,0x34,\
0xF9,0x0A,0x37,0xBD,0x35,0x08,0x05,0xE4,0x7A,0xB3,0x34,0xF7,0x7E,0xB3,0x2E,0xF8,\
0x30,0xE0,0x30,0x7E,0x73,0x34,0xF8,0xBE,0x70,0x02,0x40,0x22,0x7E,0xB3,0x2C,0xA7,\
0x04,0x7A,0xB3,0x2C,0xA7,0x7E,0x73,0x2C,0xA7,0xBE,0x70,0x03,0x40,0x15,0xE4,0x7A,\
0xB3,0x2C,0xA7,0x12,0xE1,0x66,0x74,0x01,0x7A,0xB3,0x30,0xBE,0x80,0x05,0xE4,0x7A,\
0xB3,0x2C,0xA7,0x7E,0xB3,0x30,0xBA,0x20,0xE1,0x11,0x7E,0xB3,0x34,0xF6,0x4E,0xB3,\
0x31,0x0B,0x68,0x07,0xE4,0x7A,0xB3,0x31,0x09,0x80,0x11,0x7E,0xB3,0x31,0x09,0x60,\
0x0B,0xE4,0x7A,0xB3,0x31,0x09,0x74,0x01,0x7A,0xB3,0x34,0xF7,0x7E,0xB3,0x34,0xF6,\
0x60,0x18,0xE4,0x7A,0xB3,0x30,0xBF,0x7E,0xB3,0x30,0xC0,0x12,0xE1,0xE7,0x7A,0xB3,\
0x30,0xC0,0x74,0x02,0x7A,0xB3,0x31,0x0A,0x80,0x36,0xE4,0x7A,0xB3,0x30,0xC0,0x7E,\
0xB3,0x30,0xBF,0x12,0xE1,0xE7,0x7A,0xB3,0x30,0xBF,0x7E,0x73,0x30,0xBF,0xBE,0x70,\
0x0A,0x28,0x1D,0x7E,0xB3,0x30,0xB8,0x70,0x17,0xE4,0x7A,0xB3,0x30,0xBF,0x7D,0x36,\
0x7E,0x27,0x2F,0x4B,0x7C,0xBF,0x7E,0x30,0x01,0x7E,0x04,0x00,0x64,0x12,0xD9,0xE1,\
0x7E,0xB3,0x25,0xD7,0x60,0x05,0xE4,0x7A,0xB3,0x34,0xF7,0x7E,0xB3,0x34,0xF7,0x60,\
0x03,0x12,0xE2,0x83,0xDA,0x3B,0x22,0xCA,0x3B,0x7C,0xFB,0xE4,0x7A,0xB3,0x35,0x00,\
0xBE,0xF0,0x0B,0x08,0x03,0x02,0x24,0x5A,0x7E,0x64,0x2D,0x9C,0x9F,0x11,0x7A,0x37,\
0x34,0xF6,0x7A,0x67,0x34,0xF8,0x7E,0xB3,0x2E,0xF6,0x54,0x0F,0x7A,0xB3,0x35,0x02,\
0xB4,0x0F,0x04,0x74,0x02,0x80,0x06,0x7E,0xB3,0x35,0x02,0x24,0x03,0x7A,0xB3,0x35,\
0x02,0xE4,0x80,0x64,0x09,0xB6,0x00,0x09,0x70,0x55,0x7E,0x69,0x70,0x0A,0x27,0x09,\
0x76,0x00,0x01,0x0A,0x37,0x9D,0x32,0x7E,0x53,0x35,0x02,0xBD,0x32,0x58,0x12,0x09,\
0x76,0x00,0x02,0x0A,0x17,0x09,0x76,0x00,0x03,0x0A,0x37,0x9D,0x31,0xBD,0x32,0x48,\
0x2E,0x09,0x66,0x00,0x04,0xBE,0x63,0x2E,0xBC,0x40,0x10,0x7E,0x73,0x2E,0x9D,0x1E,\
0x70,0x0A,0x17,0x49,0x26,0x00,0x0A,0xBD,0x21,0x58,0x14,0x7E,0x27,0x34,0xF6,0x4D,\
0x22,0x68,0x08,0x09,0x72,0x00,0x04,0xBC,0x76,0x50,0x04,0x7A,0x67,0x34,0xF6,0x2E,\
0x64,0x00,0x0E,0x7E,0xB3,0x34,0xFE,0x04,0x7A,0xB3,0x34,0xFE,0xBE,0xF3,0x34,0xFE,\
0x18,0x92,0x7E,0x37,0x34,0xF6,0x4D,0x33,0x78,0x03,0x02,0x24,0x5A,0xE4,0x7A,0xB3,\
0x35,0x01,0x80,0x5F,0x7E,0x27,0x34,0xF8,0x09,0xB2,0x00,0x09,0x70,0x48,0xBE,0x37,\
0x34,0xF8,0x68,0x42,0x09,0x23,0x00,0x01,0x7E,0x29,0x30,0xBC,0x32,0x38,0x15,0x7E,\
0x39,0x20,0x09,0x32,0x00,0x01,0xBC,0x32,0x40,0x0A,0x7E,0xB3,0x35,0x01,0x44,0x01,\
0x7A,0xB3,0x35,0x01,0x09,0x23,0x00,0x03,0x09,0x32,0x00,0x02,0xBC,0x32,0x38,0x16,\
0x09,0x23,0x00,0x02,0x09,0x32,0x00,0x03,0xBC,0x32,0x40,0x0A,0x7E,0xB3,0x35,0x01,\
0x44,0x02,0x7A,0xB3,0x35,0x01,0x2E,0x24,0x00,0x0E,0x7A,0x27,0x34,0xF8,0x7E,0xB3,\
0x34,0xFE,0x04,0x7A,0xB3,0x34,0xFE,0xBE,0xF3,0x34,0xFE,0x18,0x97,0x7E,0x39,0x30,\
0x7A,0x33,0x34,0xFA,0x09,0x23,0x00,0x01,0x0A,0x22,0x1A,0x13,0x9D,0x21,0x0B,0x24,\
0x7A,0x53,0x34,0xFB,0x09,0x33,0x00,0x02,0x7A,0x33,0x34,0xFC,0x09,0x23,0x00,0x03,\
0x0A,0x22,0x1A,0x13,0x9D,0x21,0x0B,0x24,0x7A,0x53,0x34,0xFD,0x7E,0xB3,0x35,0x02,\
0x04,0x7A,0xB3,0x35,0x02,0x7D,0x26,0x74,0x04,0x12,0xD7,0x03,0x7E,0x43,0x31,0x10,\
0x0A,0x14,0x7E,0x53,0x34,0xFC,0x1A,0x05,0xAD,0x10,0x3E,0x14,0x7E,0x53,0x34,0xFA,\
0x1A,0x35,0x3E,0x34,0x2D,0x31,0x2E,0x37,0x25,0x13,0x7A,0x37,0x34,0xF2,0x74,0x01,\
0x7A,0xB3,0x35,0x00,0x7E,0x53,0x35,0x02,0xBE,0x53,0x34,0xFD,0x28,0x03,0x02,0x23,\
0x45,0x7E,0xB3,0x35,0x01,0x30,0xE1,0x03,0x02,0x23,0x45,0x7E,0x37,0x34,0xF2,0x7E,\
0xB3,0x34,0xFD,0x7E,0x53,0x34,0xFB,0x7E,0x30,0x01,0x12,0x7B,0xA3,0x7D,0x23,0x7A,\
0x37,0x34,0xF4,0x7E,0x29,0x70,0x0B,0x24,0x7A,0x27,0x34,0xF4,0x7A,0x73,0x35,0x00,\
0x7E,0x73,0x35,0x00,0xBE,0x70,0x01,0x18,0x03,0x02,0x23,0x45,0x1A,0x2F,0x7E,0x34,\
0x00,0x0E,0xAD,0x32,0x7D,0x63,0x2E,0x64,0x2D,0x9C,0x7E,0x37,0x34,0xF6,0x09,0x73,\
0x00,0x04,0x0A,0x37,0x7E,0xA3,0x35,0x00,0x1A,0x2A,0x12,0x8B,0x3E,0x7A,0x73,0x34,\
0xFF,0x7A,0xA3,0x34,0xFE,0x7E,0x37,0x34,0xF4,0x7E,0x39,0xE0,0x0B,0x34,0x7A,0x37,\
0x34,0xF4,0x7E,0x37,0x34,0xF6,0x09,0x73,0x00,0x02,0x2C,0xE7,0x19,0xE6,0x00,0x02,\
0x19,0xE6,0x00,0x03,0x7E,0x73,0x34,0xFF,0x19,0x76,0x00,0x04,0xE4,0x19,0xB6,0x00,\
0x09,0x7E,0x37,0x34,0xF4,0x7E,0x39,0xE0,0x0B,0x34,0x7A,0x37,0x34,0xF4,0x7E,0x37,\
0x34,0xF6,0x7E,0x39,0x70,0x2C,0xE7,0x7A,0x69,0xE0,0x19,0xE6,0x00,0x01,0x09,0x66,\
0x00,0x02,0x7E,0x73,0x31,0x10,0xAC,0x67,0x7E,0x69,0x50,0x0A,0x25,0x2D,0x32,0x3E,\
0x34,0x2E,0x37,0x25,0x13,0x0B,0x38,0x30,0x59,0x36,0x00,0x0A,0x59,0x36,0x00,0x0C,\
0x74,0x01,0x19,0xB6,0x00,0x08,0x2E,0x64,0x00,0x0E,0x7E,0xB3,0x34,0xFE,0x14,0x7A,\
0xB3,0x34,0xFE,0x78,0x80,0x7E,0x73,0x35,0x02,0xBE,0x73,0x34,0xFB,0x28,0x03,0x02,\
0x24,0x39,0x7E,0xB3,0x35,0x01,0x30,0xE0,0x03,0x02,0x24,0x39,0x7E,0x37,0x34,0xF2,\
0x7E,0xB3,0x34,0xFB,0x7E,0x53,0x34,0xFD,0x7E,0x40,0x01,0x7E,0x33,0x31,0x10,0x12,\
0x7B,0xA3,0x7D,0x23,0x7A,0x37,0x34,0xF4,0x7E,0x29,0x70,0x0B,0x24,0x7A,0x27,0x34,\
0xF4,0x7E,0x63,0x35,0x00,0xBC,0x67,0x48,0x03,0x02,0x24,0x39,0x7A,0x73,0x35,0x00,\
0x1A,0x2F,0x7E,0x34,0x00,0x0E,0xAD,0x32,0x7D,0x63,0x2E,0x64,0x2D,0x9C,0x7E,0x37,\
0x34,0xF6,0x09,0x73,0x00,0x04,0x0A,0x37,0x7E,0xA3,0x35,0x00,0x1A,0x2A,0x12,0x8B,\
0x3E,0x7A,0x73,0x34,0xFF,0x7A,0xA3,0x34,0xFE,0x7E,0x37,0x34,0xF4,0x7E,0x39,0xE0,\
0x0B,0x34,0x7A,0x37,0x34,0xF4,0x7E,0x37,0x34,0xF6,0x7E,0x39,0x70,0x2C,0xE7,0x7A,\
0x69,0xE0,0x19,0xE6,0x00,0x01,0x7E,0x73,0x34,0xFF,0x19,0x76,0x00,0x04,0xE4,0x19,\
0xB6,0x00,0x09,0x7E,0x37,0x34,0xF4,0x7E,0x39,0xE0,0x0B,0x34,0x7A,0x37,0x34,0xF4,\
0x7E,0x37,0x34,0xF6,0x09,0x73,0x00,0x02,0x2C,0xE7,0x19,0xE6,0x00,0x02,0x19,0xE6,\
0x00,0x03,0x09,0x66,0x00,0x02,0x7E,0x73,0x31,0x10,0xAC,0x67,0x7E,0x69,0x50,0x0A,\
0x25,0x2D,0x32,0x3E,0x34,0x2E,0x37,0x25,0x13,0x0B,0x38,0x30,0x59,0x36,0x00,0x0A,\
0x59,0x36,0x00,0x0C,0x74,0x01,0x19,0xB6,0x00,0x08,0x2E,0x64,0x00,0x0E,0x7E,0xB3,\
0x34,0xFE,0x14,0x7A,0xB3,0x34,0xFE,0x78,0x80,0x7E,0x73,0x35,0x00,0xBE,0x70,0x01,\
0x08,0x18,0x74,0x01,0x7E,0x37,0x34,0xF6,0x19,0xB3,0x00,0x09,0x7E,0x37,0x34,0xF6,\
0x19,0xB3,0x00,0x08,0x7E,0x73,0x35,0x00,0x2C,0xF7,0x7C,0xBF,0xDA,0x3B,0x22,0xCA,\
0x3B,0x7D,0x62,0x7A,0x37,0x35,0x14,0x7C,0xFB,0x0A,0x33,0x7A,0x37,0x35,0x24,0x1A,\
0x0F,0x09,0x50,0x33,0x0D,0x0A,0x25,0x9D,0x32,0x7A,0x37,0x35,0x24,0x19,0x70,0x34,\
0xE7,0x1A,0x0F,0x19,0x30,0x33,0x0D,0x1A,0x2F,0x19,0x22,0x33,0x5D,0xE4,0x7A,0xB3,\
0x35,0x17,0x1A,0x3F,0x09,0xB3,0x32,0xEF,0xB4,0x01,0x66,0x74,0x01,0x7A,0xB3,0x35,\
0x17,0x6C,0xEE,0x3E,0x34,0x3E,0x34,0x3E,0x34,0x49,0x33,0x31,0xB9,0x7A,0x37,0x35,\
0x20,0x1A,0x3F,0x3E,0x34,0x3E,0x34,0x3E,0x34,0x49,0x33,0x32,0x09,0x7A,0x37,0x35,\
0x22,0x7E,0x37,0x35,0x14,0x7D,0x26,0x7E,0x17,0x35,0x20,0x7E,0x07,0x35,0x22,0x12,\
0xDC,0xBF,0x7A,0x37,0x35,0x18,0x7E,0xB3,0x2E,0xC8,0x54,0x7F,0x0A,0x3B,0xBE,0x37,\
0x35,0x18,0x48,0x03,0x7E,0xE0,0x01,0x4C,0xEE,0x68,0x16,0x7C,0xBF,0x7E,0x37,0x35,\
0x14,0x7D,0x26,0x12,0xCC,0xBA,0x7C,0xBF,0x7E,0x37,0x35,0x14,0x7D,0x26,0x12,0xD7,\
0xD3,0x1A,0x3F,0x09,0xB3,0x32,0xEF,0xB4,0x04,0x48,0x3E,0x34,0x49,0x33,0x32,0x59,\
0x7A,0x37,0x35,0x20,0x1A,0x3F,0x3E,0x34,0x49,0x33,0x32,0x6D,0x7A,0x37,0x35,0x22,\
0x7C,0xBF,0x7E,0x37,0x35,0x20,0x7E,0x27,0x35,0x22,0x12,0xCC,0xBA,0x7C,0xBF,0x7E,\
0x37,0x35,0x20,0x7E,0x27,0x35,0x22,0x12,0xD7,0xD3,0x7E,0x37,0x35,0x20,0x1A,0x2F,\
0x3E,0x24,0x59,0x32,0x33,0x17,0x7E,0x37,0x35,0x22,0x1A,0x2F,0x3E,0x24,0x59,0x32,\
0x33,0x2B,0x7C,0xBF,0x7E,0x34,0x35,0x20,0x7E,0x24,0x35,0x22,0x12,0xD9,0x75,0x7E,\
0x37,0x35,0x14,0x7D,0x26,0x7E,0x17,0x35,0x20,0x7E,0x07,0x35,0x22,0x12,0xDC,0xBF,\
0x7A,0x37,0x35,0x18,0x0E,0x34,0x0E,0x34,0x7A,0x37,0x35,0x18,0x7E,0xE3,0x2E,0xA3,\
0x7E,0x70,0x10,0x7E,0x27,0x35,0x18,0xBE,0x24,0x00,0x10,0x58,0x02,0x7C,0x75,0x0A,\
0x07,0x7E,0x14,0x00,0x10,0x9D,0x10,0x7E,0x63,0x2E,0xA2,0x0A,0x06,0xAD,0x10,0xAC,\
0x7E,0x2D,0x31,0x0E,0x34,0x0E,0x34,0x0E,0x34,0x0E,0x34,0x7C,0xE7,0xBE,0xE0,0x01,\
0x50,0x03,0x7E,0xE0,0x01,0xE4,0x7A,0xB3,0x35,0x16,0x7C,0xBF,0x7E,0x37,0x35,0x14,\
0x7D,0x26,0x0A,0x1E,0x12,0x98,0x78,0x7C,0xBF,0x7E,0x34,0x35,0x20,0x7E,0x24,0x35,\
0x22,0x12,0xD5,0x9E,0x7E,0x37,0x35,0x14,0x7D,0x26,0x7E,0x17,0x35,0x20,0x7E,0x07,\
0x35,0x22,0x12,0xDC,0xBF,0x7A,0x37,0x35,0x1A,0x7E,0xB3,0x2E,0xCF,0x0A,0x3B,0xBE,\
0x37,0x35,0x1A,0x18,0x14,0x60,0x12,0x7E,0xB3,0x35,0x16,0x04,0x7A,0xB3,0x35,0x16,\
0x7E,0x73,0x35,0x16,0xBE,0x70,0x06,0x48,0xB1,0x7E,0xE3,0x2E,0xA4,0x7E,0x73,0x25,\
0xDB,0x0A,0x27,0x7A,0x27,0x35,0x24,0x7E,0x73,0x2E,0xD1,0x1A,0x37,0xAD,0x32,0x7D,\
0x23,0x0E,0x24,0x0E,0x24,0x0E,0x24,0x7E,0x37,0x35,0x18,0x9D,0x32,0x7A,0x37,0x35,\
0x18,0x7E,0xB3,0x35,0x17,0x60,0x23,0x7E,0x37,0x35,0x20,0x1A,0x2F,0x3E,0x24,0x59,\
0x32,0x33,0x17,0x7E,0x37,0x35,0x22,0x1A,0x2F,0x3E,0x24,0x59,0x32,0x33,0x2B,0x74,\
0x02,0x1A,0x3F,0x19,0xB3,0x33,0x3F,0x02,0x27,0xC9,0x4C,0xEE,0x78,0x03,0x02,0x27,\
0xC9,0x1A,0x3F,0x09,0x53,0x33,0x3F,0xBE,0x50,0x01,0x28,0x5A,0x7E,0xA3,0x2E,0xD0,\
0x7C,0xBA,0x54,0x0F,0x0A,0x1B,0x7E,0x27,0x35,0x24,0x9D,0x21,0x7A,0x27,0x35,0x24,\
0x7C,0xBA,0xC4,0x54,0x0F,0x7C,0xAB,0x7E,0x07,0x35,0x24,0xBE,0x04,0x00,0x00,0x08,\
0x35,0x4C,0xAA,0x68,0x31,0x7E,0xB3,0x25,0xC6,0xBE,0xB0,0x01,0x38,0x28,0x0A,0x2E,\
0x7A,0x27,0x35,0x1A,0x0A,0x1A,0xAD,0x10,0x7D,0x21,0x2E,0x27,0x35,0x1A,0x7A,0x27,\
0x35,0x1A,0xBE,0x24,0x00,0xFF,0x08,0x08,0x7E,0x24,0x00,0xFF,0x7A,0x27,0x35,0x1A,\
0x7E,0x27,0x35,0x1A,0x7C,0xE5,0x7E,0x53,0x26,0x29,0x2C,0xE5,0x3E,0x34,0x49,0x33,\
0x33,0x17,0x7A,0x37,0x35,0x1C,0x1A,0x3F,0x3E,0x34,0x49,0x33,0x33,0x2B,0x7A,0x37,\
0x35,0x1E,0x7E,0x37,0x35,0x1C,0x7E,0x27,0x35,0x1E,0x12,0xC9,0xA5,0x0A,0x3B,0x4D,\
0x33,0x68,0x0D,0x7E,0x73,0x25,0xDA,0xBE,0x70,0x14,0x28,0x04,0x1E,0xE0,0x1E,0xE0,\
0x7E,0x37,0x35,0x20,0x7E,0x27,0x35,0x22,0x7E,0x17,0x35,0x1C,0x7E,0x07,0x35,0x1E,\
0x12,0xDC,0xBF,0x7D,0x23,0x1A,0x4F,0x09,0x74,0x33,0x3F,0x7C,0xBE,0xAC,0xB7,0xBD,\
0x52,0x48,0x03,0x02,0x27,0xB9,0x7E,0x60,0x02,0x7C,0xBE,0xAC,0xB6,0xBD,0x52,0x58,\
0x12,0xA5,0xBF,0x01,0x0E,0x7E,0x37,0x35,0x20,0x7A,0x37,0x35,0x1C,0x7E,0x37,0x35,\
0x22,0x80,0x52,0x7E,0x37,0x35,0x1C,0x1A,0x26,0x1A,0x24,0x7E,0x14,0x00,0x03,0x12,\
0x8B,0x81,0x7E,0x17,0x35,0x20,0x1A,0x02,0x1A,0x00,0x2F,0x10,0x74,0x02,0x1E,0x34,\
0x0E,0x24,0x50,0x03,0x4E,0x60,0x80,0x14,0x78,0xF4,0x7A,0x37,0x35,0x1C,0x7E,0x37,\
0x35,0x1E,0x1A,0x26,0x1A,0x24,0x7E,0x14,0x00,0x03,0x12,0x8B,0x81,0x7E,0x17,0x35,\
0x22,0x1A,0x02,0x1A,0x00,0x2F,0x10,0x74,0x02,0x1E,0x34,0x0E,0x24,0x50,0x03,0x4E,\
0x60,0x80,0x14,0x78,0xF4,0x7A,0x37,0x35,0x1E,0x7E,0x37,0x35,0x1C,0x1A,0x2F,0x3E,\
0x24,0x59,0x32,0x33,0x17,0x7E,0x37,0x35,0x1E,0x1A,0x2F,0x3E,0x24,0x59,0x32,0x33,\
0x2B,0x74,0x01,0x1A,0x3F,0x19,0xB3,0x33,0x3F,0x7E,0x37,0x35,0x1C,0x7A,0x37,0x35,\
0x20,0x7E,0x37,0x35,0x1E,0x7A,0x37,0x35,0x22,0x7C,0xBF,0x7E,0x37,0x35,0x20,0x7E,\
0x27,0x35,0x22,0x7E,0x14,0x35,0x1C,0x7E,0x04,0x35,0x1E,0x12,0xB3,0xC4,0x7C,0xBF,\
0x7E,0x37,0x35,0x20,0x7E,0x27,0x35,0x22,0x12,0xD2,0x88,0xDA,0x3B,0x22,0xCA,0xC8,\
0xCA,0x79,0x7D,0x41,0x7C,0x24,0x7C,0xF5,0x7C,0xA6,0x7C,0x37,0x7C,0xEB,0x1A,0x33,\
0x1A,0xFA,0x9D,0xF3,0x0B,0xF4,0x7D,0x3F,0x7A,0x73,0x35,0x19,0x7E,0xF4,0x2D,0x9C,\
0x1A,0x2B,0x7E,0x34,0x00,0x0E,0xAD,0x32,0x2D,0xF3,0x6C,0x77,0xE4,0x02,0x29,0x15,\
0x7E,0xF9,0x60,0x7A,0x63,0x35,0x1A,0x09,0x6F,0x00,0x01,0x7A,0x63,0x35,0x1B,0x09,\
0x6F,0x00,0x03,0x7A,0x63,0x35,0x1C,0x09,0x6F,0x00,0x05,0x7A,0x63,0x35,0x1E,0x09,\
0x6F,0x00,0x06,0x7A,0x63,0x35,0x1F,0xBC,0x63,0x50,0x03,0x02,0x29,0x0C,0x7E,0x63,\
0x35,0x1E,0xBC,0x6A,0x28,0x03,0x02,0x29,0x0C,0x7E,0x63,0x35,0x1C,0x0A,0xD6,0x0B,\
0xD4,0x1A,0x2F,0xBD,0x2D,0x08,0x03,0x02,0x29,0x0C,0x09,0x6F,0x00,0x04,0x7A,0x63,\
0x35,0x1D,0x09,0x6F,0x00,0x07,0x7A,0x63,0x35,0x20,0x09,0xCF,0x00,0x08,0xA5,0xBF,\
0x00,0x60,0x7E,0x63,0x35,0x19,0x1A,0x26,0x7E,0x63,0x35,0x1D,0x0A,0xE6,0x2D,0xE2,\
0xBE,0xE4,0x00,0xFF,0x08,0x04,0x7E,0xE4,0x00,0xFF,0x7D,0x2E,0x7A,0x53,0x35,0x1D,\
0x7E,0x63,0x35,0x1A,0xBC,0x63,0x28,0x04,0x7A,0x33,0x35,0x1A,0x7E,0x63,0x35,0x1B,\
0xBC,0x6A,0x50,0x04,0x7A,0xA3,0x35,0x1B,0x7E,0x63,0x35,0x20,0xBC,0x63,0x28,0x04,\
0x7A,0x33,0x35,0x20,0xBC,0xCA,0x50,0x02,0x7C,0xCA,0x49,0x2F,0x00,0x0A,0xBD,0x24,\
0x58,0x04,0x59,0x4F,0x00,0x0A,0x49,0x2F,0x00,0x0C,0xBD,0x20,0x08,0x04,0x59,0x0F,\
0x00,0x0C,0x7E,0x63,0x35,0x1A,0x7A,0xF9,0x60,0x7E,0x63,0x35,0x1B,0x19,0x6F,0x00,\
0x01,0x7E,0x63,0x35,0x1D,0x19,0x6F,0x00,0x04,0x7E,0x63,0x35,0x20,0x19,0x6F,0x00,\
0x07,0x19,0xCF,0x00,0x08,0x19,0x7F,0x00,0x09,0x7E,0x70,0x01,0x2E,0xF4,0x00,0x0E,\
0x7E,0xB3,0x35,0x18,0x04,0x7A,0xB3,0x35,0x18,0xBE,0x23,0x35,0x18,0x08,0x03,0x02,\
0x28,0x20,0x4C,0x77,0x68,0x05,0x7C,0xB2,0x02,0x2B,0x63,0x7E,0xB3,0x2E,0xF8,0x20,\
0xE4,0x03,0x02,0x2B,0x1D,0xBE,0xF0,0x01,0x78,0x09,0x4C,0xAA,0x78,0x05,0x7E,0x60,\
0x01,0x80,0x02,0x6C,0x66,0x7A,0x63,0x35,0x21,0xBE,0xF0,0x01,0x78,0x13,0x1A,0xD3,\
0x0B,0xD4,0x7E,0x63,0x31,0x10,0x0A,0x26,0xBD,0xD2,0x78,0x05,0x7E,0x60,0x01,0x80,\
0x02,0x6C,0x66,0x7A,0x63,0x35,0x22,0x7E,0x63,0x31,0x11,0x0A,0xD6,0x1B,0xD4,0x1A,\
0x2F,0xBD,0x2D,0x78,0x09,0xA5,0xBB,0x01,0x05,0x7E,0x60,0x01,0x80,0x02,0x6C,0x66,\
0x7A,0x63,0x35,0x23,0xBD,0x2D,0x78,0x12,0x1A,0xDA,0x0B,0xD5,0x7E,0x63,0x31,0x10,\
0x0A,0x26,0xBD,0xD2,0x78,0x04,0x74,0x01,0x80,0x01,0xE4,0x7A,0xB3,0x35,0x24,0x6C,\
0x77,0x7E,0xB3,0x35,0x21,0x70,0x15,0x7E,0xB3,0x35,0x22,0x70,0x0F,0x7E,0xB3,0x35,\
0x23,0x70,0x09,0x7E,0xB3,0x35,0x24,0x70,0x03,0x02,0x2B,0x15,0x7E,0xF4,0x2D,0x9C,\
0x1A,0xCE,0x7E,0xD4,0x00,0x0E,0xAD,0xDC,0x2D,0xFD,0xE4,0x7A,0xB3,0x35,0x18,0x02,\
0x2B,0x0C,0xA5,0xBF,0x00,0x02,0x80,0x03,0x02,0x2A,0xFF,0x7E,0xF9,0x60,0x7A,0x63,\
0x35,0x1A,0x09,0x6F,0x00,0x01,0x7A,0x63,0x35,0x1B,0x09,0x6F,0x00,0x03,0x7A,0x63,\
0x35,0x1C,0x09,0xBF,0x00,0x05,0x7A,0xB3,0x35,0x1E,0x09,0xBF,0x00,0x06,0x7A,0xB3,\
0x35,0x1F,0x0A,0xD6,0x0B,0xD4,0x1A,0x2F,0xBD,0x2D,0x68,0x03,0x02,0x2A,0xFF,0x7E,\
0xB3,0x35,0x21,0x60,0x0E,0x1A,0xDA,0x0B,0xD4,0x7E,0x63,0x35,0x1E,0x0A,0x26,0xBD,\
0xD2,0x68,0x42,0x7E,0xB3,0x35,0x22,0x60,0x0E,0x7E,0x63,0x35,0x1F,0x0A,0xD6,0x0B,\
0xD4,0x1A,0x23,0xBD,0x2D,0x68,0x2E,0x7E,0xB3,0x35,0x23,0x60,0x0E,0x7E,0x63,0x35,\
0x1F,0x0A,0xD6,0x0B,0xD4,0x1A,0x23,0xBD,0x2D,0x68,0x1A,0x7E,0xB3,0x35,0x24,0x70,\
0x03,0x02,0x2A,0xFF,0x1A,0xDA,0x0B,0xD4,0x7E,0x63,0x35,0x1E,0x0A,0x26,0xBD,0xD2,\
0x68,0x03,0x02,0x2A,0xFF,0x09,0x6F,0x00,0x04,0x7A,0x63,0x35,0x1D,0x09,0xBF,0x00,\
0x07,0x7A,0xB3,0x35,0x20,0x09,0xCF,0x00,0x08,0x7E,0xB3,0x35,0x19,0x1A,0x2B,0x0A,\
0xE6,0x2D,0xE2,0xBE,0xE4,0x00,0xFF,0x08,0x04,0x7E,0xE4,0x00,0xFF,0x7D,0x2E,0x7A,\
0x53,0x35,0x1D,0x7E,0x63,0x35,0x1A,0xBC,0x63,0x28,0x04,0x7A,0x33,0x35,0x1A,0x7E,\
0x63,0x35,0x1B,0xBC,0x6A,0x50,0x04,0x7A,0xA3,0x35,0x1B,0x7E,0x63,0x35,0x20,0xBC,\
0x63,0x28,0x04,0x7A,0x33,0x35,0x20,0xBC,0xCA,0x50,0x02,0x7C,0xCA,0x49,0x2F,0x00,\
0x0A,0xBD,0x24,0x58,0x04,0x59,0x4F,0x00,0x0A,0x49,0x2F,0x00,0x0C,0xBD,0x20,0x08,\
0x04,0x59,0x0F,0x00,0x0C,0x7E,0x63,0x35,0x1A,0x7A,0xF9,0x60,0x7E,0x63,0x35,0x1B,\
0x19,0x6F,0x00,0x01,0x7E,0x63,0x35,0x1D,0x19,0x6F,0x00,0x04,0x7E,0x63,0x35,0x20,\
0x19,0x6F,0x00,0x07,0x19,0xCF,0x00,0x08,0x19,0x7F,0x00,0x09,0x7E,0x70,0x01,0x7E,\
0xB3,0x35,0x18,0x04,0x7A,0xB3,0x35,0x18,0x2E,0xF4,0x00,0x0E,0xBE,0x23,0x35,0x18,\
0x08,0x03,0x02,0x29,0xD2,0x4C,0x77,0x68,0x04,0x7C,0xB2,0x80,0x46,0x1A,0x22,0x1A,\
0x3E,0x2D,0x32,0xBE,0x34,0x00,0x0F,0x58,0x38,0x7A,0xF9,0x30,0x19,0xAF,0x00,0x01,\
0x19,0xFF,0x00,0x02,0x19,0xFF,0x00,0x03,0x7E,0xB3,0x35,0x19,0x19,0xBF,0x00,0x04,\
0x19,0x3F,0x00,0x05,0x19,0xAF,0x00,0x06,0x74,0xFF,0x19,0xBF,0x00,0x07,0xE4,0x19,\
0xBF,0x00,0x08,0x19,0xBF,0x00,0x09,0x59,0x4F,0x00,0x0A,0x59,0x0F,0x00,0x0C,0x0B,\
0x20,0x7C,0xB2,0xDA,0x79,0xDA,0xC8,0x22,0x3E,0x64,0x2E,0x64,0x24,0x17,0x6D,0x44,\
0x7E,0x84,0x7F,0x00,0x7E,0x94,0x7F,0x00,0x6C,0x77,0xBC,0x7A,0x68,0x24,0x0B,0x68,\
0xA0,0xBE,0x74,0x00,0x00,0x68,0x05,0x0B,0x78,0xB0,0x9D,0xAB,0xBD,0xA8,0x58,0x12,\
0xBD,0xA9,0x48,0x06,0x7D,0x8A,0x7C,0x97,0x80,0x08,0x7D,0x89,0x7D,0x9A,0x7C,0x98,\
0x7C,0x87,0x0A,0xAB,0x3E,0xA4,0x2D,0x6A,0xBE,0x74,0x00,0x00,0x68,0x02,0x0B,0x75,\
0xA5,0x0F,0xBE,0x71,0x10,0x40,0xC3,0x22,0x7A,0x71,0x10,0x90,0x2D,0xB0,0x7C,0x37,\
0x12,0xE1,0xB6,0x75,0x11,0x00,0x7E,0x60,0xFF,0xA5,0x0E,0xBE,0x61,0x10,0x50,0x38,\
0x75,0xF0,0xFF,0xE5,0x10,0x0A,0x66,0x6D,0x77,0x12,0x2B,0x68,0x0A,0x06,0x3E,0x04,\
0x59,0x90,0x24,0xF3,0x0A,0x08,0x09,0xB0,0x2D,0xB0,0x04,0x19,0xB0,0x2D,0xB0,0xB4,\
0x01,0x0C,0x19,0x60,0x2E,0x6E,0x0A,0x06,0x19,0x80,0x2D,0xC4,0x80,0xCB,0x0A,0x06,\
0x74,0xFF,0x19,0xB0,0x2D,0xC4,0x80,0xC1,0x7E,0x60,0xFF,0xA5,0x0E,0xBE,0x61,0x10,\
0x50,0x40,0x0A,0x06,0x09,0xB0,0x2D,0xB0,0xB4,0x00,0x0D,0x7E,0x11,0x11,0x0A,0x01,\
0x19,0x60,0x2D,0x9C,0x05,0x11,0x80,0xE3,0xB4,0x01,0xE0,0x0A,0x06,0x09,0xA0,0x2E,\
0x6E,0x7E,0xB0,0x01,0x7C,0xC6,0x7E,0xD1,0x10,0xAC,0xCD,0x7E,0x74,0x24,0xF3,0x12,\
0x2B,0x68,0x0A,0x0A,0x3E,0x04,0x49,0x80,0x24,0xF3,0x9D,0x89,0x59,0x80,0x24,0xF3,\
0x80,0xB9,0x7E,0x60,0x02,0x6C,0x55,0x85,0x11,0x08,0x75,0x11,0x00,0xBE,0x51,0x08,\
0x40,0x03,0x02,0x2C,0xEA,0x0A,0x05,0x09,0xB0,0x2D,0x9C,0xF5,0x09,0xA5,0x0D,0x7E,\
0xA0,0xFF,0x7E,0xB0,0x01,0x7E,0xC1,0x09,0x7E,0xD1,0x10,0xAC,0xCD,0x7E,0x74,0x24,\
0xF3,0x12,0x2B,0x68,0x0A,0x08,0x09,0xB0,0x2D,0xC4,0xF5,0x0A,0x6C,0xAA,0xBD,0x98,\
0x58,0x14,0xD2,0xF0,0x9D,0x89,0x0A,0x08,0x3E,0x04,0x49,0x10,0x24,0xF3,0x9D,0x18,\
0x59,0x10,0x24,0xF3,0x80,0x11,0x74,0xFF,0xBE,0xB1,0x0A,0x68,0x0A,0x7C,0x89,0x0A,\
0x09,0x09,0xB0,0x2D,0xC4,0xF5,0x0A,0xE5,0x09,0x0A,0x0B,0x19,0x80,0x2E,0x6E,0x0A,\
0x08,0x19,0xB0,0x2D,0xC4,0x74,0xFF,0xBE,0xB1,0x0A,0x68,0x91,0x7E,0x21,0x0A,0x30,\
0xF0,0x0B,0xA5,0x1D,0x0A,0x05,0x19,0x20,0x2D,0x9C,0x02,0x2C,0x5D,0xE5,0x11,0x0A,\
0x0B,0x19,0x20,0x2D,0x9C,0x05,0x11,0x02,0x2C,0x5D,0xA5,0x1E,0xBE,0x60,0x00,0x68,\
0x03,0x02,0x2C,0x55,0x7E,0x70,0xFF,0xA5,0x0F,0xBE,0x71,0x11,0x40,0x03,0x02,0x2E,\
0x96,0x0A,0x07,0x09,0xB0,0x2D,0x9C,0xF5,0x13,0x85,0x10,0xF0,0xA4,0x3E,0x54,0x2E,\
0x54,0x24,0x17,0x7D,0xD5,0x7E,0x60,0xFF,0xA5,0x0E,0xBE,0x61,0x10,0x50,0x22,0x0A,\
0xC6,0x0B,0xD8,0x00,0x0B,0xD5,0x3E,0xC4,0x49,0x1C,0x24,0xF3,0x9D,0x01,0x59,0x0C,\
0x24,0xDF,0x1E,0xC4,0x7E,0x01,0x13,0x19,0x0C,0x2D,0xBA,0x19,0x6C,0x2D,0xA6,0x80,\
0xD7,0x7E,0x38,0x00,0x00,0xBC,0xDC,0x78,0x68,0x7C,0xFC,0x0A,0x0D,0x09,0xB0,0x2D,\
0xA6,0x0A,0x0B,0x3E,0x04,0x49,0x80,0x24,0xDF,0x0B,0xD0,0x7C,0x6D,0x1B,0x60,0xA5,\
0x0E,0xBE,0x61,0x10,0x50,0x2A,0x0A,0xC6,0x09,0x8C,0x2D,0xA6,0x0A,0x08,0x3E,0x04,\
0x49,0x90,0x24,0xDF,0xBD,0x98,0x18,0xE7,0x68,0x04,0x7C,0xDC,0x7D,0x89,0x0A,0x0D,\
0x09,0xB0,0x2D,0xA6,0x19,0xBC,0x2D,0xA6,0x19,0x80,0x2D,0xA6,0x0B,0xD0,0x80,0xCF,\
0x7C,0x6C,0x1B,0x60,0xA5,0x0E,0xBC,0x6D,0x50,0x17,0x0A,0xC6,0x09,0x1C,0x2D,0xA6,\
0x0A,0x01,0x09,0xB0,0x2D,0xC4,0xB4,0xFF,0xEB,0x7A,0x11,0x12,0x7E,0xE0,0x01,0x80,\
0x00,0x7C,0xBE,0x60,0x03,0x02,0x2E,0x48,0x0A,0x0C,0x09,0x20,0x2D,0xA6,0x0B,0xC0,\
0x0A,0x02,0x09,0x90,0x2D,0xC4,0x7C,0x09,0x7E,0x11,0x10,0xAC,0x01,0x3E,0x04,0x2E,\
0x04,0x24,0x17,0x7D,0xD0,0x0A,0x02,0x3E,0x04,0x49,0x10,0x24,0xF3,0x2D,0x18,0x2D,\
0x0D,0x0B,0x08,0x90,0x9D,0x91,0x7C,0x6D,0x1B,0x60,0xA5,0x0E,0xBE,0x61,0x10,0x50,\
0x57,0x0A,0xC6,0x09,0x8C,0x2D,0xA6,0x0A,0x08,0x3E,0x04,0x49,0x10,0x24,0xF3,0x2D,\
0x19,0x2D,0x0D,0x0B,0x08,0xA0,0x9D,0xA1,0x0A,0x08,0x3E,0x04,0x49,0x10,0x24,0xDF,\
0xBD,0xA1,0x58,0xD6,0x0A,0x08,0x19,0x90,0x2D,0xBA,0xBD,0xA8,0x78,0x1F,0x09,0xB0,\
0x2D,0xC4,0xB4,0xFF,0x08,0x7A,0x81,0x12,0x7E,0xE0,0x01,0x80,0x1B,0x0A,0x0D,0x09,\
0xB0,0x2D,0xA6,0x19,0xBC,0x2D,0xA6,0x19,0x80,0x2D,0xA6,0x0B,0xD0,0x0A,0x08,0x3E,\
0x04,0x59,0xA0,0x24,0xDF,0x02,0x2D,0xEA,0x7C,0xBE,0x70,0x03,0x02,0x2D,0x45,0x7E,\
0x60,0xFF,0xA5,0x0E,0xBC,0x6F,0x50,0x1B,0x0A,0x06,0x09,0xB0,0x2D,0xA6,0x23,0x0A,\
0x0B,0x49,0x10,0x24,0xF3,0x49,0x20,0x24,0xDF,0x2D,0x12,0x9D,0x18,0x59,0x10,0x24,\
0xF3,0x80,0xDF,0xE5,0x12,0x6C,0xAA,0x09,0x05,0x2D,0xBA,0x19,0x05,0x2D,0xC4,0x0A,\
0x50,0x7E,0x01,0x12,0x09,0x15,0x2E,0x6E,0x7A,0x11,0x12,0x19,0x05,0x2E,0x6E,0x65,\
0x13,0x78,0xE0,0x02,0x2C,0xF7,0x22,0xCA,0x3B,0xC0,0xD0,0x75,0xD0,0x00,0x7C,0x7B,\
0x12,0x2B,0xB8,0xD0,0xD0,0xDA,0x3B,0x22,0x7E,0x03,0x38,0x26,0x7E,0x14,0x00,0x00,\
0x1B,0x38,0x10,0x0B,0x35,0xA5,0xD8,0xF8,0x22,0x7D,0xF3,0x7D,0xE2,0x7E,0xC4,0x08,\
0x00,0x7E,0x03,0x38,0x26,0x9F,0x11,0x7F,0x51,0x0B,0xE8,0x30,0x0B,0xE5,0x1A,0x26,\
0x1A,0x24,0x0B,0x18,0x50,0x1B,0x18,0x30,0x0B,0x15,0x1A,0x4A,0x1A,0x48,0x9F,0x12,\
0x9F,0x51,0xBE,0x58,0x08,0x00,0x58,0x0F,0xBE,0x5C,0xF8,0x00,0x08,0x09,0x1B,0xF8,\
0xB0,0x0B,0xF5,0xA5,0xD8,0xD1,0x22,0x1B,0xF8,0xC0,0x0B,0xF5,0xA5,0xD8,0xC8,0x22,\
0x7D,0xF3,0x7D,0xE2,0x7E,0xC4,0x08,0x00,0x7E,0x03,0x38,0x26,0x9F,0x11,0x7F,0x51,\
0x0B,0xE8,0x30,0x0B,0xE5,0x0E,0x34,0x1A,0x26,0x1A,0x24,0x0B,0x18,0x50,0x1B,0x18,\
0x30,0x0B,0x15,0x1A,0x4A,0x1A,0x48,0x9F,0x12,0x9F,0x51,0xBE,0x58,0x08,0x00,0x58,\
0x0F,0xBE,0x5C,0xF8,0x00,0x08,0x09,0x1B,0xF8,0xB0,0x0B,0xF5,0xA5,0xD8,0xCF,0x22,\
0x1B,0xF8,0xC0,0x0B,0xF5,0xA5,0xD8,0xC6,0x22,0x7D,0xF3,0x7D,0xE2,0x7E,0xC4,0x08,\
0x00,0x7E,0x03,0x38,0x26,0x9F,0x11,0x7F,0x51,0x0B,0xE8,0x30,0x0B,0xE5,0x0E,0x34,\
0x0E,0x34,0x1A,0x26,0x1A,0x24,0x0B,0x18,0x50,0x1B,0x18,0x30,0x0B,0x15,0x1A,0x4A,\
0x1A,0x48,0x9F,0x12,0x9F,0x51,0xBE,0x58,0x08,0x00,0x58,0x0F,0xBE,0x5C,0xF8,0x00,\
0x08,0x09,0x1B,0xF8,0xB0,0x0B,0xF5,0xA5,0xD8,0xCD,0x22,0x1B,0xF8,0xC0,0x0B,0xF5,\
0xA5,0xD8,0xC4,0x22,0x7D,0xF3,0x7D,0xE2,0x7E,0xC4,0x08,0x00,0x7E,0x03,0x38,0x26,\
0x9F,0x11,0x7F,0x51,0x0B,0xE8,0x30,0x0B,0xE5,0x0E,0x34,0x0E,0x34,0x0E,0x34,0x1A,\
0x26,0x1A,0x24,0x0B,0x18,0x50,0x1B,0x18,0x30,0x0B,0x15,0x1A,0x4A,0x1A,0x48,0x9F,\
0x12,0x9F,0x51,0xBE,0x58,0x08,0x00,0x58,0x0F,0xBE,0x5C,0xF8,0x00,0x08,0x09,0x1B,\
0xF8,0xB0,0x0B,0xF5,0xA5,0xD8,0xCB,0x22,0x1B,0xF8,0xC0,0x0B,0xF5,0xA5,0xD8,0xC2,\
0x22,0x7D,0xF3,0x7D,0xE2,0x7E,0xC4,0x08,0x00,0x7E,0x03,0x38,0x26,0x9F,0x11,0x7F,\
0x51,0x0B,0xE8,0x30,0x0B,0xE5,0x0E,0x34,0x0E,0x34,0x0E,0x34,0x0E,0x34,0x1A,0x26,\
0x1A,0x24,0x0B,0x18,0x50,0x1B,0x18,0x30,0x0B,0x15,0x1A,0x4A,0x1A,0x48,0x9F,0x12,\
0x9F,0x51,0xBE,0x58,0x08,0x00,0x58,0x0F,0xBE,0x5C,0xF8,0x00,0x08,0x09,0x1B,0xF8,\
0xB0,0x0B,0xF5,0xA5,0xD8,0xC9,0x22,0x1B,0xF8,0xC0,0x0B,0xF5,0xA5,0xD8,0xC0,0x22,\
0x7D,0xF3,0x7D,0xE2,0x7E,0x03,0x38,0x26,0x9F,0x55,0x0B,0xF8,0x30,0x1A,0x26,0x1A,\
0x24,0x7E,0xE9,0xB0,0x0B,0xE4,0x70,0x15,0x9F,0x51,0x0B,0x18,0x30,0x2D,0x3B,0x1B,\
0x18,0x30,0x0B,0x15,0x1B,0xF8,0x30,0x0B,0xF5,0xA5,0xD8,0xDE,0x22,0x0B,0x18,0x50,\
0x1A,0x4A,0x1A,0x48,0x7F,0x51,0x9F,0x52,0x1B,0x18,0x30,0x0B,0x15,0x1B,0xF8,0x30,\
0x0B,0xF5,0xA5,0xD8,0xC5,0x22,0x7D,0xF3,0x7D,0xE2,0x7E,0x03,0x38,0x26,0x9F,0x55,\
0x0B,0xF8,0x30,0x1A,0x26,0x1A,0x24,0x7E,0xE9,0xB0,0x0B,0xE4,0x70,0x17,0x9F,0x51,\
0x0B,0x18,0x30,0x2D,0x3B,0x1B,0x18,0x30,0x0B,0x15,0x3E,0x34,0x1B,0xF8,0x30,0x0B,\
0xF5,0xA5,0xD8,0xDC,0x22,0x0B,0x18,0x50,0x1A,0x4A,0x1A,0x48,0x7F,0x51,0x9F,0x52,\
0x1B,0x18,0x30,0x0B,0x15,0x3E,0x34,0x1B,0xF8,0x30,0x0B,0xF5,0xA5,0xD8,0xC1,0x22,\
0x7D,0xF3,0x7D,0xE2,0x7E,0x03,0x38,0x26,0x9F,0x55,0x0B,0xF8,0x30,0x1A,0x26,0x1A,\
0x24,0x7E,0xE9,0xB0,0x0B,0xE4,0x70,0x1D,0x9F,0x51,0x0B,0x18,0x30,0x2D,0x3B,0x1B,\
0x18,0x30,0x0B,0x15,0x3E,0x34,0x3E,0x34,0x4E,0x34,0x00,0x01,0x1B,0xF8,0x30,0x0B,\
0xF5,0xA5,0xD8,0xD6,0x22,0x0B,0x18,0x50,0x1A,0x4A,0x1A,0x48,0x7F,0x51,0x9F,0x52,\
0x1B,0x18,0x30,0x0B,0x15,0x3E,0x34,0x3E,0x34,0x4E,0x34,0x00,0x01,0x1B,0xF8,0x30,\
0x0B,0xF5,0xA5,0xD8,0xB5,0x22,0x7D,0xF3,0x7D,0xE2,0x7E,0x03,0x38,0x26,0x9F,0x55,\
0x0B,0xF8,0x30,0x1A,0x26,0x1A,0x24,0x7E,0xE9,0xB0,0x0B,0xE4,0x70,0x1F,0x9F,0x51,\
0x0B,0x18,0x30,0x2D,0x3B,0x1B,0x18,0x30,0x0B,0x15,0x3E,0x34,0x3E,0x34,0x3E,0x34,\
0x4E,0x34,0x00,0x03,0x1B,0xF8,0x30,0x0B,0xF5,0xA5,0xD8,0xD4,0x22,0x0B,0x18,0x50,\
0x1A,0x4A,0x1A,0x48,0x7F,0x51,0x9F,0x52,0x1B,0x18,0x30,0x0B,0x15,0x3E,0x34,0x3E,\
0x34,0x3E,0x34,0x4E,0x34,0x00,0x03,0x1B,0xF8,0x30,0x0B,0xF5,0xA5,0xD8,0xB1,0x22,\
0x7D,0xF3,0x7D,0xE2,0x7E,0x03,0x38,0x26,0x9F,0x55,0x0B,0xF8,0x30,0x1A,0x26,0x1A,\
0x24,0x7E,0xE9,0xB0,0x0B,0xE4,0x70,0x21,0x9F,0x51,0x0B,0x18,0x30,0x2D,0x3B,0x1B,\
0x18,0x30,0x0B,0x15,0x3E,0x34,0x3E,0x34,0x3E,0x34,0x3E,0x34,0x4E,0x34,0x00,0x07,\
0x1B,0xF8,0x30,0x0B,0xF5,0xA5,0xD8,0xD2,0x22,0x0B,0x18,0x50,0x1A,0x4A,0x1A,0x48,\
0x7F,0x51,0x9F,0x52,0x1B,0x18,0x30,0x0B,0x15,0x3E,0x34,0x3E,0x34,0x3E,0x34,0x3E,\
0x34,0x4E,0x34,0x00,0x07,0x1B,0xF8,0x30,0x0B,0xF5,0xA5,0xD8,0xAD,0x22,0xCA,0x3B,\
0x7D,0x61,0x7C,0xE5,0x7C,0xFB,0x7A,0x37,0x34,0xF2,0x4D,0x61,0x68,0x05,0x6D,0x33,\
0x1B,0x68,0x30,0x7E,0xB3,0x2E,0xC6,0x70,0x04,0xE4,0x02,0x34,0xDB,0x7E,0x34,0x26,\
0x0E,0x7A,0x37,0x35,0x00,0x7E,0x73,0x26,0x0C,0x7A,0x73,0x34,0xFE,0x7E,0x73,0x26,\
0x0D,0xBE,0x73,0x34,0xFE,0x68,0x13,0x7E,0x73,0x34,0xFE,0x7A,0x73,0x26,0x0D,0x7E,\
0x37,0x35,0x00,0x7E,0x24,0x00,0x14,0x12,0xDF,0x15,0x7E,0xB3,0x25,0xCA,0x60,0x12,\
0x7E,0xB3,0x34,0xFE,0xBE,0xB0,0xFF,0x68,0x09,0x7E,0x73,0x25,0xC5,0xBE,0x70,0x02,\
0x28,0x08,0xE4,0x7A,0xB3,0x26,0x22,0x02,0x33,0xC3,0x7E,0xB3,0x26,0x23,0x7A,0xB3,\
0x34,0xFF,0x60,0x17,0x7E,0xB3,0x34,0xFF,0x04,0x7A,0xB3,0x34,0xFF,0x7E,0x73,0x34,\
0xFF,0xBE,0x70,0x3C,0x28,0x05,0xE4,0x7A,0xB3,0x34,0xFF,0x7E,0x73,0x34,0xFF,0x7A,\
0x73,0x26,0x23,0x7E,0xB3,0x34,0xFE,0x14,0x7A,0xB3,0x34,0xFE,0x7E,0x73,0x34,0xFE,\
0xBE,0x70,0x00,0x50,0x05,0xE4,0x7A,0xB3,0x34,0xFE,0x7E,0x73,0x31,0x11,0x0A,0x17,\
0x1B,0x15,0x7E,0x63,0x34,0xFE,0x0A,0x26,0xBD,0x21,0x48,0x0A,0x0A,0x37,0x9E,0x34,\
0x00,0x03,0x7A,0x73,0x34,0xFE,0x7E,0xB3,0x34,0xFE,0x7E,0x08,0x34,0xF5,0x9F,0x11,\
0x12,0xD5,0x13,0x1A,0x3F,0x7E,0x53,0x34,0xFE,0x0A,0x25,0xAD,0x32,0x7D,0x43,0x3E,\
0x44,0x2E,0x47,0x34,0xF2,0x7E,0x54,0xC0,0x00,0x7A,0x57,0x34,0xF7,0x7E,0x73,0x2E,\
0xBA,0x0A,0x87,0x7E,0xB3,0x2E,0x9B,0x20,0xE0,0x06,0x7E,0x73,0x2E,0xE4,0x0A,0x87,\
0xE4,0x02,0x33,0xA0,0x7D,0x94,0x7E,0x37,0x34,0xF5,0x6D,0x22,0x6C,0x33,0x0B,0x38,\
0x00,0x0B,0x98,0x50,0x9D,0x50,0x7A,0x57,0x34,0xF9,0xBE,0x54,0x0F,0xA0,0x08,0x08,\
0x7E,0x54,0x0F,0xA0,0x7A,0x57,0x34,0xF9,0x7E,0x57,0x34,0xF9,0xBE,0x54,0xF0,0x60,\
0x58,0x08,0x7E,0x54,0xF0,0x60,0x7A,0x57,0x34,0xF9,0xA5,0xBB,0x01,0x41,0x7E,0x57,\
0x35,0x00,0x7E,0x59,0x20,0x7A,0x23,0x34,0xFF,0xBE,0x87,0x34,0xF9,0x58,0x20,0x7E,\
0xB3,0x34,0xFF,0x04,0x7A,0xB3,0x34,0xFF,0x7E,0x23,0x34,0xFF,0xBE,0x20,0x04,0x40,\
0x13,0x74,0xFF,0x7A,0xB3,0x34,0xFF,0x74,0x3C,0x7A,0xB3,0x26,0x22,0x80,0x05,0xE4,\
0x7A,0xB3,0x34,0xFF,0x7E,0x23,0x34,0xFF,0x7E,0x57,0x35,0x00,0x7A,0x59,0x20,0x7E,\
0x57,0x34,0xF9,0x2D,0x25,0x1A,0x5F,0x3E,0x54,0x2D,0x95,0x7E,0xB3,0x31,0x10,0x7E,\
0x20,0x02,0xAC,0xB2,0x2D,0x35,0x0B,0x30,0xBE,0x30,0x03,0x58,0x03,0x02,0x32,0xDE,\
0x7E,0x57,0x34,0xF7,0x1B,0x58,0x20,0x7E,0x57,0x34,0xF7,0x0B,0x55,0x7A,0x57,0x34,\
0xF7,0x1A,0x5E,0x3E,0x54,0x2D,0x45,0x7E,0x57,0x34,0xF5,0x0B,0x55,0x7A,0x57,0x34,\
0xF5,0x7E,0x57,0x35,0x00,0x0B,0x54,0x7A,0x57,0x35,0x00,0x7E,0xB3,0x34,0xF4,0x04,\
0x7A,0xB3,0x34,0xF4,0x7E,0x23,0x31,0x10,0xBE,0x23,0x34,0xF4,0x28,0x03,0x02,0x32,\
0xD4,0x7E,0xB3,0x26,0x22,0x60,0x14,0x14,0x7A,0xB3,0x26,0x22,0x7E,0xB3,0x2E,0xC7,\
0x20,0xE7,0x08,0xE4,0x7A,0xB3,0x26,0x23,0x02,0x34,0xDB,0xE4,0x7A,0xB3,0x34,0xFD,\
0x6D,0x33,0x7A,0x37,0x34,0xFB,0x7E,0x73,0x2E,0xC6,0x3E,0x34,0x7D,0x23,0x7E,0xB3,\
0x2E,0xC7,0x54,0x0F,0x0A,0x1B,0xAD,0x13,0x0E,0x14,0x2D,0x21,0x3E,0x24,0x7E,0x14,\
0xC0,0x00,0x7A,0x17,0x34,0xF7,0x7E,0x17,0xC0,0x00,0x7E,0x04,0xC0,0x02,0x7A,0x07,\
0x34,0xF7,0x7E,0x57,0x34,0xF7,0x0B,0x58,0x00,0x0B,0x55,0x7A,0x57,0x34,0xF7,0x74,\
0x01,0x80,0x75,0x7E,0x57,0x34,0xF7,0x0B,0x58,0x40,0x0B,0x55,0x7A,0x57,0x34,0xF7,\
0x7D,0x50,0x3E,0x54,0x7D,0xF4,0x2D,0xF1,0x9D,0x5F,0x7A,0x57,0x34,0xF9,0xBE,0x54,\
0x00,0x00,0x58,0x0A,0x6D,0x55,0x9E,0x57,0x34,0xF9,0x7A,0x57,0x34,0xF9,0xBE,0x27,\
0x34,0xF9,0x58,0x3B,0x7D,0xF1,0xBE,0xF4,0x00,0x00,0x58,0x06,0x6E,0xF4,0xFF,0xFF,\
0x0B,0xF4,0x7D,0xE4,0xBE,0xE4,0x00,0x00,0x58,0x06,0x6E,0xE4,0xFF,0xFF,0x0B,0xE4,\
0x7D,0x5E,0x2D,0x5F,0xBD,0x53,0x58,0x17,0x7E,0x57,0x34,0xF9,0xBE,0x57,0x34,0xFB,\
0x08,0x04,0x7A,0x57,0x34,0xFB,0x7E,0xB3,0x34,0xFD,0x04,0x7A,0xB3,0x34,0xFD,0x7D,\
0x10,0x7D,0x04,0x7E,0xB3,0x34,0xF4,0x04,0x7A,0xB3,0x34,0xF4,0x7E,0xB3,0x31,0x10,\
0x0A,0xDB,0x1B,0xD4,0x7E,0xB3,0x34,0xF4,0x1A,0x5B,0xBD,0x5D,0x58,0x03,0x02,0x34,\
0x13,0x4D,0x66,0x68,0x07,0x7E,0x37,0x34,0xFB,0x1B,0x68,0x30,0x7E,0xB3,0x2E,0xC7,\
0xC4,0x54,0x07,0xBE,0xB3,0x34,0xFD,0x50,0x21,0x7E,0x73,0x26,0x23,0x7A,0x73,0x34,\
0xFF,0xBE,0x70,0x05,0x28,0x04,0x74,0x02,0x80,0x11,0x7E,0xB3,0x34,0xFF,0x70,0x06,\
0x74,0x01,0x7A,0xB3,0x26,0x23,0x74,0x01,0x80,0x01,0xE4,0xDA,0x3B,0x22,0xCA,0x3B,\
0x7C,0xE4,0x7A,0x53,0x36,0x42,0x7C,0x2B,0x7D,0x63,0x6C,0x66,0x7E,0xF0,0x01,0x7D,\
0x06,0x0B,0x06,0x7A,0x07,0x36,0x43,0x6D,0x00,0x7A,0x07,0x36,0x45,0x30,0x01,0x03,\
0x7E,0x60,0x01,0x7E,0xB3,0x03,0x92,0xB4,0x02,0x03,0x7E,0x60,0x01,0x7A,0x69,0x20,\
0x7E,0x43,0x36,0x42,0x0A,0x04,0x3E,0x04,0x2E,0x04,0x00,0x03,0x19,0x16,0x00,0x01,\
0x19,0xE6,0x00,0x02,0x19,0x36,0x00,0x03,0x1B,0x22,0x78,0x03,0x02,0x36,0x04,0x1B,\
0x21,0x78,0x03,0x02,0x35,0xC1,0x1B,0x20,0x68,0x73,0x1B,0x20,0x78,0x03,0x02,0x36,\
0x8A,0x1B,0x20,0x68,0x03,0x02,0x37,0x6D,0x6C,0x55,0x7E,0x10,0x02,0xAC,0x15,0x49,\
0x50,0x80,0x00,0x2E,0x07,0x36,0x43,0x1B,0x08,0x50,0x0B,0x50,0xA5,0xBD,0x04,0xEA,\
0x30,0x02,0x0E,0x7E,0x27,0x36,0x43,0x0B,0x26,0x0B,0x28,0x30,0x4E,0x70,0x80,0x80,\
0x0C,0x7E,0x27,0x36,0x43,0x0B,0x26,0x0B,0x28,0x30,0x5E,0x70,0x7F,0x1B,0x28,0x30,\
0x7E,0xB3,0x23,0xAD,0x54,0x0F,0x0A,0x0B,0x3E,0x04,0x3E,0x04,0x3E,0x04,0x3E,0x04,\
0x7E,0x73,0x23,0xAC,0x7C,0x27,0x6C,0x33,0x4D,0x10,0x7E,0x27,0x36,0x43,0x2E,0x24,\
0x00,0x06,0x0B,0x28,0x30,0x4D,0x31,0x1B,0x28,0x30,0x02,0x37,0x6D,0x4C,0x66,0x68,\
0x0A,0x74,0x10,0x6C,0x77,0x12,0xC2,0x9E,0x02,0x37,0x69,0x12,0xE0,0x61,0x02,0x37,\
0x69,0x4C,0x66,0x68,0x18,0x7E,0xF0,0x02,0xAC,0xEF,0x74,0x02,0x6C,0x77,0x12,0xA2,\
0x5D,0x2D,0x37,0x7A,0x37,0x36,0x45,0x7E,0xF1,0x45,0x02,0x37,0x6D,0x4C,0xEE,0x78,\
0x04,0xE5,0x48,0x70,0x0B,0x7C,0xBE,0x9E,0xB1,0x48,0x12,0xDA,0xF0,0x02,0x37,0x69,\
0x6D,0x33,0x7A,0x37,0x36,0x45,0xE4,0x7A,0xB3,0x36,0x42,0x74,0x03,0x19,0xB6,0x00,\
0x01,0x02,0x37,0x6D,0x30,0x0D,0x07,0x7E,0xB3,0x23,0xE3,0xB4,0x11,0x63,0x4C,0x66,\
0x68,0x12,0xA5,0xBB,0x00,0x04,0x74,0x04,0x80,0x02,0x74,0x80,0x7C,0x7E,0x12,0xA2,\
0x5D,0x02,0x37,0x69,0xA5,0xBB,0x00,0x3F,0x7E,0xB3,0x23,0xE3,0xB4,0x02,0x0D,0x7E,\
0xB3,0x03,0x92,0x70,0x07,0x7E,0x34,0x02,0x6F,0x02,0x37,0x69,0x12,0xE0,0x50,0x7A,\
0x37,0x36,0x45,0x7E,0xB3,0x36,0x42,0x9E,0xB1,0x48,0x7A,0xB3,0x36,0x42,0xE5,0x48,\
0x19,0xB6,0x00,0x03,0x7E,0x73,0x36,0x42,0x0A,0x37,0x3E,0x34,0x2E,0x34,0x00,0x03,\
0x19,0x76,0x00,0x01,0x02,0x37,0x6D,0x74,0x80,0x7C,0x7E,0x12,0xA2,0x5D,0x02,0x37,\
0x69,0x4C,0x66,0x68,0x0E,0x7E,0x71,0x45,0xAC,0x7E,0x3E,0x34,0x2E,0x34,0x80,0x08,\
0x02,0x37,0x69,0x7E,0x34,0x02,0x6F,0x02,0x37,0x69,0x30,0x01,0x0A,0x74,0x08,0x7C,\
0x7E,0x12,0xA2,0x5D,0x02,0x37,0x69,0x7E,0xB3,0x03,0x93,0x70,0x03,0x02,0x37,0x62,\
0x7E,0x63,0x36,0x42,0x7E,0x70,0x02,0xAC,0x67,0x7E,0x17,0x36,0x43,0x6D,0x00,0x12,\
0xE0,0x2E,0x4C,0xEE,0x78,0x13,0x7E,0x34,0x00,0x0D,0xCA,0x39,0x7E,0x17,0x36,0x43,\
0x6D,0x00,0x7E,0x18,0x04,0x19,0x02,0x37,0x5B,0xBE,0xE0,0x01,0x68,0x03,0x02,0x37,\
0x6D,0x7E,0xB3,0x03,0x93,0xB4,0x03,0x12,0x7E,0x34,0x00,0x0D,0xCA,0x39,0x7E,0x17,\
0x36,0x43,0x6D,0x00,0x7E,0x18,0x04,0x47,0x80,0x71,0x7E,0xB3,0x03,0x93,0xB4,0x05,\
0x14,0x7E,0x34,0x00,0x18,0xCA,0x39,0x7E,0x17,0x36,0x43,0x0B,0x15,0x6D,0x00,0x7E,\
0x18,0x03,0xB9,0x80,0x17,0x7E,0xB3,0x03,0x93,0xB4,0x02,0x17,0x7E,0x34,0x00,0x1A,\
0xCA,0x39,0x7E,0x17,0x36,0x43,0x6D,0x00,0x7E,0x18,0x04,0x26,0x12,0xD9,0xBE,0x1B,\
0xFD,0x80,0x4A,0x7E,0xB3,0x03,0x93,0xB4,0x01,0x43,0x7E,0x73,0x02,0x50,0x7A,0x73,\
0x03,0xE4,0xE5,0x51,0x0A,0x2B,0x7E,0x37,0x36,0x43,0x1B,0x38,0x20,0xE5,0x52,0x0A,\
0x3B,0x7E,0x27,0x36,0x43,0x59,0x32,0x00,0x02,0x7E,0x34,0x00,0x0B,0xCA,0x39,0x7E,\
0x17,0x36,0x43,0x0B,0x16,0x6D,0x00,0x7E,0x18,0x03,0xDA,0x12,0xD8,0xE1,0x1B,0xFD,\
0x80,0x0B,0x74,0x08,0x7C,0x7E,0x12,0xA2,0x5D,0x7A,0x37,0x36,0x45,0xE4,0x7D,0x36,\
0x7E,0x27,0x36,0x43,0x9D,0x26,0x12,0xC8,0x91,0x7C,0x7B,0x7E,0x27,0x36,0x45,0x4D,\
0x22,0x68,0x13,0x7C,0xB7,0x7E,0x37,0x36,0x43,0x7E,0x33,0x36,0x42,0x7C,0x2F,0x12,\
0xC8,0xA4,0x7C,0x7B,0x80,0x11,0x7C,0xB7,0x7E,0x37,0x36,0x43,0x7E,0x53,0x36,0x42,\
0x3E,0x50,0x12,0xC8,0x91,0x7C,0x7B,0x09,0x66,0x00,0x01,0x0A,0x26,0x2D,0x26,0x19,\
0x72,0x00,0x01,0xDA,0x3B,0x22,0xCA,0x3B,0x7A,0x07,0x34,0xF3,0x7D,0x71,0x7D,0x62,\
0x7A,0x37,0x34,0xF1,0x7E,0x24,0x00,0x0A,0x12,0xDF,0x15,0xE4,0x7A,0xB3,0x34,0xF6,\
0x7A,0xB3,0x34,0xF5,0x7E,0x73,0x34,0xF5,0x1A,0x27,0x09,0xA2,0x32,0xEF,0xBE,0xA0,\
0x02,0x50,0x03,0x02,0x3A,0x14,0x09,0xB2,0x33,0x49,0x7A,0xB3,0x35,0x04,0xBE,0xB0,\
0x00,0x58,0x10,0xBE,0xA0,0x05,0x68,0x03,0x02,0x3A,0x14,0xE4,0x19,0xB2,0x32,0xEF,\
0x02,0x3A,0x14,0x09,0xB2,0x33,0xC1,0x20,0xE7,0x06,0x7E,0xB3,0x25,0xF4,0x60,0x08,\
0xE4,0x7A,0xB3,0x35,0x03,0x02,0x39,0xEC,0x7E,0xB3,0x35,0x04,0x1A,0x3B,0x2E,0x37,\
0x34,0xF1,0x7A,0x37,0x35,0x05,0xBE,0xA0,0x05,0x78,0x14,0xE4,0x7E,0x37,0x35,0x05,\
0x7A,0x39,0xB0,0x7E,0xA3,0x34,0xF5,0x1A,0x3A,0x19,0xB3,0x32,0xEF,0x80,0x5C,0x74,\
0x01,0x7E,0x37,0x35,0x05,0x7A,0x39,0xB0,0x7E,0x73,0x34,0xF5,0x1A,0x47,0x09,0xA4,\
0x32,0xEF,0xBE,0xA0,0x03,0x78,0x36,0x7E,0xB3,0x2E,0xFB,0x30,0xE5,0x02,0x80,0x32,\
0x7E,0xB3,0x2E,0xB6,0x0A,0x3B,0x1B,0x34,0x7C,0xB7,0x7A,0x73,0x34,0xFD,0xBE,0xB0,\
0x02,0x28,0x06,0x74,0x02,0x7A,0xB3,0x34,0xFD,0x09,0xB4,0x32,0xE5,0xBE,0xB3,0x34,\
0xFD,0x50,0x02,0x80,0x0D,0x74,0x04,0x19,0xB4,0x32,0xEF,0x80,0x0E,0xBE,0xA0,0x04,\
0x78,0x09,0x74,0x03,0x7E,0x37,0x35,0x05,0x7A,0x39,0xB0,0x7E,0x73,0x34,0xF5,0x1A,\
0x27,0x09,0x72,0x32,0xEF,0xBE,0x70,0x04,0x50,0x16,0xBE,0x70,0x02,0x40,0x11,0x7E,\
0xB3,0x34,0xF5,0x7E,0x34,0x34,0xFE,0x7E,0x24,0x35,0x00,0x12,0xD9,0x75,0x80,0x20,\
0x7E,0x73,0x34,0xF5,0x1A,0x37,0x3E,0x34,0x49,0x33,0x32,0x59,0x7A,0x37,0x34,0xFE,\
0x7E,0x73,0x34,0xF5,0x1A,0x37,0x3E,0x34,0x49,0x33,0x32,0x6D,0x7A,0x37,0x35,0x00,\
0x7E,0x33,0x2E,0xA7,0x7A,0x33,0x34,0xF7,0x7E,0x23,0x2E,0xA8,0x7A,0x23,0x34,0xF8,\
0x7E,0x23,0x2E,0xA9,0x7A,0x23,0x34,0xF9,0x7E,0x73,0x2E,0xAA,0x7A,0x73,0x34,0xFA,\
0x7E,0x13,0x2E,0xAB,0x7A,0x13,0x34,0xFB,0x7E,0x03,0x2E,0xAC,0x7A,0x03,0x34,0xFC,\
0x7E,0xB3,0x31,0x0D,0x7A,0xB3,0x35,0x07,0x7E,0x37,0x2E,0xAD,0x7A,0x37,0x35,0x08,\
0x7E,0x03,0x2E,0xB2,0x7A,0x03,0x35,0x0B,0x7E,0x34,0x35,0x02,0x7A,0x37,0x35,0x0C,\
0x7E,0x37,0x34,0xFE,0x7E,0x27,0x31,0x12,0x7E,0x03,0x2E,0xB1,0x12,0x87,0x1D,0x7D,\
0x23,0x7E,0x73,0x35,0x04,0x1A,0x37,0x3E,0x34,0x2D,0x36,0x1B,0x38,0x20,0x7E,0xB3,\
0x35,0x02,0xB4,0x01,0x12,0xE4,0x7E,0xA3,0x34,0xF5,0x1A,0x3A,0x19,0xB3,0x32,0xEF,\
0x7E,0x37,0x35,0x05,0x7A,0x39,0xB0,0x7E,0xB3,0x31,0x0E,0x7A,0xB3,0x35,0x07,0x7E,\
0x37,0x2E,0xAF,0x7A,0x37,0x35,0x08,0x7E,0xA3,0x2E,0xB4,0x7A,0xA3,0x35,0x0B,0x7E,\
0x34,0x35,0x02,0x7A,0x37,0x35,0x0C,0x7E,0x37,0x35,0x00,0x7E,0x27,0x31,0x14,0x7E,\
0x33,0x34,0xF8,0x7E,0x23,0x34,0xFA,0x7E,0x13,0x34,0xFC,0x7E,0x03,0x2E,0xB3,0x12,\
0x87,0x1D,0x7D,0x23,0x7E,0x73,0x35,0x04,0x1A,0x37,0x3E,0x34,0x2D,0x37,0x1B,0x38,\
0x20,0x7E,0xB3,0x35,0x02,0xB4,0x01,0x12,0xE4,0x7E,0xA3,0x34,0xF5,0x1A,0x3A,0x19,\
0xB3,0x32,0xEF,0x7E,0x37,0x35,0x05,0x7A,0x39,0xB0,0x7E,0x73,0x34,0xF5,0x1A,0x37,\
0x09,0x53,0x33,0x0D,0x7E,0x43,0x35,0x04,0x1A,0x34,0x2E,0x37,0x34,0xF3,0x7A,0x39,\
0x50,0x7E,0x37,0x35,0x05,0x7E,0x39,0x70,0x7A,0x73,0x35,0x03,0x7E,0xB3,0x35,0x03,\
0x60,0x0B,0x7E,0xB3,0x34,0xF6,0x04,0x7A,0xB3,0x34,0xF6,0x80,0x17,0xE4,0x7E,0xA3,\
0x35,0x04,0x1A,0x3A,0x19,0xB3,0x33,0x53,0x74,0xFE,0x7E,0xA3,0x34,0xF5,0x1A,0x3A,\
0x19,0xB3,0x33,0x49,0x7E,0xB3,0x34,0xF5,0x04,0x7A,0xB3,0x34,0xF5,0x7E,0x73,0x34,\
0xF5,0xBE,0x70,0x0A,0x58,0x03,0x02,0x37,0xD4,0x7E,0xB3,0x2E,0xE6,0x30,0xE7,0x43,\
0x7E,0xB3,0x34,0xF6,0x04,0x7A,0xB3,0x34,0xF6,0x7E,0x73,0x2C,0xAD,0x0A,0x37,0x59,\
0x36,0x00,0x12,0x7E,0x63,0x2C,0xAC,0x7E,0x70,0x64,0xAC,0x67,0x7E,0x53,0x2C,0xB0,\
0x0A,0x25,0x2D,0x32,0x59,0x37,0x00,0x12,0x7E,0xB3,0x34,0xF6,0x04,0x7A,0xB3,0x34,\
0xF6,0x7E,0x73,0x2D,0x4B,0x0A,0x37,0x59,0x36,0x00,0x10,0x7E,0x73,0x2D,0x4C,0x59,\
0x37,0x00,0x10,0x7E,0x73,0x34,0xF6,0x1A,0x37,0xDA,0x3B,0x22,0xCA,0x3B,0x7A,0x03,\
0x34,0xFA,0x7A,0x13,0x34,0xF9,0x7A,0x23,0x34,0xF8,0x7A,0x33,0x34,0xF7,0x7D,0x62,\
0x7D,0x73,0x7E,0x73,0x34,0xF7,0x7A,0x73,0x34,0xFD,0x7E,0xB3,0x34,0xFA,0x60,0x06,\
0x74,0x04,0x7A,0xB3,0x34,0xFD,0xE4,0x7A,0xB3,0x34,0xFB,0x9F,0x11,0x7A,0x1F,0x35,\
0x05,0xE4,0x7A,0xB3,0x34,0xFE,0x02,0x3C,0xBE,0x7E,0x73,0x34,0xFC,0x1A,0x37,0x7D,\
0x23,0x2D,0x26,0x7E,0x29,0x50,0x7A,0x53,0x34,0xFF,0x7E,0x53,0x34,0xF9,0x1A,0x25,\
0x7D,0x53,0xAD,0x52,0x7E,0x33,0x34,0xF8,0x1A,0x13,0x7E,0x13,0x34,0xFB,0x1A,0x01,\
0xAD,0x10,0x2D,0x15,0x7A,0x17,0x35,0x00,0x7E,0xB3,0x34,0xFA,0x60,0x1E,0x3E,0x34,\
0xBE,0x34,0x00,0x04,0x48,0x16,0x7E,0x73,0x34,0xF7,0x1A,0x07,0x1B,0x06,0x7D,0x10,\
0xAD,0x12,0x7D,0x31,0x2E,0x37,0x35,0x00,0x7A,0x37,0x35,0x00,0x7E,0x73,0x34,0xFE,\
0xBE,0x70,0x00,0x58,0x74,0x7E,0x73,0x34,0xFF,0xBE,0x70,0x00,0x48,0x43,0x7E,0x73,\
0x2E,0xB8,0x1A,0x37,0x7E,0x33,0x2E,0xB7,0x0A,0x53,0x2D,0x53,0x7A,0xB3,0x35,0x04,\
0x7E,0x17,0x35,0x00,0x3E,0x14,0x7D,0x31,0x2D,0x37,0x0B,0x38,0x30,0x3E,0x24,0x2D,\
0x21,0x2D,0x27,0x0B,0x28,0x20,0x7E,0x33,0x2E,0xC9,0x12,0xBC,0x14,0x7A,0x37,0x35,\
0x02,0x7D,0x13,0x1A,0x06,0x1A,0x00,0x7E,0x1F,0x35,0x05,0x2F,0x10,0x7A,0x1F,0x35,\
0x05,0x7E,0x1F,0x35,0x05,0x7E,0xB3,0x34,0xFE,0x12,0xD4,0xB5,0x7D,0x23,0x7E,0x37,\
0x35,0x00,0x3E,0x34,0x2D,0x37,0x7E,0x33,0x34,0xF9,0x1A,0x13,0x3E,0x14,0x9D,0x31,\
0x1B,0x38,0x20,0x9F,0x11,0x7A,0x1F,0x35,0x05,0x7E,0x73,0x34,0xFF,0xBE,0x70,0x00,\
0x48,0x03,0x02,0x3C,0xB1,0x7E,0x73,0x34,0xFC,0xBE,0x70,0x00,0x08,0x58,0x7E,0x73,\
0x34,0xFE,0xBE,0x70,0x00,0x48,0x4F,0x7E,0x73,0x2E,0xB8,0x1A,0x27,0x7E,0x73,0x2E,\
0xB7,0x0A,0x37,0x2D,0x32,0x7A,0x73,0x35,0x04,0x7E,0x27,0x35,0x00,0x3E,0x24,0x2D,\
0x27,0x7E,0x73,0x34,0xF9,0x1A,0x17,0x3E,0x14,0x7D,0x32,0x9D,0x31,0x0B,0x38,0x30,\
0x3E,0x14,0x9D,0x21,0x0B,0x28,0x20,0x7E,0xB3,0x35,0x04,0x7E,0x33,0x2E,0xC9,0x12,\
0xBC,0x14,0x7A,0x37,0x35,0x02,0x7D,0x13,0x1A,0x06,0x1A,0x00,0x7E,0x1F,0x35,0x05,\
0x2F,0x10,0x7A,0x1F,0x35,0x05,0x7E,0xB3,0x34,0xFA,0x60,0x49,0x7E,0x73,0x34,0xFB,\
0x4C,0x77,0x68,0x1C,0xBE,0x70,0x00,0x18,0x03,0x02,0x3C,0xB1,0x7E,0x73,0x34,0xFC,\
0x1A,0x37,0x2D,0x36,0x09,0x73,0xFF,0xFC,0xBE,0x70,0x00,0x58,0x03,0x02,0x3C,0xB1,\
0x7E,0x73,0x2E,0xB7,0x7A,0x73,0x35,0x04,0x7E,0x27,0x35,0x00,0x3E,0x24,0x2D,0x27,\
0x7E,0x73,0x34,0xF8,0x1A,0x17,0x3E,0x14,0x7D,0x32,0x9D,0x31,0x0B,0x38,0x30,0x3E,\
0x14,0x9D,0x21,0x80,0x4A,0x7E,0x73,0x34,0xFB,0x1A,0x37,0x0B,0x34,0xBE,0x34,0x00,\
0x02,0x68,0x17,0xBE,0x34,0x00,0x02,0x58,0x58,0x7E,0x73,0x34,0xFC,0x1A,0x37,0x2D,\
0x36,0x09,0x73,0x00,0x14,0xBE,0x70,0x00,0x48,0x47,0x7E,0x73,0x2E,0xB7,0x7A,0x73,\
0x35,0x04,0x7E,0x73,0x34,0xF8,0x1A,0x27,0x3E,0x24,0x7E,0x17,0x35,0x00,0x3E,0x14,\
0x7D,0x32,0x2D,0x31,0x2D,0x37,0x0B,0x38,0x30,0x3E,0x24,0x2D,0x21,0x2D,0x27,0x0B,\
0x28,0x20,0x7E,0xB3,0x35,0x04,0x7E,0x33,0x2E,0xCA,0x12,0xBC,0x14,0x7A,0x37,0x35,\
0x02,0x7D,0x13,0x1A,0x06,0x1A,0x00,0x7E,0x1F,0x35,0x05,0x2F,0x10,0x7A,0x1F,0x35,\
0x05,0x7E,0x73,0x34,0xFF,0x7A,0x73,0x34,0xFE,0x7E,0xB3,0x34,0xFC,0x04,0x7A,0xB3,\
0x34,0xFC,0x7E,0x73,0x34,0xFD,0xBE,0x73,0x34,0xFC,0x08,0x03,0x02,0x3A,0xB9,0x7E,\
0xB3,0x34,0xFE,0xBE,0xB0,0x00,0x58,0x14,0x7E,0x1F,0x35,0x05,0x12,0xD4,0xB5,0x7D,\
0x23,0x7E,0x37,0x35,0x00,0x3E,0x34,0x2D,0x37,0x1B,0x38,0x20,0x7E,0xB3,0x34,0xFA,\
0x60,0x04,0x0B,0x66,0x80,0x04,0x2E,0x64,0x00,0x14,0x7E,0xB3,0x34,0xFB,0x04,0x7A,\
0xB3,0x34,0xFB,0x7E,0x73,0x34,0xFB,0xBE,0x70,0x02,0x58,0x03,0x02,0x3A,0xAB,0xDA,\
0x3B,0x22,0xCA,0x3B,0x7D,0x73,0x6D,0xFF,0x6C,0xDD,0x7E,0x73,0x25,0xCF,0xBE,0x70,\
0x20,0x38,0x03,0x02,0x3D,0xEA,0x7E,0xE7,0x25,0x07,0x7E,0xD4,0x25,0x09,0x7D,0xC7,\
0x6C,0xCC,0x02,0x3D,0xCA,0x6D,0x33,0x7A,0x37,0x34,0xF1,0x0B,0xE8,0x10,0xBE,0x14,\
0x00,0x00,0x08,0x26,0x0B,0xC8,0x30,0x1A,0x26,0x1A,0x24,0x7C,0x45,0x7C,0x56,0x7C,\
0x67,0x6C,0x77,0x1A,0x02,0x1A,0x00,0x12,0x8B,0xDD,0x7A,0x37,0x34,0xF1,0x7E,0x34,\
0x01,0x00,0x9E,0x37,0x34,0xF1,0x7A,0x37,0x34,0xF1,0x0B,0xD8,0xB0,0x7E,0xB3,0x25,\
0xD9,0x60,0x29,0x7D,0x3B,0x1A,0x26,0x1A,0x24,0x7E,0x14,0x00,0x07,0x12,0x8B,0x81,\
0x7E,0x17,0x34,0xF1,0x1A,0x02,0x1A,0x00,0x2F,0x10,0x74,0x03,0x1E,0x34,0x0E,0x24,\
0x50,0x03,0x4E,0x60,0x80,0x14,0x78,0xF4,0x7D,0xB3,0x80,0x1B,0x7E,0x17,0x34,0xF1,\
0x1A,0x02,0x1A,0x00,0x7D,0x3B,0x1A,0x26,0x1A,0x24,0x2F,0x10,0x1E,0x34,0x0E,0x24,\
0x50,0x03,0x4E,0x60,0x80,0x7D,0xB3,0x1B,0xD8,0xB0,0xBD,0xFB,0x58,0x04,0x7D,0xFB,\
0x7C,0xDC,0x0B,0xD5,0x0B,0xE5,0x0B,0xC5,0x0B,0xC0,0x7E,0x73,0x31,0x0F,0xBC,0x7C,\
0x28,0x03,0x02,0x3D,0x35,0x7E,0x73,0x25,0xCD,0xBE,0x70,0xFF,0x68,0x12,0x7C,0xD7,\
0x74,0x02,0xAC,0xB7,0x49,0xF5,0x25,0x09,0x80,0x06,0x74,0xC8,0x7A,0xB3,0x25,0xCC,\
0x7E,0x73,0x2E,0xC1,0x0A,0x37,0x7E,0x53,0x2E,0xBE,0x0A,0x25,0x7E,0xA3,0x25,0xDE,\
0xBD,0x2F,0x58,0x12,0x74,0x0A,0x7A,0xB3,0x25,0xDF,0x4C,0xAA,0x68,0x1E,0x74,0xFF,\
0x7A,0xB3,0x25,0xCD,0x80,0x16,0x7E,0xB3,0x2E,0xD3,0x0A,0x4B,0xBD,0x4F,0x58,0x0C,\
0x60,0x0A,0x7E,0xB3,0x2E,0x9B,0x20,0xE0,0x03,0x7E,0xA0,0x0C,0x7E,0xB3,0x25,0xDF,\
0x70,0x06,0x7E,0xB3,0x2C,0xB4,0x60,0x12,0x6C,0xAA,0x7E,0xB3,0x2E,0xD3,0x0A,0xEB,\
0xBD,0xEF,0x58,0x06,0x74,0x0A,0x7A,0xB3,0x25,0xDF,0x7E,0xB3,0x25,0xD7,0x60,0x1D,\
0x6C,0xAA,0x7E,0xB3,0x25,0xD5,0x60,0x15,0x7E,0xB3,0x2E,0x9B,0x20,0xE4,0x0E,0x7E,\
0x14,0x00,0x03,0xAD,0x12,0x7D,0x21,0x0E,0x24,0x2E,0x34,0x00,0x03,0xBE,0xA0,0x00,\
0x28,0x0C,0x1B,0xA0,0x2E,0x34,0x00,0x03,0x7E,0xB3,0x2E,0xD3,0x0A,0x2B,0x7A,0xA3,\
0x25,0xDE,0xBD,0x2F,0x58,0x58,0xE4,0x7A,0xB3,0x25,0xCC,0x7E,0x53,0x25,0xCD,0xBC,\
0x5D,0x68,0x12,0x7A,0xD3,0x25,0xCD,0x74,0x01,0x7A,0xB3,0x25,0xCE,0x6D,0x22,0x7A,\
0x27,0x25,0xBF,0x80,0x1C,0x7E,0x27,0x25,0xBF,0xBE,0x24,0x0F,0xF0,0x58,0x06,0x0B,\
0x24,0x7A,0x27,0x25,0xBF,0xBE,0x37,0x25,0xBF,0x58,0x06,0x74,0x02,0x7A,0xB3,0x25,\
0xCE,0x7E,0x53,0x2E,0xC0,0x0A,0x25,0x3E,0x24,0x3E,0x24,0x3E,0x24,0x3E,0x24,0x7A,\
0x27,0x34,0xF1,0xBE,0x27,0x25,0xBF,0x58,0x66,0x12,0xE1,0xF3,0x80,0x61,0x7E,0xB3,\
0x25,0xCC,0xBE,0xB0,0xC8,0x50,0x05,0x04,0x7A,0xB3,0x25,0xCC,0x7E,0xA3,0x25,0xCE,\
0xBE,0xA0,0x01,0x78,0x02,0x80,0x28,0xBE,0xA0,0x02,0x78,0x0E,0x74,0x03,0x7A,0xB3,\
0x25,0xCE,0x6D,0x33,0x7A,0x37,0x25,0xBF,0x80,0x20,0xBE,0xA0,0x03,0x78,0x1B,0x7E,\
0x27,0x25,0xBF,0x0B,0x24,0x7A,0x27,0x25,0xBF,0xBE,0x37,0x25,0xBF,0x58,0x0B,0x74,\
0xFF,0x7A,0xB3,0x25,0xCD,0xE4,0x7A,0xB3,0x25,0xCE,0x7E,0xB3,0x25,0xCD,0xB4,0xFF,\
0x0E,0x7E,0xB3,0x25,0xDF,0xBE,0xB0,0x00,0x28,0x05,0x14,0x7A,0xB3,0x25,0xDF,0x7E,\
0x73,0x25,0xCE,0xBE,0x70,0x02,0x40,0x14,0x7E,0x73,0x2E,0xB5,0xBE,0x73,0x25,0xE1,\
0x38,0x0A,0x7E,0xB3,0x2E,0x9C,0x30,0xE2,0x03,0x12,0xE0,0x93,0x7E,0x73,0x25,0xCC,\
0xBE,0x70,0x0A,0x28,0x2C,0x6C,0x22,0x7E,0x33,0x25,0xCF,0xBE,0x30,0x10,0x50,0x03,\
0x7E,0x20,0x02,0x7D,0x37,0x7E,0x27,0x25,0x07,0x7E,0xB3,0x31,0x0F,0x7E,0x30,0x01,\
0x12,0xB8,0x97,0x7E,0xB3,0x25,0xCF,0xBE,0xB0,0xC8,0x50,0x05,0x04,0x7A,0xB3,0x25,\
0xCF,0x7E,0x73,0x25,0xCE,0xBE,0x70,0x02,0x40,0x06,0x7E,0xB3,0x25,0xCD,0x80,0x02,\
0x74,0xFF,0xDA,0x3B,0x22,0x12,0xDE,0x38,0x75,0xBB,0x00,0x12,0xE3,0x6C,0x7E,0x37,\
0x3E,0x77,0x5E,0x34,0x00,0x07,0x7A,0x73,0x02,0x60,0x7E,0x73,0x3D,0xAC,0x7A,0x73,\
0x03,0x36,0x7E,0x37,0x3E,0x75,0x5E,0x70,0x3F,0x7A,0x37,0x3E,0x75,0x7E,0xB3,0x3F,\
0x2B,0x54,0xCF,0x7A,0xB3,0x3F,0x2B,0x7E,0x37,0x3E,0x75,0x1E,0x34,0x1E,0x34,0x1E,\
0x34,0x1E,0x34,0x1E,0x34,0x1E,0x34,0x5E,0x34,0x00,0x03,0x7A,0x73,0x03,0x33,0x7E,\
0x37,0x3E,0x53,0x7A,0x37,0x03,0x34,0x7E,0x37,0x3E,0x73,0x7A,0x37,0x02,0xE5,0x7E,\
0x37,0x3E,0x63,0x7A,0x63,0x23,0xA1,0x7A,0x73,0x02,0x54,0x7E,0x37,0x3E,0x65,0x7A,\
0x73,0x02,0xC1,0x7E,0x37,0x3E,0x77,0x1E,0x34,0x1E,0x34,0x1E,0x34,0x1E,0x34,0x5E,\
0x34,0x00,0x07,0x7A,0x73,0x02,0x6C,0x7E,0x37,0x3E,0x51,0x7A,0x73,0x23,0xE4,0x7E,\
0x37,0x3E,0x59,0x7A,0x73,0x23,0xA3,0x7E,0x37,0x3E,0x4F,0x7D,0x23,0x5E,0x24,0x00,\
0x3F,0x7A,0x53,0x23,0xA0,0x7E,0x27,0x3E,0xB5,0x5E,0x24,0x00,0x03,0x7A,0x53,0x23,\
0xA6,0x0A,0x36,0x1E,0x34,0x1E,0x34,0x5E,0x34,0x00,0x03,0x7A,0x73,0x02,0x59,0x7E,\
0x37,0x3E,0xC1,0x0A,0x56,0xC4,0x7D,0x25,0x5E,0x24,0x00,0x01,0x2E,0x24,0xFF,0xFF,\
0x92,0x0C,0x5E,0x60,0xEF,0x7A,0x37,0x3E,0xC1,0x7E,0x37,0x3E,0x43,0x5E,0x70,0xFE,\
0x7A,0x37,0x3E,0x43,0x7E,0xA3,0x3E,0xEE,0x7C,0xBA,0x23,0x13,0x92,0x07,0x7C,0xBA,\
0x54,0x0F,0x7A,0xB3,0x03,0xB2,0x7E,0x37,0x3E,0x4F,0x0A,0x56,0x23,0x23,0x7D,0x25,\
0x5E,0x24,0x00,0x01,0x2E,0x24,0xFF,0xFF,0x92,0x19,0x5E,0x60,0xBF,0x7A,0x37,0x3E,\
0x4F,0xC2,0x11,0xC2,0x29,0xC2,0x13,0x7E,0x37,0x3F,0x32,0x6E,0x37,0x02,0xE5,0x5E,\
0x34,0x00,0x01,0x68,0x16,0x7E,0x37,0x3F,0x30,0xBE,0x37,0x03,0x34,0x78,0x0A,0x7E,\
0x73,0x3F,0x2E,0xBE,0x73,0x23,0xE4,0x68,0x02,0xD2,0x11,0x7E,0x37,0x3E,0x7D,0x5E,\
0x34,0x00,0xFF,0x78,0x05,0x7E,0x70,0x01,0x80,0x02,0x6C,0x77,0x7A,0x71,0x48,0x7E,\
0x27,0x3E,0x65,0x0A,0x54,0xF5,0x4C,0x7E,0x27,0x3E,0x45,0x6C,0x44,0x0A,0x55,0x0A,\
0x47,0x9D,0x54,0xF5,0x4B,0x85,0x4C,0x44,0x85,0x4B,0x43,0xE4,0x7A,0xB3,0x24,0x10,\
0x7A,0xB3,0x23,0x47,0x7E,0x08,0x02,0xC2,0x7E,0x34,0x00,0x1E,0x12,0xE0,0x2E,0x12,\
0x9E,0xC6,0x12,0x74,0xED,0x12,0xD6,0x26,0x7E,0x37,0x3E,0x45,0x7D,0x13,0x6C,0x22,\
0x7E,0x24,0x00,0x01,0x8D,0x12,0xAD,0x12,0x7D,0x21,0x6C,0x44,0x6C,0x77,0x4D,0x32,\
0x7A,0x37,0x3E,0x45,0x7D,0x53,0xF5,0x45,0x0A,0x56,0xF5,0x47,0x7E,0x37,0x3E,0x65,\
0x0A,0x56,0xF5,0x46,0x7E,0xB3,0x23,0xA6,0x60,0x4E,0xE5,0x46,0x60,0x4A,0xE4,0x7A,\
0xB3,0x02,0x54,0x7E,0x37,0x3E,0x63,0x6C,0x77,0x7A,0x37,0x3E,0x63,0x7E,0x37,0x3E,\
0x45,0x7D,0x23,0x9E,0x24,0x01,0x00,0x6C,0x55,0x6C,0x66,0x4D,0x32,0x7A,0x37,0x3E,\
0x45,0xE5,0x46,0x0A,0x3B,0x2E,0x34,0x00,0x03,0x7E,0x24,0x00,0x04,0x12,0x8B,0x3E,\
0x7D,0x53,0x3E,0x54,0x3E,0x54,0xF5,0x46,0x7C,0x4B,0x6C,0x55,0x7E,0x37,0x3E,0x65,\
0x6C,0x66,0x4D,0x32,0x7A,0x37,0x3E,0x65,0x7E,0xB3,0x3E,0xF4,0x30,0xE0,0x08,0x85,\
0x44,0x41,0x85,0x43,0x40,0x80,0x06,0x85,0x44,0x40,0x85,0x43,0x41,0xC2,0x1A,0xE4,\
0x7A,0xB3,0x03,0xAF,0x7E,0xB3,0x02,0x59,0xB4,0x01,0x0A,0x7E,0xB3,0x3E,0xF7,0x54,\
0x03,0x68,0x02,0xD2,0x1A,0xE4,0x7A,0xB3,0x24,0x11,0x20,0x0D,0x2D,0x7E,0x63,0x3E,\
0xF8,0x7C,0xB6,0x23,0x13,0x92,0x1C,0xE4,0x33,0x7C,0x7B,0x7C,0xB6,0x23,0x23,0x54,\
0x01,0x5C,0x7B,0x2E,0x70,0xFF,0x92,0x2B,0x74,0x01,0x7A,0xB3,0x23,0xE3,0x7E,0xB3,\
0x3E,0xF5,0x54,0x03,0x7A,0xB3,0x02,0x57,0x80,0x19,0x74,0x11,0x7A,0xB3,0x23,0xE3,\
0x7E,0xA3,0x3E,0xF5,0x7C,0xBA,0xC4,0x54,0x03,0x7A,0xB3,0x02,0x57,0x7C,0xBA,0x23,\
0x23,0x54,0x03,0x7A,0xB3,0x02,0xE0,0x7E,0x73,0x23,0xE3,0x7A,0x73,0x02,0xB9,0x22,\
0xCA,0x3B,0x7E,0x37,0x03,0xB5,0x4D,0x33,0x68,0x09,0x1B,0x34,0x7A,0x37,0x03,0xB5,\
0x02,0x44,0x91,0x20,0x08,0x05,0x74,0x01,0x02,0x44,0xAF,0x7E,0xB3,0x23,0xAC,0xB4,\
0xF0,0x02,0x80,0x03,0x02,0x44,0x91,0x6C,0xEE,0x7E,0x73,0x02,0xC1,0x0A,0x27,0xE5,\
0x46,0x0A,0x3B,0x2D,0x32,0x7A,0x73,0x34,0xF2,0x7E,0x37,0x02,0x52,0x3E,0x34,0x2E,\
0x34,0x80,0x08,0x6D,0x22,0xE4,0x02,0x42,0xFE,0x7F,0x01,0x2E,0x34,0x00,0x3C,0x6C,\
0xFF,0xE4,0x7A,0xB3,0x34,0xF3,0x0B,0x0A,0x40,0x69,0xF0,0x00,0x1E,0x0B,0x15,0xBE,\
0x44,0x00,0x00,0x58,0x06,0x6E,0x44,0xFF,0xFF,0x0B,0x44,0xBE,0xF4,0x00,0x00,0x58,\
0x06,0x6E,0xF4,0xFF,0xFF,0x0B,0xF4,0xBD,0xF4,0x08,0x06,0x6D,0x4F,0x6D,0xF4,0x6D,\
0x4F,0x7D,0xE4,0x0E,0xE4,0x0E,0xE4,0x0E,0xE4,0x7D,0x54,0x9D,0x5E,0x0E,0xF4,0x2D,\
0xF5,0xBD,0x4F,0x08,0x02,0x7D,0xF4,0x74,0x02,0xAC,0xBE,0x49,0x55,0x03,0xB9,0xBD,\
0x5F,0x50,0x08,0x74,0x02,0xAC,0xBE,0x59,0xF5,0x03,0xB9,0x7E,0xB3,0x34,0xF3,0x04,\
0x7A,0xB3,0x34,0xF3,0xB4,0x03,0x9F,0x0B,0xE0,0xBE,0xE0,0x0C,0x78,0x04,0x6C,0xEE,\
0x80,0x07,0x0B,0xF0,0xBE,0xF0,0x05,0x40,0x88,0x7E,0xB3,0x34,0xF1,0x04,0x7A,0xB3,\
0x34,0xF1,0x7E,0xB3,0x34,0xF2,0xBE,0xB3,0x34,0xF1,0x28,0x03,0x02,0x42,0x79,0x7E,\
0x37,0x03,0xB7,0x1B,0x34,0x7A,0x37,0x03,0xB7,0x4D,0x33,0x68,0x03,0x02,0x44,0x91,\
0x7E,0x57,0x3E,0x73,0x1E,0x54,0x1E,0x54,0x1E,0x54,0x1E,0x54,0x54,0x07,0x7A,0xB3,\
0x34,0xF4,0xBE,0xB0,0x04,0x28,0x05,0xE4,0x7A,0xB3,0x34,0xF4,0x7E,0x73,0x34,0xF4,\
0x0A,0x27,0x7E,0x34,0x00,0x05,0x9D,0x32,0x7A,0x73,0x34,0xF4,0x6C,0xEE,0x7E,0x44,\
0xFF,0xFF,0x6C,0xFF,0x80,0x41,0x74,0x02,0xAC,0xBF,0x49,0x65,0x03,0xB9,0x74,0x0C,\
0xAC,0xBF,0x09,0x75,0x3D,0xB4,0x0A,0x17,0x6D,0x00,0x7D,0x36,0x6D,0x22,0x12,0x8B,\
0x70,0x7E,0xB3,0x34,0xF4,0x60,0x0C,0x1E,0x34,0x1E,0x24,0x50,0x03,0x4E,0x60,0x80,\
0x14,0x78,0xF4,0x7D,0x63,0x74,0x02,0xAC,0xBF,0x59,0x35,0x03,0xB9,0x0B,0xF0,0xBD,\
0x64,0x50,0x04,0x7D,0x46,0x7C,0xEF,0x7E,0x73,0x3F,0x34,0xBC,0x7F,0x38,0xB7,0xE4,\
0x7A,0xB3,0x03,0xE9,0x7E,0x73,0x03,0xD2,0xA5,0xBF,0x00,0x27,0x7E,0x63,0x03,0x36,\
0x74,0x02,0xAC,0xB6,0x49,0x15,0x03,0xB7,0x7E,0x53,0x3E,0xEC,0x0A,0x25,0xBD,0x12,\
0x50,0x02,0x7C,0xE6,0x7A,0xE3,0x03,0xE1,0x7E,0x24,0x00,0x02,0x7A,0x27,0x03,0xB5,\
0x02,0x44,0x87,0xA5,0xBF,0x01,0x37,0xBE,0xE3,0x03,0xD1,0x68,0x27,0x7E,0xB3,0x03,\
0xD1,0x7E,0x60,0x02,0xAC,0xB6,0x49,0x15,0x03,0xB7,0x7E,0x63,0x3E,0xEC,0x0A,0x26,\
0xBD,0x12,0x28,0x10,0xE4,0x7A,0xB3,0x03,0xD2,0x7E,0x24,0x00,0x08,0x7A,0x27,0x03,\
0xB7,0x02,0x44,0x91,0x7E,0x63,0x03,0xD1,0x7A,0x63,0x03,0xE1,0x80,0x79,0x7E,0xB3,\
0x03,0xE3,0x04,0x7A,0xB3,0x03,0xE3,0xA5,0xBF,0x02,0x31,0x7E,0xB3,0x03,0xE1,0x7E,\
0x70,0x02,0xAC,0xB7,0x49,0x35,0x03,0xB7,0xBE,0x37,0x3F,0x37,0x28,0x59,0x75,0x51,\
0x02,0xE4,0x7A,0xB3,0x03,0xED,0x7A,0xE3,0x03,0xE9,0x0A,0x3E,0x09,0xB3,0x04,0x47,\
0xBE,0xB0,0x80,0x68,0x42,0xE4,0x7A,0xB3,0x03,0xE9,0x80,0x37,0x6C,0xFF,0x80,0x1D,\
0x74,0x02,0xAC,0xBF,0x49,0x65,0x03,0xB9,0x0B,0xF0,0xBE,0x64,0x00,0xFE,0x50,0x04,\
0x7C,0x7D,0x80,0x03,0x7E,0x70,0xFE,0x0A,0x2F,0x19,0x72,0x04,0x19,0x7E,0x73,0x3F,\
0x34,0xBC,0x7F,0x38,0xDB,0x75,0x51,0x02,0xE4,0x7A,0xB3,0x03,0xED,0x7E,0xB3,0x03,\
0xF1,0xF5,0x52,0xE4,0x12,0xC2,0xF8,0x7E,0x73,0x03,0xE9,0x7A,0x73,0x03,0xEA,0xC2,\
0x08,0x30,0x08,0x0B,0x74,0x01,0x12,0x92,0x8C,0xE4,0x7E,0x70,0xFF,0x80,0x0C,0xE4,\
0x12,0x92,0x8C,0x7E,0xB3,0x03,0xE9,0x7E,0x73,0x03,0xEA,0x12,0xB2,0xBE,0xE4,0xDA,\
0x3B,0x22,0xCA,0x3B,0x7C,0xE2,0x7D,0xD0,0x7C,0xD3,0x7C,0xFB,0x7D,0xE2,0x7D,0xF3,\
0x7E,0xC7,0x35,0x23,0x7E,0xB7,0x35,0x21,0x7E,0x73,0x2E,0x9D,0x0A,0xA7,0x7D,0x3A,\
0x2D,0x3A,0x2D,0xA3,0x0E,0xA4,0x0E,0xA4,0x7E,0xB3,0x2E,0x9C,0x30,0xE7,0x02,0x6D,\
0xAA,0x7E,0xA3,0x2E,0xFC,0x7C,0xBA,0x54,0xF0,0x1E,0xB0,0x1E,0xB0,0x0A,0x3B,0x6E,\
0x34,0xFF,0xFF,0x0B,0x34,0x7A,0x37,0x35,0x28,0x7C,0xBA,0x54,0x0F,0x0A,0x9B,0x3E,\
0x94,0x3E,0x94,0x7E,0x73,0x31,0x18,0x7A,0x73,0x35,0x26,0x7E,0x73,0x31,0x17,0x7A,\
0x73,0x35,0x27,0x7E,0x84,0xC0,0x18,0xE4,0x7A,0xB3,0x35,0x34,0x6C,0xCC,0x80,0x40,\
0x1A,0x3C,0x3E,0x34,0x2D,0x3E,0x0B,0x38,0x30,0xBE,0x34,0x00,0x00,0x08,0x22,0x7E,\
0x53,0x31,0x11,0x0A,0x25,0x1B,0x24,0xBD,0x23,0x08,0x16,0x7E,0x53,0x35,0x34,0x1A,\
0x25,0x3E,0x24,0x2D,0x2E,0x1B,0x28,0x30,0x7E,0xB3,0x35,0x34,0x04,0x7A,0xB3,0x35,\
0x34,0x7E,0x53,0x35,0x26,0x1A,0x15,0xAD,0x13,0x1B,0x88,0x10,0x0B,0x85,0x0B,0xC0,\
0xBC,0xFC,0x18,0xBC,0xE4,0x02,0x47,0x24,0x7E,0x34,0x01,0xFE,0x7A,0x37,0xFF,0x08,\
0x6D,0x22,0x7A,0x27,0xFF,0x0C,0x7E,0x24,0x7F,0xE1,0x7A,0x27,0xFF,0x12,0x7E,0x24,\
0x80,0x00,0x7A,0x27,0xFF,0x10,0x7A,0xF7,0xFF,0x02,0x4D,0xEE,0x78,0x02,0x80,0x02,\
0x7D,0x3E,0x7A,0x37,0xFF,0x06,0x7C,0x4E,0x6C,0x55,0x7E,0x73,0x35,0x26,0x1A,0x37,\
0x4D,0x32,0x7A,0x37,0xFF,0x0A,0x7E,0x73,0x35,0x34,0x1A,0x37,0x7A,0x37,0xFF,0x0E,\
0x7A,0xD7,0xFF,0x04,0x7E,0x37,0xFF,0x00,0x5E,0x34,0x00,0x01,0x78,0xF6,0x7E,0x37,\
0xFF,0x16,0x1A,0x26,0x1A,0x24,0x7A,0x1F,0x35,0x30,0x7E,0x1F,0x35,0x30,0x7D,0x13,\
0x5E,0x14,0x00,0x20,0x68,0x08,0x4E,0x34,0xFF,0xC0,0x7A,0x1F,0x35,0x30,0x7E,0x1F,\
0x35,0x30,0x7D,0x03,0x7E,0x37,0xFF,0x14,0x7D,0x20,0x7A,0x1F,0x35,0x30,0x7E,0x37,\
0xFF,0x18,0x7A,0x37,0x35,0x2A,0x7E,0x37,0xFF,0x1A,0x7A,0x37,0x35,0x35,0x7E,0x37,\
0xFF,0x1C,0x7A,0x37,0x35,0x2C,0x7E,0x37,0xFF,0x1E,0x7A,0x37,0x35,0x37,0x7E,0x37,\
0xFF,0x20,0x7A,0x73,0x35,0x39,0x7E,0x73,0x35,0x34,0x1A,0x17,0x1A,0x02,0x7E,0x1F,\
0x35,0x30,0x12,0x8B,0xDD,0x7A,0x37,0x35,0x2E,0x4D,0xAA,0x78,0x03,0x02,0x46,0xC5,\
0x7E,0xB3,0x2C,0xAD,0xB4,0x01,0x26,0x7E,0x37,0x35,0x28,0x4D,0x33,0x68,0x1E,0x4D,\
0x99,0x68,0x1A,0xBE,0x37,0x35,0x2E,0x08,0x02,0x80,0x68,0xBE,0x97,0x35,0x2E,0x08,\
0x06,0x7E,0x37,0x35,0x2E,0x80,0x5C,0x7A,0x97,0x35,0x2C,0x80,0x70,0x7E,0x37,0x35,\
0x2E,0xBE,0x34,0xFF,0xE2,0x58,0x1F,0x7E,0x57,0x35,0x2C,0x1A,0x4A,0x1A,0x48,0x7D,\
0x13,0x1A,0x02,0x1A,0x00,0x2F,0x02,0x1E,0x14,0x0E,0x04,0x50,0x03,0x4E,0x20,0x80,\
0x7A,0x17,0x35,0x2C,0x80,0x23,0xBE,0x34,0x00,0x1E,0x58,0x02,0x80,0x17,0x7E,0x17,\
0x35,0x2A,0x1A,0x02,0x1A,0x00,0x1A,0x26,0x1A,0x24,0x2F,0x10,0x1E,0x34,0x0E,0x24,\
0x50,0x03,0x4E,0x60,0x80,0x7A,0x37,0x35,0x2C,0x6D,0x33,0x9D,0x3A,0xBE,0x37,0x35,\
0x2C,0x08,0x06,0x7A,0x37,0x35,0x2C,0x80,0x14,0xBE,0xA7,0x35,0x2C,0x58,0x0E,0x7A,\
0xA7,0x35,0x2C,0x80,0x08,0x7E,0x87,0x35,0x2E,0x7A,0x87,0x35,0x2C,0x7E,0x84,0xC0,\
0x18,0x6C,0xCC,0x80,0x19,0x0B,0x88,0x30,0x3E,0x34,0x7D,0x23,0x2D,0x2F,0x0B,0x28,\
0x20,0x2E,0x27,0x35,0x2C,0x2D,0x3B,0x1B,0x38,0x20,0x0B,0x85,0x0B,0xC0,0xBC,0xFC,\
0x18,0xE3,0x7E,0x37,0x35,0x2C,0x1B,0xC8,0x30,0x0B,0xC5,0x7E,0x73,0x35,0x27,0x1A,\
0x37,0x3E,0x34,0x2D,0xF3,0x7E,0x73,0x35,0x27,0x1A,0x37,0x3E,0x34,0x2D,0xB3,0x1A,\
0x2E,0x1B,0x24,0x7E,0x73,0x35,0x25,0x1A,0x37,0xBD,0x32,0x58,0x02,0x0B,0xD5,0x7E,\
0xB3,0x35,0x25,0x04,0x7A,0xB3,0x35,0x25,0xBE,0xD3,0x35,0x25,0x08,0x03,0x02,0x45,\
0x68,0xDA,0x3B,0x22,0xCA,0x79,0x7C,0xFB,0x7E,0xA4,0x25,0xFD,0x7E,0x33,0x31,0x10,\
0x49,0x3A,0x00,0x02,0x0B,0xA8,0x20,0x0A,0x13,0x6D,0x00,0x12,0x8B,0xDD,0x7D,0xF3,\
0x49,0xEA,0x00,0x04,0x49,0x4A,0x00,0x06,0x49,0xAA,0x00,0x08,0x7D,0x1E,0x1A,0x02,\
0x1A,0x00,0x7D,0x34,0x1A,0x28,0x1A,0x24,0x2F,0x10,0x1E,0x34,0x0E,0x24,0x50,0x03,\
0x4E,0x60,0x80,0x7D,0x43,0x7E,0x73,0x26,0x0C,0xBC,0x7F,0x78,0x10,0x7E,0x73,0x2E,\
0xC6,0x0A,0x57,0xBD,0x5A,0x08,0x06,0x74,0xFF,0x7A,0xB3,0x26,0x0C,0x7E,0x57,0x25,\
0xE5,0xBD,0x5A,0x58,0x12,0x7A,0xA7,0x25,0xE5,0x7E,0x73,0x2E,0xC6,0x0A,0x57,0xBD,\
0x5A,0x58,0x04,0x7A,0xF3,0x26,0x0B,0xBE,0xE4,0x00,0x00,0x58,0x0C,0x7E,0x57,0x25,\
0xEB,0xBD,0x5E,0x08,0x04,0x7A,0xE7,0x25,0xEB,0x7E,0xB3,0x30,0xBA,0x70,0x03,0x02,\
0x48,0x91,0x1A,0x2F,0x09,0xB2,0x38,0x51,0x3E,0x24,0x49,0x32,0x26,0x44,0x7E,0x30,\
0x02,0xAC,0xB3,0x49,0x55,0x26,0x3E,0x9D,0x35,0x59,0x32,0x26,0x44,0xBE,0x37,0x26,\
0x8C,0x08,0x04,0x7A,0x37,0x26,0x8C,0x7E,0x53,0x2E,0x9D,0x1E,0x50,0x0A,0x25,0xBD,\
0x2A,0x58,0x1A,0x74,0x01,0x1A,0x2F,0x19,0xB2,0x2C,0x82,0x1A,0x2F,0x19,0xB2,0x2C,\
0x83,0x4C,0xFF,0x68,0x08,0x74,0x01,0x1A,0x2F,0x19,0xB2,0x2C,0x81,0x7E,0x53,0x2E,\
0xEA,0x0A,0x55,0xBD,0x53,0x58,0x1A,0x74,0x01,0x7A,0xB3,0x26,0x8E,0x74,0x20,0x1A,\
0x3F,0x19,0xB3,0x26,0x8F,0xBE,0xA7,0x26,0xB8,0x08,0x16,0x7A,0xA7,0x26,0xB8,0x80,\
0x10,0x1A,0x3F,0x09,0xB3,0x26,0x8F,0x60,0x08,0x2E,0x34,0x26,0x8F,0x14,0x7A,0x39,\
0xB0,0xBE,0xF0,0x01,0x08,0x0E,0x7E,0x73,0x31,0x11,0x0A,0x37,0x1B,0x35,0x1A,0x5F,\
0xBD,0x53,0x48,0x16,0x7E,0x73,0x2E,0xBA,0x1E,0x70,0x0A,0x57,0x6D,0xBB,0x9D,0xB5,\
0xBD,0xBE,0x08,0x06,0x74,0x01,0x7A,0xB3,0x2C,0xAA,0xE4,0x1A,0x3F,0x19,0xB3,0x26,\
0xBC,0x7E,0x73,0x2E,0xE7,0x0A,0x57,0xBD,0x5A,0x58,0x16,0x74,0x01,0x1A,0xAF,0x19,\
0xBA,0x26,0xBC,0x1A,0x5F,0x09,0xB5,0x26,0x8F,0x60,0x06,0x6D,0x55,0x7A,0x57,0x2C,\
0xA8,0x1A,0x5F,0x09,0xE5,0x25,0x39,0x7E,0xA3,0x2E,0xBA,0x0A,0x3A,0x6D,0xBB,0x9D,\
0xB3,0x7E,0xB3,0x2E,0x9B,0x20,0xE0,0x04,0x7E,0xA3,0x2E,0xE4,0x0A,0x5A,0x6E,0x54,\
0xFF,0xFF,0x0B,0x54,0xBD,0x5E,0x08,0x42,0x7D,0xAE,0xBE,0xE0,0x04,0x50,0x02,0x0B,\
0xE0,0x7D,0x3E,0x1A,0x26,0x1A,0x24,0x0A,0x1E,0x6D,0x00,0x12,0x8B,0x70,0x74,0x02,\
0x1E,0x34,0x0E,0x24,0x50,0x03,0x4E,0x60,0x80,0x14,0x78,0xF4,0x7D,0xE3,0x7E,0x57,\
0x25,0xE7,0xBD,0x53,0x08,0x04,0x7A,0xE7,0x25,0xE7,0xBD,0xBA,0x08,0x0E,0xBE,0xE7,\
0x26,0xBA,0x58,0x08,0x7A,0xE7,0x26,0xBA,0x80,0x02,0x6C,0xEE,0x1A,0x5F,0x19,0xE5,\
0x25,0x39,0x7D,0x14,0x1A,0x02,0x1A,0x00,0x7D,0x3F,0x1A,0x26,0x1A,0x24,0x2F,0x10,\
0x1E,0x34,0x0E,0x24,0x50,0x03,0x4E,0x60,0x80,0x7D,0xF3,0x7D,0x14,0xBE,0x14,0x00,\
0x00,0x58,0x06,0x6E,0x14,0xFF,0xFF,0x0B,0x14,0x7E,0x73,0x25,0xE0,0x0A,0x07,0xBD,\
0x01,0x08,0x04,0x2D,0x10,0x0E,0x14,0x1A,0x0F,0x09,0xB0,0x25,0x15,0x0A,0xEB,0xBD,\
0xE1,0x08,0x0D,0x7E,0x70,0x07,0xAC,0xB7,0x2D,0x15,0x0E,0x14,0x0E,0x14,0x0E,0x14,\
0xBE,0x14,0x00,0x80,0x08,0x04,0x7E,0x14,0x00,0x80,0x19,0x30,0x25,0x15,0x7E,0xA4,\
0x00,0x80,0x9D,0xA1,0x1A,0x02,0x1A,0x00,0x7D,0x3F,0x1A,0x26,0x1A,0x24,0x12,0x8B,\
0x70,0x7F,0x71,0x7D,0x1A,0x1A,0x02,0x1A,0x00,0x7D,0x34,0x1A,0x26,0x1A,0x24,0x12,\
0x8B,0x70,0x2F,0x17,0x74,0x07,0x1E,0x34,0x0E,0x24,0x50,0x03,0x4E,0x60,0x80,0x14,\
0x78,0xF4,0x7D,0x43,0xBE,0x44,0x00,0x00,0x58,0x02,0x6D,0x44,0x7E,0xB3,0x2E,0x9C,\
0x30,0xE4,0x02,0x6D,0x44,0x7D,0x34,0xDA,0x79,0x22,0xCA,0x3B,0x7D,0x73,0x09,0x77,\
0x00,0x01,0x0A,0x37,0x0B,0x34,0x6C,0x66,0x7D,0x17,0x6D,0x00,0x12,0xE1,0x2E,0x09,\
0x77,0x00,0x01,0x0A,0x27,0x2D,0x27,0x09,0x62,0x00,0x01,0xBC,0xB6,0x68,0x05,0x74,\
0x81,0x02,0x4C,0x10,0x7E,0x79,0xB0,0xB4,0x01,0x02,0x80,0x03,0x02,0x4A,0xD6,0x09,\
0xA7,0x00,0x02,0x5E,0xA0,0x1F,0x7A,0xA3,0x34,0xF1,0x7C,0xB7,0x24,0xFB,0x7A,0xB3,\
0x34,0xF2,0x09,0xB7,0x00,0x03,0x7C,0x6B,0x6C,0x77,0x09,0xB7,0x00,0x04,0x0A,0x6B,\
0x2D,0x63,0x4C,0xAA,0x78,0x12,0x7D,0x36,0x7D,0x27,0x2E,0x24,0x00,0x06,0x7E,0xB3,\
0x34,0xF2,0x12,0xAC,0x1C,0x02,0x4C,0x0F,0x7E,0xB3,0x34,0xF1,0xB4,0x01,0x12,0x7C,\
0xBD,0x7D,0x37,0x2E,0x34,0x00,0x06,0x7E,0x53,0x34,0xF2,0x12,0xD8,0x96,0x02,0x4C,\
0x0F,0x7E,0xB3,0x34,0xF1,0xB4,0x02,0x34,0xBE,0x64,0xEF,0xC0,0x50,0x03,0x02,0x4C,\
0x0F,0xBE,0x64,0xF8,0x00,0x40,0x03,0x02,0x4C,0x0F,0x7E,0x73,0x34,0xF2,0x0A,0x37,\
0xCA,0x39,0x7D,0x37,0x2E,0x34,0x00,0x06,0x6D,0x22,0x7D,0x16,0x2E,0x14,0x00,0x00,\
0x7E,0x04,0x00,0xFF,0x12,0xD9,0xBE,0x1B,0xFD,0x02,0x4C,0x0F,0x7E,0xB3,0x34,0xF1,\
0xB4,0x03,0x3F,0xBE,0x64,0x10,0x00,0x50,0x23,0xE4,0x12,0xCC,0x30,0x7E,0x73,0x34,\
0xF2,0x1E,0x70,0x0A,0x07,0x7D,0x17,0x2E,0x14,0x00,0x06,0x7D,0x26,0x7E,0x34,0x80,\
0x00,0x12,0xD1,0xAD,0x74,0x01,0x12,0xCC,0x30,0x02,0x4C,0x0F,0x7E,0x73,0x34,0xF2,\
0x1E,0x70,0x0A,0x07,0x7D,0x17,0x2E,0x14,0x00,0x06,0x7D,0x26,0x7E,0x34,0x80,0x00,\
0x80,0x1E,0x7E,0xB3,0x34,0xF1,0xB4,0x04,0x02,0x80,0x03,0x02,0x4B,0xF0,0x7E,0x73,\
0x34,0xF2,0x1E,0x70,0x0A,0x07,0x7D,0x17,0x2E,0x14,0x00,0x06,0x7D,0x26,0x6D,0x33,\
0x12,0xD1,0xAD,0x02,0x4C,0x0F,0x7E,0x79,0xB0,0xB4,0x02,0x02,0x80,0x03,0x02,0x4B,\
0xEC,0x09,0xB7,0x00,0x02,0x54,0x1F,0x7A,0xB3,0x34,0xF1,0x09,0x77,0x00,0x05,0x7A,\
0x73,0x34,0xF2,0x09,0x67,0x00,0x03,0x6C,0x77,0x09,0x57,0x00,0x04,0x0A,0x65,0x2D,\
0x63,0x74,0x82,0x7A,0x79,0xB0,0x7E,0x73,0x34,0xF2,0x0A,0x37,0x2E,0x34,0x00,0x03,\
0x19,0x77,0x00,0x01,0x7E,0x73,0x34,0xF1,0x19,0x77,0x00,0x02,0x7E,0x73,0x34,0xF2,\
0x19,0x77,0x00,0x03,0x7E,0xB3,0x34,0xF1,0x70,0x41,0xBE,0x64,0x00,0x20,0x50,0x29,\
0xBE,0x64,0x00,0x10,0x78,0x13,0x12,0xE3,0x38,0x0A,0x36,0x19,0x77,0x00,0x04,0x12,\
0xE3,0x38,0x19,0x77,0x00,0x05,0x02,0x4B,0xF4,0x7E,0x73,0x34,0xF2,0x0A,0x37,0xCA,\
0x39,0x7D,0x36,0x2E,0x34,0x03,0x8F,0x80,0x0E,0x7E,0x73,0x34,0xF2,0x0A,0x37,0xCA,\
0x39,0x7D,0x36,0x2E,0x34,0x00,0x00,0x6D,0x22,0x80,0x2F,0x7E,0xB3,0x34,0xF1,0xB4,\
0x01,0x0F,0x7D,0x37,0x0B,0x36,0x7C,0xBD,0x7E,0x53,0x34,0xF2,0x12,0xDB,0xCF,0x80,\
0x73,0x7E,0xB3,0x34,0xF1,0xB4,0x02,0x1F,0x7E,0x73,0x34,0xF2,0x0A,0x37,0xCA,0x39,\
0x7D,0x36,0x2E,0x34,0x00,0x00,0x7E,0x24,0x00,0xFF,0x7D,0x17,0x0B,0x16,0x6D,0x00,\
0x12,0xD9,0xBE,0x1B,0xFD,0x80,0x4D,0x7E,0xB3,0x34,0xF1,0xB4,0x03,0x20,0xE4,0x12,\
0xCC,0x30,0x7E,0x73,0x34,0xF2,0x1E,0x70,0x0A,0x07,0x7D,0x17,0x0B,0x16,0x7D,0x26,\
0x7E,0x34,0xC0,0x00,0x12,0xD1,0xAD,0x74,0x01,0x12,0xCC,0x30,0x80,0x26,0x7E,0xB3,\
0x34,0xF1,0xB4,0x04,0x1B,0x7E,0x73,0x34,0xF2,0x1E,0x70,0x0A,0x07,0x7D,0x17,0x0B,\
0x16,0x7D,0x26,0x7E,0x34,0x40,0x00,0x12,0xD1,0xAD,0x80,0x08,0x74,0x80,0x80,0x20,\
0x74,0x82,0x80,0x1C,0x09,0x77,0x00,0x01,0x0A,0x37,0x0B,0x34,0x7D,0x17,0x6D,0x00,\
0x12,0xE1,0x2E,0x09,0xA7,0x00,0x01,0x0A,0x3A,0x2D,0x37,0x19,0xB3,0x00,0x01,0xE4,\
0xDA,0x3B,0x22,0xCA,0x3B,0x7E,0xB3,0x26,0x09,0xBE,0xB0,0x03,0x78,0x03,0x02,0x4E,\
0x74,0x7E,0xF3,0x26,0x0A,0xE4,0x7A,0xB3,0x26,0x0A,0x6C,0xEE,0x1A,0x3E,0x09,0x73,\
0x32,0xEF,0x7A,0x73,0x34,0xF4,0x1A,0x2E,0x7E,0x34,0x00,0x0E,0xAD,0x32,0x7D,0x63,\
0x2E,0x64,0x33,0xCB,0xE4,0x7A,0x69,0xB0,0x7E,0xB3,0x34,0xF4,0xBE,0xB0,0x01,0x68,\
0x08,0xB4,0x02,0x02,0x80,0x03,0x02,0x4E,0x6A,0x74,0x01,0x7A,0x69,0xB0,0x1A,0x3E,\
0x09,0x73,0x33,0x0D,0xBE,0x73,0x2E,0xBC,0x40,0x4B,0x1A,0x3E,0x09,0xB3,0x33,0xC1,\
0x7A,0xB3,0x34,0xF9,0x20,0xE6,0x4C,0x7E,0xB3,0x34,0xF9,0x04,0x7A,0xB3,0x34,0xF9,\
0x7E,0xB3,0x2E,0x9B,0x20,0xE3,0x13,0x7E,0xB3,0x25,0xC6,0x60,0x09,0x7E,0x73,0x34,\
0xF9,0xBE,0x70,0x09,0x40,0x13,0x74,0xC0,0x80,0x0B,0x7E,0x73,0x34,0xF9,0xBE,0x70,\
0x03,0x40,0x06,0x74,0x40,0x7A,0xB3,0x34,0xF9,0x7E,0x73,0x34,0xF9,0x1A,0x2E,0x19,\
0x72,0x33,0xC1,0x80,0x0E,0x1A,0x3E,0x2E,0x34,0x33,0xC1,0x7E,0x39,0xB0,0x54,0xC0,\
0x7A,0x39,0xB0,0x1A,0x3E,0x09,0x73,0x33,0x5D,0x7A,0x73,0x34,0xF5,0x1A,0x37,0x3E,\
0x34,0x3E,0x34,0x3E,0x34,0x2E,0x34,0x33,0x67,0x7A,0x37,0x34,0xF2,0x09,0xB6,0x00,\
0x01,0x70,0x06,0x74,0x01,0x19,0xB6,0x00,0x01,0x09,0xB6,0x00,0x01,0xB4,0x01,0x55,\
0x09,0xB6,0x00,0x02,0x70,0x4F,0x7E,0x73,0x2E,0xFE,0x5E,0x70,0x7C,0x1E,0x70,0x1E,\
0x70,0x7A,0x73,0x34,0xF8,0x4C,0xFF,0x68,0x1C,0x7E,0x63,0x34,0xF8,0x7E,0x70,0x03,\
0xAC,0x67,0x1E,0x34,0x1E,0x34,0x7A,0x73,0x34,0xF8,0x7E,0xB3,0x34,0xF8,0x70,0x05,\
0x04,0x7A,0xB3,0x34,0xF8,0x7E,0x37,0x34,0xF2,0x09,0x73,0x00,0x02,0xBE,0x73,0x34,\
0xF8,0x40,0x12,0x7E,0xB3,0x34,0xF8,0x60,0x0C,0x74,0x01,0x19,0xB6,0x00,0x02,0x74,\
0x02,0x19,0xB6,0x00,0x01,0x7E,0xB3,0x34,0xF4,0xB4,0x02,0x3C,0x09,0xB6,0x00,0x08,\
0x70,0x36,0x74,0x01,0x19,0xB6,0x00,0x08,0x7E,0x37,0x34,0xF2,0x09,0x73,0x00,0x03,\
0x19,0x76,0x00,0x09,0x7E,0x37,0x34,0xF2,0x09,0x73,0x00,0x04,0x19,0x76,0x00,0x0A,\
0x7E,0x37,0x34,0xF2,0x09,0x73,0x00,0x05,0x19,0x76,0x00,0x0B,0x7E,0x37,0x34,0xF2,\
0x09,0x73,0x00,0x06,0x19,0x76,0x00,0x0C,0x1A,0x3E,0x09,0xB3,0x33,0xC1,0x60,0x0C,\
0x74,0x02,0x19,0xB6,0x00,0x02,0x74,0x03,0x19,0xB6,0x00,0x01,0x7E,0x37,0x34,0xF2,\
0x09,0xB3,0x00,0x07,0x30,0xE7,0x0D,0x09,0xB6,0x00,0x02,0xB4,0x01,0x06,0x74,0x02,\
0x19,0xB6,0x00,0x02,0x7D,0x36,0x7E,0x27,0x34,0xF2,0x12,0x60,0xA3,0x09,0xB6,0x00,\
0x01,0xB4,0x02,0x02,0x80,0x03,0x02,0x4E,0x5D,0x7E,0xB3,0x26,0x09,0x70,0x3B,0x09,\
0xB6,0x00,0x08,0x30,0xE0,0x40,0x09,0x66,0x00,0x0A,0x7E,0x27,0x34,0xF2,0x09,0x72,\
0x00,0x03,0xBC,0x76,0x38,0x24,0x09,0x66,0x00,0x09,0x09,0x72,0x00,0x04,0xBC,0x76,\
0x40,0x18,0x09,0x66,0x00,0x0C,0x09,0x72,0x00,0x05,0xBC,0x76,0x38,0x0C,0x09,0x66,\
0x00,0x0B,0x09,0x72,0x00,0x06,0xBC,0x76,0x50,0x0C,0x74,0x80,0x19,0xB6,0x00,0x02,\
0x74,0x01,0x19,0xB6,0x00,0x01,0x7E,0x73,0x2E,0xFD,0x0A,0x37,0x3E,0x34,0x0A,0x37,\
0x7A,0x37,0x34,0xF6,0x4D,0x33,0x68,0x30,0x7E,0x37,0x34,0xF2,0x0B,0x38,0x30,0xBE,\
0x37,0x34,0xF6,0x48,0x23,0x09,0xB6,0x00,0x0D,0xBE,0xB0,0x05,0x50,0x0C,0x7D,0x36,\
0x2E,0x34,0x00,0x0D,0x04,0x7A,0x39,0xB0,0x80,0x13,0x74,0x80,0x19,0xB6,0x00,0x02,\
0x74,0x01,0x19,0xB6,0x00,0x01,0x80,0x05,0xE4,0x19,0xB6,0x00,0x0D,0x09,0xB6,0x00,\
0x01,0x30,0xE1,0x06,0x74,0x01,0x7A,0xB3,0x26,0x0A,0x0B,0xE0,0xBE,0xE0,0x0A,0x58,\
0x03,0x02,0x4C,0x2C,0xDA,0x3B,0x22,0xCA,0x69,0xCA,0xF8,0x7C,0x67,0x7C,0xAB,0x7E,\
0xB3,0x2F,0x16,0x70,0x04,0xE4,0x02,0x50,0xBF,0x7E,0xB3,0x25,0xD7,0x60,0x03,0x02,\
0x4F,0x39,0x7E,0xB3,0x2D,0x4A,0x60,0x03,0x02,0x4F,0x39,0x7E,0xB3,0x2D,0x4F,0xBE,\
0xB0,0xFF,0x50,0x05,0x04,0x7A,0xB3,0x2D,0x4F,0x4C,0xAA,0x78,0x05,0xE4,0x7A,0xB3,\
0x2D,0x4F,0x7E,0xB3,0x2D,0x50,0xBE,0xB0,0xFF,0x50,0x05,0x04,0x7A,0xB3,0x2D,0x50,\
0xA5,0xBE,0x00,0x05,0xE4,0x7A,0xB3,0x2D,0x50,0x7E,0xB3,0x2D,0x51,0xBE,0xB0,0xFF,\
0x50,0x05,0x04,0x7A,0xB3,0x2D,0x51,0x7E,0x73,0x2F,0x19,0x4C,0x77,0x68,0x08,0x0A,\
0x37,0xBE,0x37,0x25,0xFB,0x08,0x05,0xE4,0x7A,0xB3,0x2D,0x51,0x7E,0x73,0x2E,0xB5,\
0xBE,0x73,0x2D,0x51,0x38,0x08,0x74,0xFF,0x7A,0xB3,0x2D,0x4C,0x80,0x3B,0x7E,0xA3,\
0x2D,0x4B,0xBE,0xA0,0x04,0x50,0x55,0x7E,0x63,0x2D,0x4F,0x0A,0x26,0x7E,0x63,0x2D,\
0x50,0x0A,0x16,0xBD,0x12,0x08,0x02,0x7D,0x21,0x7E,0xB3,0x25,0xC6,0x70,0x14,0x7E,\
0x63,0x2F,0x18,0x1E,0x60,0x1E,0x60,0x0A,0x16,0x0A,0x37,0x2D,0x31,0x3E,0x34,0xBD,\
0x32,0x58,0x0E,0x74,0xFF,0x7A,0xB3,0x2D,0x4C,0xE4,0x7A,0xB3,0x2D,0x4B,0x02,0x50,\
0xBF,0x7E,0xB3,0x2D,0x4C,0x60,0x15,0x14,0x7A,0xB3,0x2D,0x4C,0x7E,0xB3,0x30,0xBA,\
0x30,0xE1,0x05,0xE4,0x7A,0xB3,0x2D,0x4C,0xE4,0x02,0x50,0xBF,0x7E,0xB3,0x30,0xBA,\
0x70,0x14,0xBE,0xA0,0x05,0x68,0x05,0xBE,0xA0,0x06,0x78,0x06,0x74,0x07,0x7A,0xB3,\
0x2D,0x4B,0xE4,0x02,0x50,0xBF,0x7E,0x73,0x2F,0x16,0x0A,0x27,0x7E,0x08,0x2D,0x52,\
0x6C,0x77,0x6C,0x66,0x7E,0xF0,0xFF,0x7E,0xB3,0x2D,0x4B,0xBE,0xB0,0x03,0x38,0x03,\
0x7E,0xF0,0x01,0x6C,0xAA,0x80,0x1B,0x0B,0x0A,0x40,0x0B,0x15,0x1A,0xFF,0xAD,0xF4,\
0xBD,0x2F,0x58,0x0A,0x0B,0x70,0xBC,0x67,0x50,0x06,0x7C,0x67,0x80,0x02,0x6C,0x77,\
0x0B,0xA0,0x7E,0xB3,0x31,0x11,0xBC,0xBA,0x38,0xDD,0x7E,0x73,0x2F,0x17,0x5E,0x70,\
0x7F,0xBC,0x76,0x28,0x02,0x6C,0xFF,0x7E,0x73,0x2D,0x4B,0xA5,0xBF,0x04,0x03,0x7E,\
0x70,0x05,0x4C,0x77,0x68,0x04,0xA5,0xBF,0x07,0x0C,0xE4,0x7A,0xB3,0x2D,0x4D,0x7A,\
0xB3,0x2D,0x4E,0x7E,0x70,0x01,0x6C,0xAA,0xA5,0xBF,0x01,0x43,0x7E,0x63,0x2E,0xB5,\
0x0A,0x66,0x1B,0x64,0x7E,0xB3,0x2F,0x18,0x54,0x03,0x0A,0x2B,0x1A,0x6D,0x9D,0x62,\
0x7C,0xCD,0xBE,0xC0,0x00,0x58,0x03,0x7E,0xC0,0x01,0x7E,0xB3,0x2D,0x4D,0x04,0x7A,\
0xB3,0x2D,0x4D,0x4C,0xFF,0x78,0x05,0xE4,0x7A,0xB3,0x2D,0x4D,0xBE,0xC3,0x2D,0x4D,\
0x38,0x64,0x0B,0x70,0xE4,0x7A,0xB3,0x2D,0x4D,0x7A,0xB3,0x2D,0x4E,0x80,0x57,0x7E,\
0xC3,0x2E,0xB5,0xBE,0x70,0x02,0x68,0x04,0xA5,0xBF,0x05,0x23,0x7E,0xB3,0x2D,0x4D,\
0x04,0x7A,0xB3,0x2D,0x4D,0x4C,0xFF,0x78,0x05,0xE4,0x7A,0xB3,0x2D,0x4D,0xBE,0xC3,\
0x2D,0x4D,0x38,0x0B,0x0B,0x70,0xE4,0x7A,0xB3,0x2D,0x4D,0x7A,0xB3,0x2D,0x4E,0x7C,\
0xB7,0x30,0xE1,0x22,0x7E,0xB3,0x2D,0x4E,0x04,0x7A,0xB3,0x2D,0x4E,0x4C,0xFF,0x68,\
0x05,0xE4,0x7A,0xB3,0x2D,0x4E,0xBE,0xC3,0x2D,0x4E,0x50,0x0A,0xA5,0xBF,0x06,0x04,\
0x1B,0x70,0x80,0x02,0x6C,0x77,0x7E,0x63,0x2D,0x4F,0xBE,0x60,0x32,0x50,0x09,0x7E,\
0x63,0x2D,0x50,0xBE,0x60,0x32,0x40,0x07,0xA5,0xBF,0x05,0x03,0x7E,0x70,0x03,0xBE,\
0xC3,0x2D,0x4F,0x28,0x06,0xBE,0xC3,0x2D,0x50,0x38,0x0E,0xBE,0x70,0x03,0x68,0x04,\
0xA5,0xBF,0x06,0x05,0x0B,0x70,0x7E,0xA0,0x01,0x7A,0x73,0x2D,0x4B,0x7C,0xBA,0xDA,\
0xF8,0xDA,0x69,0x22,0xE4,0x12,0xCC,0x30,0xE4,0x7A,0xB3,0x02,0x51,0x7A,0xB3,0x24,\
0x15,0x12,0xE0,0x1D,0x7E,0x08,0x34,0xF3,0x7E,0x34,0x00,0x04,0x12,0xE0,0x2E,0x7E,\
0x08,0x34,0xF7,0x7E,0x34,0x00,0x0A,0x12,0xE0,0x2E,0x7E,0x08,0x35,0x01,0x7E,0x34,\
0x00,0x48,0x12,0xE0,0x2E,0x7E,0x34,0x00,0x24,0x7E,0x24,0x34,0xF7,0x12,0xA3,0xC1,\
0x7E,0x14,0x35,0x01,0x7E,0x04,0x00,0x24,0x6D,0x22,0x7E,0x34,0x80,0x00,0x12,0xD1,\
0xAD,0x6D,0x33,0x7A,0x37,0x34,0xF3,0x7E,0x34,0x00,0x01,0x7A,0x37,0x34,0xF5,0x7E,\
0x37,0x3E,0x49,0x5E,0x34,0xF8,0x00,0x4E,0x34,0x03,0x98,0x7A,0x37,0x3E,0x49,0x7E,\
0x14,0x3E,0x3D,0x7E,0x04,0x00,0x06,0x6D,0x33,0x6D,0x22,0x12,0x8C,0x36,0x7E,0x14,\
0x3E,0x49,0x7E,0x04,0x00,0x03,0x7E,0x24,0x00,0x0A,0x6D,0x33,0x12,0x8C,0x36,0x7E,\
0x14,0x3E,0x4F,0x7E,0x04,0x00,0x02,0x7E,0x24,0x00,0x0E,0x6D,0x33,0x12,0x8C,0x36,\
0x7E,0x14,0x02,0xD4,0x7E,0x04,0x00,0x05,0x7E,0x24,0x00,0x30,0x6D,0x33,0x12,0x8C,\
0x36,0x7E,0x14,0x3E,0x7D,0x7E,0x04,0x00,0x12,0x7E,0x24,0x00,0x35,0x6D,0x33,0x12,\
0x8C,0x36,0x7E,0x14,0x3E,0xA1,0x7E,0x04,0x00,0x0A,0x7E,0x24,0x00,0x50,0x6D,0x33,\
0x12,0x8C,0x36,0x7E,0x14,0x02,0xD2,0x7E,0x04,0x00,0x01,0x7E,0x24,0x00,0x5A,0x6D,\
0x33,0x12,0x8C,0x36,0x7E,0x14,0x3E,0xC1,0x7E,0x04,0x00,0x01,0x7E,0x24,0x00,0x5B,\
0x6D,0x33,0x12,0x8C,0x36,0x7E,0x14,0x34,0xF3,0x7E,0x04,0x00,0x02,0x7E,0x24,0x00,\
0x65,0x6D,0x33,0x12,0x8C,0x36,0x7E,0x14,0x34,0xF7,0x7E,0x04,0x00,0x05,0x7E,0x24,\
0x00,0x67,0x6D,0x33,0x12,0x8C,0x36,0x7E,0x14,0x3E,0xB7,0x7E,0x04,0x00,0x01,0x7E,\
0x24,0x00,0xD4,0x6D,0x33,0x12,0x8C,0x36,0x7E,0x14,0x3E,0xB9,0x7E,0x04,0x00,0x01,\
0x7E,0x24,0x00,0xF9,0x6D,0x33,0x12,0x8C,0x36,0x7E,0x14,0x3E,0xBB,0x7E,0x04,0x00,\
0x01,0x7E,0x24,0x00,0xD5,0x6D,0x33,0x12,0x8C,0x36,0x7E,0x14,0x3E,0xBD,0x7E,0x04,\
0x00,0x01,0x7E,0x24,0x00,0xD3,0x6D,0x33,0x12,0x8C,0x36,0x7E,0x14,0x3E,0xC5,0x7E,\
0x04,0x00,0x01,0x7E,0x24,0x00,0xD1,0x6D,0x33,0x12,0x8C,0x36,0x7E,0x14,0x3E,0xC7,\
0x7E,0x04,0x00,0x01,0x7E,0x24,0x00,0xD2,0x6D,0x33,0x12,0x8C,0x36,0x7E,0x14,0x3E,\
0xCB,0x7E,0x04,0x00,0x01,0x7E,0x24,0x00,0x4F,0x6D,0x33,0x12,0x8C,0x36,0x20,0x0D,\
0x28,0x7E,0x73,0x03,0x36,0x7A,0x73,0x03,0xE1,0x7E,0x37,0x03,0x34,0x7A,0x37,0x03,\
0xD5,0x7E,0x37,0x02,0xE5,0x7A,0x37,0x03,0xD3,0x7E,0x73,0x03,0x33,0x7A,0x73,0x03,\
0xD7,0x7E,0x73,0x02,0x60,0x7A,0x73,0x03,0xD8,0x7E,0xB3,0x23,0xE3,0x12,0x9C,0x80,\
0x7E,0x34,0x23,0xC5,0x12,0x55,0x21,0x7E,0x14,0x02,0x6A,0x7E,0x04,0x00,0x01,0x7E,\
0x24,0x00,0x6D,0x6D,0x33,0x12,0x8C,0x36,0x7E,0x73,0x3E,0xE0,0x0A,0x37,0x7A,0x37,\
0x01,0xCA,0xE5,0x48,0x0A,0x2B,0xE5,0x4B,0x0A,0x3B,0x2D,0x32,0x7C,0x67,0x6C,0x77,\
0x7A,0x37,0x01,0xCC,0x7E,0x34,0x7F,0xFF,0x7A,0x37,0x01,0xCE,0x7E,0x53,0x3E,0xE0,\
0x7A,0x27,0x01,0xD0,0x7A,0x37,0x01,0xD2,0x7E,0x14,0x01,0xCA,0x7E,0x04,0x00,0x05,\
0x7E,0x24,0x00,0x60,0x6D,0x33,0x12,0x8C,0x36,0x7E,0x34,0x02,0x60,0x7A,0x37,0x01,\
0xD4,0x7E,0x14,0x01,0xD4,0x7E,0x04,0x00,0x01,0x7E,0x24,0x00,0x80,0x6D,0x33,0x12,\
0x8C,0x36,0x12,0xD0,0xC5,0x12,0xD2,0x52,0x74,0x01,0x02,0xCC,0x30,0xCA,0x3B,0x7C,\
0xD2,0x7D,0x40,0x7C,0xC3,0x7A,0x43,0x35,0x0F,0x7C,0xA5,0x7C,0x36,0x7C,0xE7,0x7C,\
0xFB,0x7E,0x23,0x2F,0x0D,0x7A,0x23,0x35,0x20,0x7E,0x23,0x2F,0x0E,0x7A,0x23,0x35,\
0x21,0x7E,0xB3,0x35,0x0F,0xB4,0x01,0x10,0x7E,0x23,0x2F,0x0F,0x7A,0x23,0x35,0x20,\
0x7E,0x23,0x2F,0x10,0x7A,0x23,0x35,0x21,0x1A,0x2F,0x1A,0x3E,0x9D,0x32,0x0B,0x34,\
0x7A,0x73,0x35,0x15,0x1A,0x23,0x1A,0x3A,0x9D,0x32,0x0B,0x34,0x7A,0x73,0x35,0x16,\
0x9F,0x77,0x9F,0x66,0x74,0x01,0x02,0x54,0xD5,0x7A,0x47,0x35,0x17,0x9F,0x55,0x7E,\
0x73,0x35,0x16,0x7A,0x73,0x35,0x14,0x80,0x36,0x7E,0x57,0x35,0x17,0x0B,0x58,0x50,\
0x7A,0x57,0x35,0x19,0xBE,0x54,0x00,0x00,0x58,0x06,0x6D,0x55,0x7A,0x57,0x35,0x19,\
0x7E,0x37,0x35,0x19,0x1A,0x26,0x1A,0x24,0x2F,0x51,0x1A,0x5C,0x3E,0x54,0x2E,0x57,\
0x35,0x17,0x7A,0x57,0x35,0x17,0x7E,0xB3,0x35,0x14,0x14,0x7A,0xB3,0x35,0x14,0x7E,\
0x73,0x35,0x14,0xBE,0x70,0x00,0x18,0xC1,0x7E,0x73,0x35,0x13,0x1A,0x37,0x1A,0x26,\
0x7F,0x05,0x12,0x8B,0x70,0x2F,0x61,0x2F,0x75,0x7E,0x73,0x35,0x0F,0x1A,0x57,0x3E,\
0x54,0x2D,0x45,0x74,0xFF,0x7A,0xB3,0x35,0x1F,0x4C,0xFF,0x78,0x16,0x7E,0xB3,0x35,\
0x13,0xB4,0x02,0x0F,0xE4,0x7A,0xB3,0x35,0x1F,0x7E,0x4F,0x35,0x1B,0x7A,0x5F,0x35,\
0x1B,0x80,0x18,0xBC,0xDE,0x78,0x14,0x7E,0x73,0x35,0x15,0xBE,0x73,0x35,0x13,0x78,\
0x0A,0x1A,0x37,0x0B,0x34,0x7A,0x73,0x35,0x1F,0x7F,0x45,0x7E,0xB3,0x26,0x24,0x60,\
0x73,0x7E,0x73,0x35,0x1F,0xBE,0x70,0x00,0x48,0x6A,0x7E,0x73,0x2E,0xCB,0x0A,0x37,\
0x3E,0x34,0x3E,0x34,0x3E,0x34,0x1A,0x26,0x1A,0x24,0xBF,0x41,0x08,0x06,0x74,0x40,\
0x7A,0xB3,0x26,0x25,0x7E,0xB3,0x26,0x25,0x60,0x4A,0x7E,0x73,0x26,0x24,0x0A,0x17,\
0x6D,0x00,0x7F,0x14,0x12,0x8B,0x70,0x7C,0x76,0x7C,0x65,0x1A,0x24,0x7F,0x41,0x7E,\
0x1F,0x35,0x1B,0x9F,0x41,0xBE,0x48,0x00,0x00,0x08,0x29,0x7E,0x73,0x2E,0xCC,0x0A,\
0x17,0x6D,0x00,0x7F,0x14,0x12,0x8B,0x70,0x1E,0x34,0x0E,0x24,0x50,0x03,0x4E,0x60,\
0x80,0x7F,0x41,0x7E,0x73,0x35,0x1F,0x1A,0x37,0x1A,0x26,0x7F,0x04,0x12,0x8B,0x70,\
0x2F,0x61,0x2F,0x74,0x7A,0x5F,0x35,0x1B,0x4C,0xFF,0x78,0x1E,0x7E,0xB3,0x35,0x13,\
0xB4,0x01,0x17,0x7E,0x73,0x35,0x20,0x0A,0x17,0x6D,0x00,0x7F,0x15,0x12,0x8B,0x70,\
0x7C,0x76,0x7C,0x65,0x1A,0x24,0x7F,0x51,0x2F,0x71,0xBC,0xDE,0x78,0x32,0x7E,0x73,\
0x35,0x15,0xBE,0x73,0x35,0x13,0x78,0x28,0x7E,0x73,0x35,0x21,0x0A,0x17,0x6D,0x00,\
0x7F,0x15,0x12,0x8B,0x70,0x7C,0x76,0x7C,0x65,0x1A,0x24,0x7F,0x51,0x7E,0x73,0x35,\
0x13,0x1A,0x37,0x1A,0x26,0x0B,0x1C,0x7F,0x05,0x12,0x8B,0x70,0x2F,0x61,0x2F,0x75,\
0x7E,0xB3,0x35,0x13,0x04,0x7A,0xB3,0x35,0x13,0x7E,0x73,0x35,0x15,0xBE,0x73,0x35,\
0x13,0x48,0x03,0x02,0x53,0x59,0xBE,0x78,0x00,0x00,0x78,0x04,0x6D,0x22,0x80,0x27,\
0x7D,0x2C,0x7C,0x45,0x7D,0x3D,0x7C,0x56,0x7C,0x67,0x6C,0x77,0x7F,0x07,0x12,0x8B,\
0xDD,0x7F,0x01,0x9E,0x08,0x01,0x00,0x1A,0x3F,0x1A,0x26,0x7C,0x45,0x7C,0x56,0x7C,\
0x67,0x6C,0x77,0x2F,0x10,0x7D,0x23,0x7E,0x37,0x35,0x10,0x1B,0x38,0x20,0xDA,0x3B,\
0x22,0x7D,0x23,0x09,0x72,0x00,0x0E,0x7A,0x73,0x02,0x5D,0x09,0x72,0x00,0x0D,0x7A,\
0x73,0x23,0xA7,0x09,0xA2,0x00,0x0C,0x7A,0xA3,0x02,0x65,0x7E,0x37,0x3E,0x75,0x0A,\
0x16,0x1E,0x14,0x5E,0x14,0x00,0x01,0x78,0x06,0x7E,0xB3,0x02,0x65,0x80,0x01,0xE4,\
0x7A,0xB3,0x02,0x65,0x85,0x45,0x4A,0x09,0xB2,0x00,0x10,0x7A,0xB3,0x02,0xC0,0x4C,\
0xAA,0x68,0x2C,0x7E,0x17,0x3E,0x71,0x7D,0x01,0x1E,0x04,0x1E,0x04,0x1E,0x04,0x1E,\
0x04,0x5E,0x04,0x00,0x01,0x68,0x05,0x75,0x4A,0x1E,0x80,0x13,0x5E,0x14,0x00,0x0F,\
0x68,0x0D,0x09,0xB2,0x00,0x01,0x7E,0xA3,0x02,0x65,0xA4,0x7A,0xB3,0x02,0x65,0x6D,\
0x22,0x7A,0x27,0x02,0x6A,0x7A,0x27,0x02,0x5E,0x7A,0x27,0x23,0xA8,0x7A,0x27,0x02,\
0x66,0x7A,0x27,0x02,0x52,0x0A,0x56,0xC4,0x5E,0x54,0x00,0x07,0xBE,0x54,0x00,0x08,\
0x40,0x03,0x02,0x57,0x39,0x7E,0xA0,0x03,0xA4,0x90,0x55,0xBD,0x73,0x02,0x55,0xD5,\
0x02,0x56,0x01,0x02,0x56,0x1C,0x02,0x56,0x4B,0x02,0x56,0x89,0x02,0x56,0xB6,0x02,\
0x56,0xE0,0x02,0x57,0x0D,0xE5,0x45,0x7E,0x73,0x02,0xC0,0xAC,0xB7,0x7A,0x57,0x02,\
0x5E,0x7E,0x51,0x45,0x7E,0x63,0x02,0x5D,0xAC,0x56,0x2E,0x27,0x02,0x5E,0x7A,0x27,\
0x23,0xA8,0x7E,0x51,0x47,0x7E,0x73,0x23,0xA7,0xAC,0x57,0x2E,0x27,0x23,0xA8,0x80,\
0x73,0xE5,0x45,0x7E,0x73,0x02,0xC0,0xAC,0xB7,0x7A,0x57,0x02,0x66,0xE5,0x4A,0x7E,\
0x73,0x02,0x65,0xAC,0x7B,0x2E,0x37,0x02,0x66,0x02,0x56,0xA1,0xE5,0x45,0x7E,0x63,\
0x02,0x5D,0xAC,0xB6,0x7A,0x57,0x23,0xA8,0x7E,0x51,0x47,0x7E,0x73,0x23,0xA7,0xAC,\
0x57,0x2E,0x27,0x23,0xA8,0x7A,0x27,0x02,0x66,0xE5,0x4A,0x7E,0x53,0x02,0x65,0xAC,\
0x5B,0x2E,0x27,0x02,0x66,0x7A,0x27,0x02,0x6A,0x80,0x2D,0xE5,0x45,0x7E,0x63,0x02,\
0x5D,0xAC,0xB6,0x7A,0x57,0x23,0xA8,0x7E,0x51,0x47,0x7E,0x73,0x23,0xA7,0xAC,0x57,\
0x2E,0x27,0x23,0xA8,0x7A,0x27,0x02,0x6A,0xE5,0x45,0x7E,0x53,0x02,0xC0,0xAC,0x5B,\
0x2E,0x27,0x02,0x6A,0x7A,0x27,0x02,0x66,0x7E,0x51,0x47,0xAC,0x57,0x7E,0x71,0x45,\
0xAC,0x67,0x2D,0x32,0x7A,0x37,0x02,0x52,0x22,0xE5,0x4A,0x7E,0x73,0x02,0x65,0xAC,\
0xB7,0x7A,0x57,0x02,0x6A,0xE5,0x45,0x7E,0x73,0x02,0xC0,0xAC,0x7B,0x2E,0x37,0x02,\
0x6A,0x7A,0x37,0x02,0x5E,0xE5,0x45,0x7E,0x73,0x02,0x5D,0xAC,0x7B,0x2E,0x37,0x02,\
0x5E,0x7A,0x37,0x23,0xA8,0x22,0xE5,0x4A,0x7E,0x73,0x02,0x65,0xAC,0xB7,0x7A,0x57,\
0x02,0x5E,0xE5,0x45,0x7E,0x73,0x02,0x5D,0xAC,0x7B,0x2E,0x37,0x02,0x5E,0x7A,0x37,\
0x23,0xA8,0xE5,0x47,0x7E,0x73,0x23,0xA7,0xAC,0x7B,0x2E,0x37,0x23,0xA8,0x80,0x55,\
0xE5,0x4A,0x7E,0x73,0x02,0x65,0xAC,0xB7,0x7A,0x57,0x02,0x6A,0xE5,0x45,0x7E,0x73,\
0x02,0xC0,0xAC,0x7B,0x2E,0x37,0x02,0x6A,0x7A,0x37,0x23,0xA8,0xE5,0x47,0x7E,0x73,\
0x23,0xA7,0xAC,0x7B,0x2E,0x37,0x23,0xA8,0x7A,0x37,0x02,0x5E,0x22,0xE5,0x4A,0x7E,\
0x73,0x02,0x65,0xAC,0xB7,0x7A,0x57,0x23,0xA8,0xE5,0x47,0x7E,0x73,0x23,0xA7,0xAC,\
0x7B,0x2E,0x37,0x23,0xA8,0x7A,0x37,0x02,0x5E,0xE5,0x45,0x7E,0x73,0x02,0x5D,0xAC,\
0x7B,0x2E,0x37,0x02,0x5E,0x7A,0x37,0x02,0x6A,0x22,0xCA,0xF8,0x7C,0x9B,0x4C,0x9B,\
0x78,0x03,0x02,0x59,0x4F,0x7E,0xB3,0x2E,0x9B,0x30,0xE1,0x09,0x7E,0xB3,0x25,0xD7,\
0x60,0x03,0x02,0x59,0x4F,0x7E,0xB3,0x2E,0xF8,0x20,0xE7,0x03,0x02,0x59,0x4F,0x7E,\
0xB3,0x26,0x3D,0xBE,0xB0,0x01,0x78,0x03,0x02,0x59,0x4F,0x6D,0x55,0x6D,0xEE,0x7E,\
0x73,0x2C,0xB0,0xBE,0x70,0x02,0x28,0x4B,0x7D,0xF5,0x80,0x13,0x7D,0x5F,0x3E,0x54,\
0x2E,0x57,0x25,0x13,0x0B,0x58,0x50,0xBD,0x5E,0x58,0x02,0x7D,0xE5,0x0B,0xF4,0x7E,\
0x57,0x26,0x3B,0xBD,0x5F,0x38,0xE5,0x7E,0xF3,0x2E,0xE6,0x5E,0xF0,0x7F,0x7D,0x3E,\
0x1A,0x26,0x1A,0x24,0x1A,0x1F,0x1A,0x02,0x12,0x8B,0x70,0x74,0x05,0x1E,0x34,0x0E,\
0x24,0x50,0x03,0x4E,0x60,0x80,0x14,0x78,0xF4,0x7D,0x53,0x7E,0x73,0x2E,0x9D,0x0A,\
0xE7,0x9D,0xE5,0x7E,0xB3,0x2C,0xB3,0x60,0x6C,0x7E,0xB3,0x26,0xB4,0xB4,0x01,0x1A,\
0x7E,0xF3,0x2E,0xBB,0x5E,0xF0,0x7F,0x1A,0xDF,0x7E,0x73,0x2E,0x9D,0x0A,0xC7,0xAD,\
0xDC,0x74,0x05,0x0E,0xD4,0x14,0x78,0xFB,0x80,0x45,0x7E,0x37,0x26,0xBA,0x1A,0x26,\
0x1A,0x24,0x7E,0x33,0x25,0xF7,0x0A,0x13,0x6D,0x00,0x12,0x8B,0x70,0x74,0x06,0x1E,\
0x34,0x0E,0x24,0x50,0x03,0x4E,0x60,0x80,0x14,0x78,0xF4,0x7E,0xF3,0x2E,0xE8,0x5E,\
0xF0,0x7F,0x1A,0x26,0x1A,0x24,0x1A,0x1F,0x1A,0x02,0x12,0x8B,0x70,0x74,0x05,0x1E,\
0x34,0x0E,0x24,0x50,0x03,0x4E,0x60,0x80,0x14,0x78,0xF4,0x6D,0xDD,0x9D,0xD3,0xBD,\
0xDE,0x08,0x02,0x7D,0xED,0x4C,0x99,0x78,0x04,0x6C,0x88,0x80,0x03,0x7E,0x80,0x02,\
0x7E,0xC4,0x2D,0x9C,0x6C,0xAA,0x02,0x59,0x13,0x09,0xBC,0x00,0x09,0x70,0x0E,0x49,\
0x3C,0x00,0x0A,0xBD,0x3E,0x58,0x06,0x74,0x01,0x19,0xBC,0x00,0x09,0x09,0xBC,0x00,\
0x09,0x70,0x38,0x7E,0xB3,0x2E,0xE8,0x30,0xE7,0x31,0x7E,0xB3,0x30,0xBA,0x60,0x2B,\
0x09,0xBC,0x00,0x02,0x0A,0xFB,0x4D,0xFF,0x68,0x0F,0x1B,0xF4,0x80,0x0B,0x09,0xBF,\
0x26,0x8F,0xBE,0xB0,0x1C,0x38,0x14,0x0B,0xF4,0x09,0xBC,0x00,0x03,0x0A,0x3B,0x0B,\
0x34,0xBD,0x3F,0x58,0xE9,0x74,0x01,0x19,0xBC,0x00,0x09,0x09,0xBC,0x00,0x09,0x70,\
0x63,0x7E,0xB3,0x2C,0xAC,0x60,0x5D,0x09,0xBC,0x00,0x02,0x60,0x12,0x7E,0xB3,0x31,\
0x11,0x0A,0x2B,0x1B,0x24,0x09,0xBC,0x00,0x03,0x0A,0x3B,0xBD,0x32,0x78,0x45,0x49,\
0x2C,0x00,0x0A,0x7E,0xB3,0x2F,0x15,0x0A,0x3B,0xBD,0x23,0x58,0x04,0x74,0x01,0x80,\
0x21,0x74,0x01,0x19,0xBC,0x00,0x09,0x09,0xBC,0x00,0x02,0x0A,0xFB,0x80,0x1B,0x7D,\
0x3F,0x3E,0x34,0x49,0x23,0x26,0x44,0x7E,0xB3,0x2F,0x14,0x0A,0x3B,0xBD,0x23,0x48,\
0x07,0xE4,0x19,0xBC,0x00,0x09,0x80,0x0C,0x0B,0xF4,0x09,0xBC,0x00,0x03,0x0A,0x3B,\
0xBD,0x3F,0x58,0xDB,0x09,0xBC,0x00,0x09,0x70,0x03,0x7E,0x80,0x01,0x2E,0xC4,0x00,\
0x0E,0x0B,0xA0,0xBC,0x9A,0x08,0x03,0x02,0x58,0x49,0xBE,0x83,0x2C,0xB6,0x68,0x26,\
0x7E,0xB3,0x2C,0xB6,0xBE,0xB0,0x02,0x68,0x05,0xBE,0x80,0x02,0x78,0x18,0x7E,0xB3,\
0x2C,0xB5,0x04,0x7A,0xB3,0x2C,0xB5,0x7E,0x93,0x2C,0xB5,0xBE,0x90,0x08,0x28,0x0F,\
0x7A,0x83,0x2C,0xB6,0x80,0x09,0x7A,0x83,0x2C,0xB6,0xE4,0x7A,0xB3,0x2C,0xB5,0xDA,\
0xF8,0x22,0xCA,0x3B,0x7D,0x60,0x7A,0x17,0x35,0x05,0x7C,0xE5,0x7C,0xFB,0x7D,0x23,\
0x7E,0x29,0x70,0x7A,0x73,0x35,0x0B,0x09,0x72,0x00,0x01,0x7A,0x73,0x35,0x0C,0x09,\
0x72,0x00,0x02,0x7A,0x73,0x35,0x0D,0x09,0x72,0x00,0x03,0x7A,0x73,0x35,0x0E,0x7E,\
0xB3,0x2D,0x9B,0x60,0x03,0x02,0x5A,0x50,0x7E,0x63,0x35,0x0B,0x0A,0x16,0x7E,0x73,\
0x35,0x0C,0x0A,0x27,0x9D,0x21,0xBE,0x24,0x00,0x01,0x78,0x50,0x1A,0x1F,0x7E,0x73,\
0x35,0x0D,0x0A,0x47,0xAD,0x14,0x3E,0x14,0x7E,0x70,0x02,0xAC,0x67,0x2D,0x31,0x2E,\
0x37,0x25,0x13,0x7D,0x52,0x0B,0x54,0x7E,0xA3,0x35,0x0E,0x0A,0x2A,0x9D,0x24,0x0B,\
0x24,0x7E,0x40,0x01,0x7C,0x3F,0x12,0x7B,0xA3,0x7A,0x37,0x35,0x09,0x7E,0x39,0xB0,\
0x60,0x1A,0x7E,0x37,0x35,0x09,0x09,0x73,0x00,0x01,0x0A,0x27,0x7E,0x73,0x35,0x0B,\
0x0A,0x37,0x2D,0x32,0x7A,0x73,0x35,0x0C,0x7A,0x73,0x35,0x0B,0x7E,0x73,0x35,0x0D,\
0x0A,0x07,0x7E,0x73,0x35,0x0E,0x0A,0x47,0x9D,0x40,0xBE,0x44,0x00,0x01,0x78,0x50,\
0x1A,0x1F,0xAD,0x10,0x3E,0x14,0x7E,0x53,0x35,0x0B,0x7E,0x70,0x02,0xAC,0x75,0x2D,\
0x31,0x2E,0x37,0x25,0x13,0x7D,0x54,0x0B,0x54,0x0A,0x15,0x7E,0xA3,0x35,0x0C,0x0A,\
0x2A,0x9D,0x21,0x0B,0x24,0x7C,0x4F,0x7E,0x30,0x01,0x12,0x7B,0xA3,0x7A,0x37,0x35,\
0x09,0x7E,0x39,0xB0,0x60,0x1A,0x7E,0x37,0x35,0x09,0x09,0x73,0x00,0x01,0x0A,0x27,\
0x7E,0x73,0x35,0x0D,0x0A,0x37,0x2D,0x32,0x7A,0x73,0x35,0x0E,0x7A,0x73,0x35,0x0D,\
0x7E,0xA3,0x2D,0x9B,0x4C,0xAA,0x78,0x14,0x7E,0xB3,0x35,0x0B,0x0A,0x2B,0x7E,0xB3,\
0x35,0x0C,0x0A,0x3B,0x9D,0x32,0xBE,0x34,0x00,0x01,0x18,0x21,0x7E,0xB3,0x35,0x0B,\
0xBE,0xB0,0x00,0x28,0x05,0x14,0x7A,0xB3,0x35,0x0B,0x1A,0x3F,0x1B,0x34,0x7E,0xB3,\
0x35,0x0C,0x0A,0x4B,0xBD,0x43,0x58,0x05,0x04,0x7A,0xB3,0x35,0x0C,0x4C,0xAA,0x78,\
0x14,0x7E,0x73,0x35,0x0D,0x0A,0x27,0x7E,0x73,0x35,0x0E,0x0A,0x37,0x9D,0x32,0xBE,\
0x34,0x00,0x01,0x18,0x21,0x7E,0xB3,0x35,0x0D,0xBE,0xB0,0x00,0x28,0x05,0x14,0x7A,\
0xB3,0x35,0x0D,0x1A,0x2E,0x1B,0x24,0x7E,0xB3,0x35,0x0E,0x0A,0x3B,0xBD,0x32,0x58,\
0x05,0x04,0x7A,0xB3,0x35,0x0E,0x1A,0x3F,0x7E,0x53,0x35,0x0D,0x0A,0x25,0xAD,0x32,\
0x7D,0x23,0x3E,0x24,0x7E,0x63,0x35,0x0B,0x7E,0x70,0x02,0xAC,0x67,0x2D,0x32,0x2E,\
0x37,0x25,0x13,0x7A,0x37,0x35,0x07,0x7E,0x73,0x2E,0xC9,0x7A,0x73,0x26,0x24,0x7E,\
0x37,0x35,0x05,0x7A,0x37,0x35,0x10,0x7E,0xB3,0x35,0x0B,0x7E,0x73,0x35,0x0C,0x7E,\
0x63,0x35,0x0D,0x7E,0x53,0x35,0x0E,0x7E,0x40,0x01,0x7C,0x3F,0x7E,0x07,0x35,0x07,\
0x7C,0x23,0x1B,0x20,0x12,0x52,0xFD,0x7E,0x73,0x2E,0xCA,0x7A,0x73,0x26,0x24,0x7A,\
0x67,0x35,0x10,0x7E,0xB3,0x35,0x0D,0x7E,0x73,0x35,0x0E,0x7E,0x63,0x35,0x0B,0x7E,\
0x53,0x35,0x0C,0x7C,0x4F,0x7E,0x30,0x01,0x7E,0x07,0x35,0x07,0x7C,0x2E,0x1B,0x20,\
0x12,0x52,0xFD,0xDA,0x3B,0x22,0xCA,0x3B,0x7D,0x73,0x7E,0x34,0x2D,0x9C,0x7A,0x37,\
0x34,0xF9,0x7E,0x34,0x2D,0x9C,0x7E,0x24,0x00,0x0A,0x12,0xDF,0x15,0x6D,0x66,0xE4,\
0x7A,0xB3,0x34,0xF2,0x7E,0x73,0x34,0xF2,0x1A,0x37,0x09,0xB3,0x32,0xEF,0x70,0x03,\
0x02,0x5C,0xEC,0xBE,0xB0,0x05,0x78,0x03,0x02,0x5C,0xEC,0x7D,0x23,0x3E,0x24,0x3E,\
0x24,0x7A,0x27,0x34,0xF5,0x2D,0x37,0x7E,0x39,0x70,0x0A,0x37,0x7A,0x37,0x34,0xF3,\
0x7E,0x73,0x25,0xC5,0xBE,0x37,0x34,0xF3,0x18,0x03,0x02,0x5C,0xEC,0x74,0x02,0x7E,\
0x37,0x34,0xF3,0x2E,0x37,0x34,0xF9,0x7A,0x39,0xB0,0x7E,0x27,0x34,0xF3,0x7E,0x34,\
0x00,0x03,0xAD,0x32,0x7A,0x37,0x34,0xF7,0x3E,0x34,0x49,0x23,0x25,0x5D,0x7A,0x27,\
0x35,0x03,0x49,0x23,0x25,0x5F,0x7A,0x27,0x35,0x05,0x49,0x33,0x25,0x61,0x7A,0x37,\
0x35,0x0F,0x7E,0x37,0x34,0xF5,0x09,0x53,0x31,0x91,0x0A,0x25,0x7A,0x27,0x34,0xFB,\
0x09,0x53,0x31,0x92,0x7A,0x27,0x34,0xFD,0x09,0x53,0x31,0x93,0x7A,0x27,0x34,0xFF,\
0x09,0x73,0x31,0x94,0x0A,0x37,0x7A,0x37,0x35,0x01,0x7E,0xB3,0x34,0xF2,0x7E,0x34,\
0x35,0x07,0x7E,0x24,0x35,0x09,0x12,0xB7,0x30,0x7E,0x37,0x35,0x03,0x7E,0x27,0x35,\
0x05,0x7E,0x17,0x35,0x07,0x7E,0x07,0x35,0x09,0x12,0xDC,0xBF,0x7D,0x23,0x7A,0x37,\
0x35,0x0B,0x7E,0x37,0x34,0xFD,0x7D,0x03,0x2E,0x07,0x34,0xFB,0x2E,0x07,0x34,0xFF,\
0x2E,0x07,0x35,0x01,0x7D,0x12,0x9D,0x10,0x7A,0x17,0x35,0x0D,0xBE,0x24,0x00,0xFA,\
0x08,0x08,0x7E,0x24,0x00,0xFA,0x7A,0x27,0x35,0x0B,0xBE,0x67,0x35,0x0B,0x58,0x04,\
0x7E,0x67,0x35,0x0B,0x7E,0x53,0x34,0xF2,0x1A,0x15,0x09,0xB1,0x32,0xEF,0xB4,0x02,\
0x3A,0x3E,0x14,0x49,0x21,0x32,0xD1,0x7A,0x27,0x35,0x11,0x7E,0x53,0x2E,0xF1,0x0A,\
0x25,0xBE,0x27,0x35,0x0B,0x08,0x14,0x7E,0x27,0x35,0x11,0xBE,0x24,0x00,0x00,0x48,\
0x12,0xBE,0x24,0x7D,0x00,0x58,0x0C,0x0B,0x24,0x80,0x04,0x7E,0x24,0xFF,0xFF,0x7A,\
0x27,0x35,0x11,0x7E,0x27,0x35,0x11,0x59,0x21,0x32,0xD1,0x7E,0x17,0x34,0xFF,0x7E,\
0x27,0x34,0xF5,0x19,0x32,0x31,0x94,0x19,0x72,0x31,0x93,0x7E,0x37,0x34,0xFB,0x19,\
0x72,0x31,0x92,0x7E,0x37,0x35,0x0B,0x19,0x72,0x31,0x91,0x7E,0x37,0x35,0x0D,0x7E,\
0xB3,0x34,0xF2,0x7E,0x27,0x35,0x03,0x7E,0x17,0x35,0x05,0x7E,0x07,0x35,0x0F,0x12,\
0xC6,0x9F,0x7A,0xB3,0x35,0x13,0x60,0x14,0xE4,0x7E,0x37,0x34,0xF5,0x19,0xB3,0x31,\
0x91,0x7E,0x37,0x34,0xF3,0x2E,0x37,0x34,0xF9,0x7A,0x39,0xB0,0x7E,0xB3,0x34,0xF2,\
0x04,0x7A,0xB3,0x34,0xF2,0x7E,0x73,0x34,0xF2,0xBE,0x70,0x0A,0x58,0x03,0x02,0x5B,\
0x64,0x7E,0x63,0x25,0xD3,0x0A,0x26,0xBD,0x26,0x58,0x04,0x7C,0x7D,0x80,0x0B,0x7E,\
0x70,0x03,0xAC,0x67,0x2D,0x36,0x0E,0x34,0x0E,0x34,0x7A,0x73,0x25,0xD3,0xDA,0x3B,\
0x22,0xCA,0x3B,0x7C,0xFB,0x7D,0x12,0x7D,0x03,0xE4,0x7A,0xB3,0x34,0xF7,0x7E,0x73,\
0x31,0x11,0x7A,0x73,0x34,0xF6,0x6C,0x77,0x1A,0x57,0x3E,0x54,0x49,0x25,0xC1,0x1E,\
0x59,0x25,0x25,0xFD,0x0B,0x70,0xBE,0x70,0x06,0x48,0xED,0x7C,0xEF,0xBE,0xE0,0x00,\
0x48,0x38,0x7E,0x73,0x34,0xF6,0xBC,0x7E,0x08,0x30,0x7C,0xBE,0x54,0x03,0x1A,0x6B,\
0x74,0x06,0x3E,0x64,0x14,0x78,0xFB,0x2E,0x64,0xC0,0x00,0x7E,0x34,0x00,0x01,0x1B,\
0x68,0x30,0x0B,0x65,0x1A,0x3E,0x1B,0x68,0x30,0x0B,0x65,0x74,0x01,0x7A,0xB3,0x34,\
0xF7,0x7D,0x30,0x7D,0x21,0x7D,0x16,0x12,0xC5,0x5A,0x1A,0x3F,0x1B,0x35,0x7C,0xE7,\
0xBE,0xE0,0x00,0x48,0x3A,0x7E,0x73,0x34,0xF6,0xBC,0x7E,0x08,0x32,0x7C,0xBE,0x54,\
0x03,0x1A,0x6B,0x74,0x06,0x3E,0x64,0x14,0x78,0xFB,0x2E,0x64,0xC0,0x00,0x7E,0x34,\
0x00,0x03,0x1B,0x68,0x30,0x0B,0x65,0x1A,0x3E,0x1B,0x68,0x30,0x0B,0x65,0x7E,0xB3,\
0x34,0xF7,0x44,0x02,0x7A,0xB3,0x34,0xF7,0x7D,0x36,0x7C,0xBE,0x12,0xB2,0x37,0x1A,\
0x3F,0x9E,0x34,0x00,0x03,0x7C,0xE7,0xBE,0xE0,0x00,0x48,0x47,0x7E,0x73,0x34,0xF6,\
0xBC,0x7E,0x08,0x3F,0x7C,0xBE,0x54,0x03,0x1A,0x6B,0x74,0x06,0x3E,0x64,0x14,0x78,\
0xFB,0x2E,0x64,0xC0,0x00,0x7E,0x34,0x00,0x04,0x1B,0x68,0x30,0x0B,0x65,0x1A,0x3E,\
0x1B,0x68,0x30,0x0B,0x65,0x7E,0xB3,0x34,0xF7,0x44,0x04,0x7A,0xB3,0x34,0xF7,0x7C,\
0xBE,0x9F,0x00,0x7E,0x18,0x34,0xF4,0x12,0xD5,0x13,0x7D,0x36,0x7E,0x27,0x34,0xF4,\
0x12,0xBC,0x7F,0x1A,0x7F,0x1B,0x74,0x7C,0xEF,0xBE,0xE0,0x00,0x48,0x37,0x7E,0x73,\
0x34,0xF6,0xBC,0x7E,0x08,0x2F,0x7C,0xBE,0x12,0x47,0x34,0x7D,0x23,0x7C,0xBE,0x54,\
0x03,0x1A,0x6B,0x74,0x06,0x3E,0x64,0x14,0x78,0xFB,0x2E,0x64,0xC0,0x00,0x7E,0x34,\
0x00,0x02,0x1B,0x68,0x30,0x0B,0x65,0x1A,0x3E,0x1B,0x68,0x30,0x0B,0x65,0x7D,0x36,\
0x7C,0xBE,0x12,0x7E,0x25,0x7E,0xB3,0x34,0xF7,0x1A,0x3B,0x5E,0x37,0xFF,0x00,0x78,\
0xF4,0x30,0xE0,0x52,0x7E,0x37,0xFF,0x16,0x1A,0x26,0x1A,0x24,0x7A,0x1F,0xC1,0x1E,\
0x7E,0x1F,0xC1,0x1E,0x5E,0x34,0x00,0x20,0x68,0x0C,0x7E,0x1F,0xC1,0x1E,0x4E,0x34,\
0xFF,0xC0,0x7A,0x1F,0xC1,0x1E,0x7E,0x1F,0xC1,0x1E,0x7D,0x03,0x7E,0x37,0xFF,0x14,\
0x7D,0x20,0x7A,0x1F,0xC1,0x1E,0x7E,0x37,0xFF,0x18,0x7A,0x37,0xC1,0x22,0x7E,0x37,\
0xFF,0x1A,0x7A,0x37,0xC1,0x24,0x7E,0x37,0xFF,0x1C,0x7A,0x37,0xC1,0x26,0x7E,0x37,\
0xFF,0x1E,0x7A,0x37,0xC1,0x28,0x7E,0xB3,0x34,0xF7,0x30,0xE1,0x08,0x7E,0x37,0xFF,\
0x58,0x7A,0x37,0x25,0xF5,0x7E,0xB3,0x34,0xF7,0x30,0xE2,0x08,0x7E,0x37,0xFF,0x6C,\
0x7A,0x37,0x25,0xFB,0xDA,0x3B,0x22,0xCA,0x69,0xCA,0xF8,0x7E,0x53,0x31,0x10,0x7E,\
0x43,0x31,0x11,0x7E,0x47,0x25,0xFB,0x7D,0x64,0x0E,0x64,0x7E,0x07,0x25,0xF9,0xBD,\
0x06,0x08,0x1C,0x7E,0xB3,0x2E,0x9C,0x30,0xE3,0x15,0x7E,0xB3,0x31,0x16,0x20,0xE4,\
0x0E,0x7E,0x14,0x00,0x07,0xAD,0x10,0x2D,0x61,0x0E,0x64,0x0E,0x64,0x0E,0x64,0x7A,\
0x67,0x25,0xF9,0x7E,0x73,0x2E,0x9D,0x0A,0x37,0xBD,0x36,0x08,0x02,0x7D,0x63,0x7E,\
0x33,0x2E,0x9E,0x0A,0x53,0xBD,0x56,0x58,0x02,0x7D,0x65,0x7E,0xB3,0x31,0x16,0x20,\
0xE0,0x03,0x30,0xE3,0x0B,0x7D,0x63,0x30,0xE3,0x06,0x7E,0x73,0x2E,0xC3,0x0A,0x67,\
0x7E,0xA3,0x25,0xDC,0xBD,0x64,0x58,0x08,0x74,0x0A,0x7A,0xB3,0x25,0xDD,0x80,0x14,\
0x7E,0xB3,0x2E,0xC3,0x0A,0x3B,0xBD,0x34,0x58,0x0A,0x7E,0xB3,0x2E,0x9B,0x20,0xE0,\
0x03,0x7E,0xA0,0x14,0x7E,0xB3,0x25,0xDD,0x70,0x06,0x7E,0xB3,0x2C,0xB4,0x60,0x12,\
0x6C,0xAA,0x7E,0xB3,0x2E,0xC3,0x0A,0x3B,0xBD,0x34,0x58,0x06,0x74,0x0A,0x7A,0xB3,\
0x25,0xDD,0x7E,0xB3,0x25,0xD7,0x60,0x19,0x6C,0xAA,0x7E,0xB3,0x25,0xD6,0x60,0x11,\
0x7E,0xB3,0x2E,0x9B,0x20,0xE4,0x0A,0x7E,0x14,0x00,0x03,0xAD,0x16,0x7D,0x61,0x0E,\
0x64,0xBE,0xA0,0x00,0x28,0x19,0x1B,0xA0,0x7E,0xB3,0x2E,0xC3,0x0A,0x6B,0x7E,0xB3,\
0x2E,0x9C,0x30,0xE3,0x0A,0x7E,0x37,0x25,0xF9,0xBD,0x36,0x08,0x02,0x7D,0x63,0x7A,\
0xA3,0x25,0xDC,0xE4,0x6C,0x77,0x6C,0x66,0x7D,0x16,0x12,0x65,0xC3,0x7C,0xFB,0x4C,\
0xFB,0x78,0x40,0x7E,0xB3,0x25,0xDD,0xBE,0xB0,0x00,0x28,0x05,0x14,0x7A,0xB3,0x25,\
0xDD,0x7E,0x73,0x2E,0x9D,0x0A,0x67,0x7E,0xB3,0x2E,0x9B,0x20,0xE0,0x0C,0x7E,0xB3,\
0x25,0xDD,0x70,0x06,0x7E,0x73,0x2E,0xC3,0x0A,0x67,0xBE,0x67,0x25,0xF9,0x08,0x06,\
0x6D,0x33,0x7A,0x37,0x25,0xF9,0x7E,0xB3,0x26,0x25,0x60,0x21,0x14,0x7A,0xB3,0x26,\
0x25,0x80,0x1A,0x7E,0xB3,0x2E,0xBD,0x60,0x07,0x7C,0xBF,0x12,0x20,0xC7,0x7C,0xFB,\
0x7E,0xB3,0x2E,0xF4,0x60,0x07,0x7C,0xBF,0x12,0x6D,0xB4,0x7C,0xFB,0x7A,0xF3,0x25,\
0xCA,0x7C,0xBF,0x12,0x93,0x6A,0x7C,0xBF,0x12,0x11,0x5B,0x7C,0xBF,0x12,0x57,0x3A,\
0x7C,0xBF,0x12,0xA5,0xC7,0x7C,0xBF,0x12,0x6F,0x37,0x7A,0x73,0x25,0xC5,0x7E,0x73,\
0x25,0xCE,0xBE,0x70,0x02,0x40,0x10,0x7E,0xB3,0x2E,0x9B,0x30,0xE6,0x09,0xE4,0x7A,\
0xB3,0x25,0xC5,0x7A,0xB3,0x25,0xE1,0x12,0xA9,0xB8,0x7E,0xB3,0x2E,0xF8,0x30,0xE7,\
0x1D,0x7E,0xB3,0x2E,0x9C,0x20,0xE6,0x16,0x7E,0xB3,0x2C,0xAD,0xB4,0x01,0x0F,0x7E,\
0x37,0x25,0x13,0x7E,0x24,0x26,0xE2,0x7E,0x17,0x26,0x3B,0x12,0xDC,0x49,0xDA,0xF8,\
0xDA,0x69,0x22,0xCA,0x3B,0x7D,0x02,0x7D,0x13,0x09,0xB1,0x00,0x01,0x30,0xE0,0x24,\
0x09,0xB0,0x00,0x03,0x19,0xB1,0x00,0x03,0x09,0xB0,0x00,0x04,0x19,0xB1,0x00,0x04,\
0x09,0xB0,0x00,0x05,0x19,0xB1,0x00,0x05,0x09,0xB0,0x00,0x06,0x19,0xB1,0x00,0x06,\
0xE4,0x02,0x62,0x4D,0x09,0xB1,0x00,0x07,0x60,0x03,0x02,0x62,0x59,0x09,0xD0,0x00,\
0x03,0x0A,0x2D,0x09,0xB0,0x00,0x04,0x0A,0x3B,0x9D,0x32,0x0B,0x34,0x7C,0xC7,0x09,\
0xE0,0x00,0x05,0x4C,0xEE,0x68,0x39,0x1B,0xE0,0x7E,0x73,0x31,0x10,0x0A,0x37,0x1A,\
0x2E,0xAD,0x32,0x1A,0x4D,0x2D,0x43,0x3E,0x44,0x2E,0x47,0x25,0x13,0x6C,0xFF,0x6C,\
0xAA,0x80,0x0F,0x0B,0x48,0x30,0xBE,0x34,0x00,0x00,0x08,0x02,0x0B,0xF0,0x0B,0x45,\
0x0B,0xA0,0xBC,0xCA,0x18,0xED,0x7C,0xBC,0x0E,0xB0,0xBC,0xBF,0x08,0x02,0x0B,0xE0,\
0x19,0xE1,0x00,0x05,0x09,0xE0,0x00,0x06,0x7E,0xB3,0x31,0x11,0x0A,0x2B,0x1B,0x24,\
0x1A,0x3E,0xBD,0x32,0x58,0x39,0x0B,0xE0,0x7E,0x73,0x31,0x10,0x0A,0x37,0x1A,0x2E,\
0xAD,0x32,0x1A,0x4D,0x2D,0x43,0x3E,0x44,0x2E,0x47,0x25,0x13,0x6C,0xFF,0x6C,0xAA,\
0x80,0x0F,0x0B,0x48,0x30,0xBE,0x34,0x00,0x00,0x08,0x02,0x0B,0xF0,0x0B,0x45,0x0B,\
0xA0,0xBC,0xCA,0x18,0xED,0x7C,0xBC,0x0E,0xB0,0xBC,0xBF,0x08,0x02,0x1B,0xE0,0x19,\
0xE1,0x00,0x06,0x09,0xE0,0x00,0x05,0x0A,0x3E,0x09,0xB0,0x00,0x06,0x0A,0x6B,0x9D,\
0x63,0x0B,0x64,0x7C,0xCD,0x09,0xD0,0x00,0x03,0x4C,0xDD,0x68,0x42,0x1B,0xD0,0x7E,\
0x73,0x31,0x10,0x0A,0x37,0x1A,0x2E,0xAD,0x32,0x1A,0x4D,0x2D,0x43,0x3E,0x44,0x2E,\
0x47,0x25,0x13,0x6C,0xFF,0x6C,0xAA,0x80,0x18,0x0B,0x48,0x30,0xBE,0x34,0x00,0x00,\
0x08,0x02,0x0B,0xF0,0x7E,0x63,0x31,0x10,0x7E,0x70,0x02,0xAC,0x67,0x2D,0x43,0x0B,\
0xA0,0xBC,0xCA,0x18,0xE4,0x7C,0xBC,0x0E,0xB0,0xBC,0xBF,0x08,0x02,0x0B,0xD0,0x19,\
0xD1,0x00,0x03,0x09,0xD0,0x00,0x04,0x7E,0xB3,0x31,0x10,0x0A,0x3B,0x7D,0x03,0x1B,\
0x04,0x1A,0x2D,0xBD,0x20,0x58,0x3C,0x0B,0xD0,0x1A,0x2E,0xAD,0x32,0x1A,0x4D,0x2D,\
0x43,0x3E,0x44,0x2E,0x47,0x25,0x13,0x6C,0xFF,0x6C,0xAA,0x80,0x18,0x0B,0x48,0x00,\
0xBE,0x04,0x00,0x00,0x08,0x02,0x0B,0xF0,0x7E,0x03,0x31,0x10,0x7E,0x10,0x02,0xAC,\
0x01,0x2D,0x40,0x0B,0xA0,0xBC,0xCA,0x18,0xE4,0x7C,0xBC,0x0E,0xB0,0xBC,0xBF,0x08,\
0x02,0x1B,0xD0,0x19,0xD1,0x00,0x04,0x7E,0xB3,0x2E,0xFE,0x20,0xE7,0x15,0x09,0xB1,\
0x00,0x02,0xB4,0x02,0x14,0x74,0x02,0x19,0xB1,0x00,0x08,0x74,0x01,0x19,0xB1,0x00,\
0x07,0x80,0x06,0x74,0x02,0x19,0xB1,0x00,0x08,0xDA,0x3B,0x22,0xCA,0x3B,0x7F,0x31,\
0x7A,0xB3,0x35,0x08,0x7A,0x0F,0x35,0x04,0x7E,0x18,0x36,0x7D,0x7A,0x1F,0x35,0x10,\
0xE4,0x02,0x63,0xFA,0x7E,0x73,0x35,0x0E,0x5E,0x70,0x01,0x74,0x14,0xAC,0xB7,0x7E,\
0x0F,0x35,0x10,0x2D,0x51,0x7D,0x40,0x7A,0x2F,0x35,0x14,0x0A,0x37,0x6D,0x22,0x9D,\
0x23,0x7E,0x34,0x00,0x14,0xAD,0x32,0x2D,0x31,0x7D,0x20,0x2E,0x34,0x00,0x14,0x7A,\
0x1F,0x35,0x18,0x7E,0x34,0x00,0x80,0x7A,0x37,0x35,0x1E,0xE4,0x02,0x63,0xD6,0x7E,\
0x73,0x35,0x0E,0x0A,0x17,0x7E,0x1F,0x35,0x04,0x2D,0x31,0x7E,0x1B,0xB0,0x7E,0xA3,\
0x35,0x0F,0x0A,0x3A,0x2D,0x37,0x7D,0x26,0x7E,0x1B,0x70,0x12,0xD4,0x85,0x0A,0x3B,\
0x7A,0x37,0x35,0x1C,0xBE,0x34,0x00,0x02,0x40,0x15,0x7E,0x57,0x35,0x1C,0x0B,0x54,\
0x7E,0x37,0x35,0x1C,0x60,0x05,0x3E,0x34,0x14,0x78,0xFB,0x7A,0x37,0x35,0x1C,0x7E,\
0x73,0x35,0x0F,0x0A,0x27,0x7E,0x0F,0x35,0x0A,0x2D,0x12,0x7E,0x0B,0x60,0x0A,0x16,\
0x7E,0x07,0x35,0x1C,0xAD,0x10,0x7A,0x17,0x35,0x1C,0x7E,0x63,0x35,0x0E,0xBE,0x60,\
0x00,0x28,0x34,0xBE,0x70,0x00,0x28,0x2F,0x7E,0x0F,0x35,0x14,0x2D,0x12,0x1B,0x14,\
0x7E,0x0B,0x70,0x0A,0x37,0x7E,0x0F,0x35,0x18,0x2D,0x12,0x1B,0x14,0x7E,0x0B,0x50,\
0x0A,0x25,0x12,0xE1,0xFF,0x7E,0x53,0x35,0x0F,0x7E,0x0F,0x35,0x18,0x2D,0x12,0x7E,\
0x0B,0x50,0x12,0xE1,0xFF,0x80,0x38,0x7E,0x73,0x35,0x0F,0xBE,0x70,0x00,0x28,0x15,\
0x7E,0x73,0x35,0x0F,0x0A,0x17,0x7E,0x1F,0x35,0x14,0x2D,0x31,0x1B,0x34,0x7E,0x1B,\
0x70,0x0A,0x37,0x80,0x1A,0x7E,0x73,0x35,0x0E,0xBE,0x70,0x00,0x28,0x1B,0x7E,0x73,\
0x35,0x0F,0x0A,0x17,0x7E,0x1F,0x35,0x18,0x2D,0x31,0x7E,0x1B,0x70,0x0A,0x37,0x2E,\
0x37,0x35,0x1C,0x7A,0x37,0x35,0x1C,0x80,0x0E,0x7E,0x37,0x35,0x1C,0xBE,0x34,0x00,\
0x80,0x40,0x04,0x74,0x80,0x80,0x78,0x7E,0x34,0x00,0x80,0x7E,0x27,0x35,0x1C,0x12,\
0xE1,0xFF,0x7A,0x37,0x35,0x1C,0x7C,0x37,0x7E,0x23,0x35,0x0F,0x0A,0x02,0x7E,0x1F,\
0x35,0x14,0x2D,0x30,0x7A,0x1B,0x30,0x7E,0x37,0x35,0x1E,0x7E,0x53,0x35,0x0F,0x0A,\
0x25,0x7E,0x0F,0x35,0x14,0x2D,0x12,0x7E,0x0B,0x50,0x12,0xE1,0xFF,0x7A,0x37,0x35,\
0x1E,0x7E,0xB3,0x35,0x0F,0x04,0x7A,0xB3,0x35,0x0F,0x7E,0x73,0x35,0x09,0xBE,0x73,\
0x35,0x0F,0x28,0x03,0x02,0x62,0xAF,0x7E,0x37,0x35,0x1E,0xBE,0x34,0x00,0x80,0x40,\
0x04,0x74,0x80,0x80,0x1A,0x7E,0xB3,0x35,0x0E,0x04,0x7A,0xB3,0x35,0x0E,0x7E,0x73,\
0x35,0x08,0xBE,0x73,0x35,0x0E,0x28,0x03,0x02,0x62,0x74,0x7E,0x57,0x35,0x1C,0xDA,\
0x3B,0x22,0xCA,0x3B,0x7C,0xE7,0x7C,0xFB,0x6C,0xDD,0x7C,0xBD,0x12,0xDE,0x20,0x7A,\
0x1F,0x34,0xFB,0x7E,0x30,0x14,0xAC,0x3D,0x2E,0x14,0x36,0xCA,0x6D,0x00,0x0A,0x3D,\
0x09,0xB3,0x36,0xC8,0x7C,0x7E,0x12,0xDB,0x11,0x7E,0x70,0x14,0xAC,0x7D,0x09,0x53,\
0x36,0xCA,0x7A,0x53,0x34,0xF4,0x0A,0x2D,0x09,0x52,0x36,0xC8,0x2D,0x32,0x09,0x73,\
0x36,0xC9,0x7A,0x73,0x34,0xF5,0x02,0x65,0x1A,0x7E,0x0F,0x34,0xFB,0x7E,0x0B,0xC0,\
0x4C,0xDD,0x78,0x09,0x0A,0x3C,0x09,0xB3,0x37,0xA4,0x20,0xE0,0x14,0xBE,0xD0,0x01,\
0x68,0x03,0x02,0x65,0x06,0x0A,0x3C,0x09,0xB3,0x37,0xA4,0x20,0xE1,0x03,0x02,0x65,\
0x06,0xBE,0xC0,0x03,0x78,0x4D,0x7E,0x53,0x34,0xF4,0x0A,0x35,0x7F,0x20,0x2D,0x53,\
0x29,0x42,0x00,0x02,0xBE,0x43,0x34,0xF4,0x78,0x06,0x7E,0x43,0x34,0xF4,0x80,0x0A,\
0x0A,0x55,0x7E,0x34,0x00,0x07,0x9D,0x35,0x7C,0x47,0x7A,0x43,0x34,0xF3,0x0A,0x34,\
0x2D,0x13,0x0B,0x15,0x7A,0x0F,0x34,0xF6,0x74,0x08,0x7A,0xB3,0x35,0x03,0x7C,0xBF,\
0x7C,0x7D,0x7C,0x6C,0x7E,0x43,0x34,0xF5,0x12,0x97,0xA4,0x74,0x09,0x7A,0xB3,0x34,\
0xFA,0x80,0x16,0x7E,0x1F,0x34,0xFB,0x0B,0x35,0x7A,0x1F,0x34,0xF6,0x7E,0x1F,0x34,\
0xFB,0x29,0x71,0x00,0x01,0x7A,0x73,0x34,0xFA,0x7E,0x73,0x34,0xFA,0x7A,0x73,0x35,\
0x03,0x7C,0xBF,0x7C,0x7D,0x7C,0x6C,0x7E,0x53,0x34,0xF4,0x7E,0x43,0x34,0xF5,0x7E,\
0x0F,0x34,0xF6,0x12,0x97,0xA4,0x7E,0x0F,0x34,0xFB,0x29,0x70,0x00,0x01,0x0A,0x37,\
0x0B,0x35,0x2D,0x31,0x7D,0x20,0x7A,0x1F,0x34,0xFB,0x7E,0x1F,0x34,0xFB,0x7E,0x1B,\
0xB0,0xB4,0x09,0x02,0x80,0x03,0x02,0x64,0x59,0x0B,0xD0,0xBE,0xD0,0x01,0x38,0x03,\
0x02,0x64,0x1A,0x6C,0x77,0x0A,0x27,0x09,0x32,0x37,0xA4,0xA5,0xBB,0x07,0x58,0x74,\
0x02,0xAC,0xB7,0x09,0x65,0x37,0xAD,0x0A,0x06,0x09,0x65,0x37,0xAE,0x0A,0x26,0x2D,\
0x20,0x7C,0x65,0xA5,0xBF,0x08,0x06,0x74,0x02,0x7C,0xCB,0x80,0x02,0x7C,0xC7,0x2E,\
0xC0,0x08,0x7E,0x23,0x37,0x9E,0xBC,0x26,0x28,0x14,0x7A,0xF3,0x37,0xA0,0x7A,0x63,\
0x37,0x9E,0x74,0x01,0x7A,0xB3,0x37,0x9F,0x7A,0xC3,0x36,0xB3,0x80,0x19,0xBC,0x26,\
0x78,0x15,0xBE,0xF3,0x37,0xA0,0x78,0x0F,0xBE,0xC3,0x36,0xB3,0x68,0x09,0x7E,0xB3,\
0x37,0x9F,0x04,0x7A,0xB3,0x37,0x9F,0x0A,0x27,0x2E,0x24,0x37,0xA4,0x7C,0xB3,0x54,\
0x01,0x7A,0x29,0xB0,0x7E,0x30,0x80,0x7E,0x50,0x02,0xAC,0x57,0x19,0x32,0x37,0xAD,\
0x74,0x80,0x19,0xB2,0x37,0xAE,0x0B,0x70,0xBE,0x70,0x09,0x50,0x03,0x02,0x65,0x35,\
0xDA,0x3B,0x22,0xCA,0x3B,0x7C,0x14,0x7C,0x05,0x7C,0xA6,0x7C,0xE7,0x7C,0xFB,0x4C,\
0xFF,0x68,0x06,0x7A,0x17,0x35,0x0E,0x80,0x06,0x7A,0x17,0x35,0x0E,0x0E,0x14,0x7A,\
0x17,0x35,0x10,0x1A,0x20,0x1A,0x3E,0x2D,0x32,0x7A,0x73,0x35,0x09,0x1A,0x21,0x1A,\
0x3A,0x2D,0x32,0x7A,0x73,0x35,0x0A,0x7E,0xB3,0x31,0x10,0x7C,0x4B,0x6C,0x55,0x7E,\
0xB3,0x31,0x11,0x0A,0x3B,0x4D,0x32,0x7A,0x37,0xFF,0x72,0x6D,0x33,0x7A,0x37,0xFF,\
0x74,0x7E,0x37,0x25,0x13,0x7A,0x37,0xFF,0x70,0xE4,0x7A,0xB3,0x35,0x0D,0x7A,0xA3,\
0x35,0x07,0x02,0x67,0x5D,0x74,0xFF,0x7A,0xB3,0x35,0x0B,0x4C,0xFF,0x68,0x22,0x7E,\
0x37,0xFF,0x00,0x5E,0x34,0x00,0x08,0x78,0xF6,0x7C,0x4E,0x6C,0x55,0x7E,0x73,0x35,\
0x07,0x1A,0x37,0x2D,0x32,0x7A,0x37,0xFF,0x74,0x7E,0x37,0x25,0x13,0x7A,0x37,0xFF,\
0x70,0x7A,0xE3,0x35,0x08,0x02,0x67,0x1A,0x7E,0x37,0xFF,0x00,0x5E,0x34,0x00,0x08,\
0x78,0xF6,0x7E,0x37,0xFF,0x76,0x7A,0x37,0x35,0x12,0x7E,0x37,0xFF,0x78,0x7A,0x37,\
0x35,0x16,0x7E,0x37,0x25,0x13,0x7A,0x37,0xFF,0x70,0x7E,0x53,0x35,0x07,0x4C,0x55,\
0x68,0x0E,0x7E,0x43,0x31,0x11,0x0A,0x14,0x1B,0x14,0x1A,0x35,0xBD,0x31,0x78,0x0E,\
0x7E,0x37,0x35,0x12,0x0E,0x34,0x2E,0x37,0x35,0x16,0x7A,0x37,0x35,0x16,0x7E,0x37,\
0x35,0x0E,0xBE,0x37,0x35,0x16,0x58,0x43,0x7E,0x37,0x35,0x10,0xBE,0x37,0x35,0x12,\
0x58,0x39,0x7E,0x43,0x35,0x08,0x7A,0x43,0x35,0x0C,0x7E,0xB3,0x35,0x0B,0xB4,0xFF,\
0x0C,0x7A,0x43,0x35,0x0B,0x7E,0x67,0x35,0x12,0x7A,0x67,0x35,0x14,0x7E,0x37,0x35,\
0x14,0xBE,0x37,0x35,0x12,0x58,0x08,0x7E,0x37,0x35,0x12,0x7A,0x37,0x35,0x14,0xBE,\
0x67,0x35,0x12,0x08,0x2C,0x7E,0x67,0x35,0x12,0x80,0x26,0x7E,0x73,0x35,0x0B,0xBE,\
0x70,0xFF,0x68,0x1D,0x7C,0xBF,0x7E,0x63,0x35,0x0C,0x7E,0x43,0x35,0x0D,0x7E,0x17,\
0x35,0x14,0x7D,0x06,0x12,0x27,0xEE,0x7A,0xB3,0x35,0x0D,0x74,0xFF,0x7A,0xB3,0x35,\
0x0B,0x7E,0xB3,0x35,0x08,0x04,0x7A,0xB3,0x35,0x08,0x7E,0x73,0x35,0x09,0xBE,0x73,\
0x35,0x08,0x08,0x03,0x02,0x66,0x58,0x7E,0x73,0x35,0x0B,0xBE,0x70,0xFF,0x68,0x1B,\
0x7C,0xBF,0x7E,0x63,0x35,0x0C,0x7E,0x53,0x35,0x07,0x7E,0x43,0x35,0x0D,0x7E,0x17,\
0x35,0x14,0x7D,0x06,0x12,0x27,0xEE,0x7A,0xB3,0x35,0x0D,0x7C,0xBF,0x7E,0x73,0x35,\
0x0D,0x12,0xC8,0xC3,0x7E,0xB3,0x35,0x07,0x04,0x7A,0xB3,0x35,0x07,0x7E,0x73,0x35,\
0x0A,0xBE,0x73,0x35,0x07,0x08,0x03,0x02,0x66,0x25,0x7E,0xB3,0x35,0x0D,0xDA,0x3B,\
0x22,0xCA,0x3B,0x7C,0xF5,0x7D,0x63,0x7A,0xB3,0x31,0x17,0x7A,0x53,0x31,0x18,0xE4,\
0x7A,0xB3,0x25,0xE2,0x6D,0x33,0x7A,0x37,0x25,0xE5,0x7A,0x37,0x25,0xE7,0x7A,0x37,\
0x25,0xEB,0x7A,0x37,0x26,0x8C,0x7A,0x37,0x26,0xB8,0x7A,0x37,0x26,0xBA,0x7A,0xB3,\
0x2C,0xAA,0x74,0xFF,0x7A,0xB3,0x26,0x0B,0xE4,0x7A,0xB3,0x25,0xE0,0x7E,0x73,0x31,\
0x11,0x7A,0x73,0x34,0xF1,0x6C,0xEE,0x80,0x12,0x0A,0x3E,0x09,0x73,0x25,0x15,0xBE,\
0x73,0x25,0xE0,0x28,0x04,0x7A,0x73,0x25,0xE0,0x0B,0xE0,0x7E,0x73,0x34,0xF1,0xBC,\
0x7E,0x38,0xE6,0x7E,0x73,0x2E,0xCE,0x0A,0x37,0x7E,0xB3,0x31,0x16,0x30,0xE2,0x02,\
0x6D,0x33,0x7D,0x23,0x3E,0x24,0x7E,0x33,0x2E,0x9D,0x0A,0x13,0x2D,0x12,0x7E,0x27,\
0x25,0xF5,0x9D,0x21,0x7E,0x33,0x2E,0xCD,0x0A,0x43,0x7E,0xA3,0x25,0xF8,0x7E,0xB3,\
0x25,0xD3,0xBE,0xB0,0x50,0x50,0x1B,0x7E,0xB3,0x25,0xC5,0xB4,0x01,0x14,0xBE,0x24,\
0x00,0x00,0x08,0x0E,0x2D,0x43,0xBE,0x44,0x00,0xFF,0x08,0x14,0x7E,0x44,0x00,0xFF,\
0x80,0x0E,0x4C,0xAA,0x68,0x02,0x1B,0xA0,0x0A,0x3A,0xBD,0x34,0x58,0x02,0x7C,0xA9,\
0x74,0x07,0xA4,0x2D,0x54,0x0B,0x56,0x0E,0x54,0x0E,0x54,0x0E,0x54,0x7A,0xB3,0x25,\
0xF8,0x7E,0x73,0x2E,0x9E,0x0A,0x27,0x3E,0x24,0x7E,0x70,0xFF,0xBE,0x27,0x25,0xF5,\
0x50,0x1D,0x7E,0xB3,0x2E,0x9C,0x30,0xE0,0x16,0x7E,0xB3,0x31,0x16,0x20,0xE1,0x0F,\
0x74,0x06,0x7D,0x32,0x3E,0x34,0x14,0x78,0xFB,0x7E,0x27,0x25,0xF5,0x8D,0x32,0x7E,\
0x63,0x2E,0x9F,0xBC,0x67,0x50,0x02,0x7C,0x76,0x7E,0xA3,0x25,0xF7,0x4C,0xAA,0x78,\
0x02,0x7C,0xA6,0x74,0x03,0xA4,0x0A,0x47,0x2D,0x54,0x2E,0x54,0x00,0x03,0x0E,0x54,\
0x0E,0x54,0x7A,0xB3,0x25,0xF7,0x6D,0x33,0x7A,0x37,0x25,0xF5,0x7A,0x37,0x25,0xFB,\
0x7E,0x37,0x25,0xBD,0xBE,0x34,0x00,0x0C,0x08,0x61,0x7E,0xB3,0x2E,0xA0,0x7E,0x08,\
0x2F,0x0B,0x7E,0x34,0x2D,0x9C,0x12,0xD1,0x74,0x7E,0x73,0x31,0x11,0x7A,0x73,0x34,\
0xF1,0x6C,0xEE,0x80,0x20,0x7C,0xBE,0x7E,0x08,0x34,0xF2,0x9F,0x11,0x12,0xD5,0x13,\
0x7D,0x36,0x7E,0x27,0x34,0xF2,0x9F,0x00,0x7C,0xBE,0x12,0x5D,0x21,0x1A,0x3F,0x3E,\
0x34,0x2D,0x63,0x0B,0xE0,0x7E,0xB3,0x34,0xF1,0xBC,0xBE,0x38,0xD8,0x24,0x03,0x7A,\
0xB3,0x34,0xF1,0x80,0x0B,0x9F,0x11,0x6D,0x11,0x7C,0xBE,0x12,0x5D,0x21,0x0B,0xE0,\
0x7E,0x73,0x34,0xF1,0xBC,0x7E,0x38,0xED,0x12,0xC0,0x15,0xDA,0x3B,0x22,0xCA,0x3B,\
0x7E,0x37,0x36,0xBC,0x2E,0x37,0x36,0xC0,0x1E,0x34,0x7A,0x37,0x34,0xF7,0x7E,0x37,\
0x36,0xBE,0x2E,0x37,0x36,0xC2,0x1E,0x34,0x7A,0x37,0x34,0xF9,0x7E,0x37,0x36,0xC0,\
0x9E,0x37,0x36,0xBC,0x7E,0x04,0x00,0x06,0x8D,0x30,0x7A,0x37,0x34,0xFB,0x7E,0x17,\
0x36,0xC2,0x9E,0x17,0x36,0xBE,0x8D,0x10,0x7A,0x17,0x34,0xFD,0x4D,0x33,0x68,0x08,\
0x7E,0x27,0x34,0xFD,0x4D,0x22,0x78,0x09,0x74,0x36,0x7A,0xB3,0x36,0xAF,0x02,0x6A,\
0xA6,0x7E,0x37,0x34,0xFB,0x12,0xE1,0xFF,0x3E,0x34,0x7A,0x37,0x37,0xA2,0x9F,0x33,\
0x7E,0x47,0x36,0xB8,0x7E,0xB3,0x36,0xC9,0x7E,0x70,0x02,0xAC,0xB7,0x59,0x45,0x37,\
0x1A,0x7E,0x47,0x36,0xBA,0x59,0x45,0x37,0x44,0x6D,0x33,0x59,0x35,0x37,0x6E,0x74,\
0x09,0x7A,0xB3,0x34,0xF4,0xE4,0x7A,0xB3,0x34,0xF6,0x80,0x61,0x7E,0x03,0x34,0xF3,\
0x7E,0x10,0x02,0xAC,0x01,0x49,0x30,0x37,0x6E,0x6D,0x22,0x2F,0x31,0x7E,0x17,0x34,\
0xF7,0x7A,0x17,0x35,0x00,0x7E,0x17,0x34,0xF9,0x7A,0x17,0x35,0x02,0xE4,0x7E,0x37,\
0x34,0xFB,0x7E,0x27,0x34,0xFD,0x49,0x10,0x37,0x1A,0x49,0x00,0x37,0x44,0x12,0x8F,\
0xE6,0x7A,0xB3,0x34,0xF5,0xBE,0xB3,0x34,0xF4,0x68,0x1D,0x7E,0xA3,0x34,0xF5,0x7E,\
0x73,0x34,0xF6,0x7C,0xB7,0x04,0x7A,0xB3,0x34,0xF6,0x0A,0x37,0x19,0xA3,0x36,0xCA,\
0x7E,0x73,0x34,0xF5,0x7A,0x73,0x34,0xF4,0x7E,0xB3,0x34,0xF3,0x04,0x7A,0xB3,0x34,\
0xF3,0x7E,0x73,0x36,0xC9,0x0A,0x27,0x0B,0x24,0x7E,0x73,0x34,0xF3,0x0A,0x37,0xBD,\
0x32,0x48,0x89,0x7E,0x73,0x34,0xF6,0x7A,0x73,0x36,0xC8,0xE4,0x80,0x1E,0x7E,0x53,\
0x34,0xF6,0x7C,0x45,0x1E,0x40,0x0A,0x34,0x2E,0x34,0x00,0x80,0x0A,0x25,0x12,0x8B,\
0x3E,0x7E,0xB3,0x34,0xF3,0x0A,0x4B,0x19,0x74,0x36,0xF2,0x04,0x7A,0xB3,0x34,0xF3,\
0x7E,0x73,0x34,0xF6,0xBE,0x73,0x34,0xF3,0x38,0xD4,0xE4,0x80,0x2A,0x7E,0xB3,0x34,\
0xF3,0x7E,0x70,0x02,0xAC,0xB7,0x49,0x35,0x37,0x6E,0x6D,0x22,0x74,0x07,0x2F,0x11,\
0x14,0x78,0xFB,0x7F,0x03,0x12,0x8B,0x8C,0x7E,0x63,0x34,0xF3,0x0A,0x26,0x19,0x72,\
0x37,0x06,0x7E,0xB3,0x34,0xF3,0x04,0x7A,0xB3,0x34,0xF3,0x7E,0x73,0x36,0xC9,0xBE,\
0x73,0x34,0xF3,0x38,0xC8,0x7E,0x37,0x37,0x98,0x7E,0x27,0x37,0x9A,0x12,0xE1,0xFF,\
0x7A,0x37,0x37,0x98,0x6D,0x22,0x74,0x07,0x2F,0x11,0x14,0x78,0xFB,0x7F,0x03,0x12,\
0x8B,0x8C,0x7A,0x37,0x37,0x98,0xDA,0x3B,0x22,0xCA,0x3B,0x7D,0x73,0x6C,0xDD,0x30,\
0x01,0x04,0xE4,0x12,0xD5,0xCC,0x20,0x01,0x05,0x20,0x12,0x02,0x80,0x09,0x7E,0xB3,\
0x03,0x38,0x60,0x03,0xB4,0x02,0x08,0x7D,0x37,0x12,0xDF,0xFB,0x02,0x6C,0x2C,0x7E,\
0x73,0x23,0xE3,0xBE,0x73,0x02,0x5C,0x68,0x06,0x74,0x01,0x7A,0xB3,0x23,0xA4,0x7E,\
0xB3,0x23,0xA4,0x70,0x1D,0x7E,0x73,0x02,0xE1,0x7A,0x73,0x23,0xA4,0xE4,0x7A,0xB3,\
0x23,0xE2,0x7E,0x73,0x03,0x90,0x4C,0x77,0x68,0x08,0x5E,0x73,0x23,0xA4,0x7A,0x73,\
0x23,0xA4,0x7E,0xB3,0x23,0xA4,0x30,0xE0,0x10,0x7E,0xD0,0x01,0x7E,0xC0,0x01,0x7D,\
0x37,0x74,0x09,0x7E,0x50,0x04,0x02,0x6B,0xA8,0x7E,0xB3,0x23,0xA4,0x30,0xE1,0x35,\
0x7E,0xD0,0x02,0xE5,0x48,0x0A,0x2B,0xE5,0x43,0x0A,0x3B,0x2D,0x32,0x7C,0xC7,0x7E,\
0xB3,0x03,0x90,0x30,0xE7,0x12,0x7A,0xC3,0x23,0xE2,0x7D,0x37,0x74,0x06,0x7E,0x51,\
0x44,0x7E,0x41,0x43,0x1E,0x40,0x80,0x62,0x7D,0x37,0x74,0x06,0x7E,0x51,0x44,0x7E,\
0x43,0x23,0xE2,0x80,0x55,0x7E,0xB3,0x23,0xA4,0x30,0xE2,0x17,0x7E,0xD0,0x04,0x7E,\
0xC3,0x02,0x5D,0x7D,0x37,0x74,0x04,0x7E,0x51,0x48,0x2E,0x51,0x4B,0x7E,0x43,0x23,\
0xE2,0x80,0x37,0x7E,0xB3,0x23,0xA4,0x30,0xE7,0x1A,0x7E,0xD0,0x80,0x7E,0xC3,0x23,\
0xA7,0x7D,0x37,0x74,0x04,0x7E,0x51,0x47,0x7E,0x43,0x23,0xE2,0x7E,0x31,0x48,0x2E,\
0x31,0x4B,0x80,0x61,0x7E,0xB3,0x23,0xA4,0x30,0xE4,0x13,0x7E,0xD0,0x10,0x7E,0xC0,\
0x01,0x7D,0x37,0x74,0x07,0x7E,0x51,0x42,0x6C,0x44,0x6C,0x33,0x80,0x47,0x7E,0xB3,\
0x23,0xA4,0x30,0xE3,0x43,0x7E,0xD0,0x08,0x7E,0xC3,0x02,0x65,0x7E,0xB3,0x03,0x93,\
0x60,0x26,0x7D,0x37,0x74,0x08,0x7E,0xA1,0x4B,0xBE,0xA0,0x0C,0x28,0x07,0x7E,0xA1,\
0x4B,0x0A,0x1A,0x80,0x04,0x7E,0x14,0x00,0x0C,0x7E,0xA1,0x48,0x0A,0x2A,0x2D,0x21,\
0x7E,0x43,0x23,0xE2,0x6C,0x33,0x80,0x0D,0x7D,0x37,0x74,0x08,0x7E,0x51,0x4A,0x7E,\
0x43,0x23,0xE2,0x6C,0x33,0x12,0x34,0xDE,0x4C,0xDD,0x68,0x21,0x7E,0xB3,0x23,0xE2,\
0x04,0x7A,0xB3,0x23,0xE2,0xBE,0xC3,0x23,0xE2,0x38,0x12,0x7C,0x7D,0x6E,0x70,0xFF,\
0x5E,0x73,0x23,0xA4,0x7A,0x73,0x23,0xA4,0xE4,0x7A,0xB3,0x23,0xE2,0x30,0x01,0x0C,\
0x7E,0xB3,0x23,0xA4,0x70,0x06,0x74,0x02,0x7A,0xB3,0x03,0x38,0xDA,0x3B,0x22,0xCA,\
0x3B,0x7E,0x34,0xF7,0xFC,0x7E,0x24,0x00,0xFF,0x0B,0x1A,0x60,0x7E,0x14,0xEF,0xC0,\
0x7E,0x04,0x00,0xFF,0x7E,0x34,0xEF,0xCA,0x7E,0x24,0x00,0xFF,0x0B,0x1A,0x30,0x12,\
0xD8,0xBC,0x7D,0x73,0x7E,0x34,0x00,0x1E,0xCA,0x39,0x7E,0x34,0xEF,0xC0,0x7E,0x24,\
0x00,0xFF,0x7E,0x08,0x3D,0x8E,0x12,0xD9,0xBE,0x1B,0xFD,0x7E,0x34,0xEF,0xC0,0x7E,\
0x24,0x00,0xFF,0x2E,0x37,0x3D,0x9A,0x2E,0x34,0x00,0x00,0x7E,0x24,0x00,0xFF,0x7A,\
0x1F,0x02,0xBB,0x7E,0x34,0x01,0x21,0xCA,0x39,0x7E,0x34,0xEF,0xC0,0x7E,0x24,0x00,\
0xFF,0x2E,0x37,0x3D,0x9C,0x7E,0x08,0x3D,0xAC,0x12,0xD9,0xBE,0x1B,0xFD,0x7E,0x34,\
0x00,0x2C,0xCA,0x39,0x7E,0x34,0xEF,0xC0,0x7E,0x24,0x00,0xFF,0x2E,0x37,0x3D,0x9E,\
0x7E,0x08,0x3E,0xCD,0x12,0xD9,0xBE,0x1B,0xFD,0x7E,0x34,0x00,0x32,0xCA,0x39,0x7E,\
0x34,0xEF,0xC0,0x7E,0x24,0x00,0xFF,0x2E,0x37,0x3D,0xA0,0x7E,0x08,0x3E,0xF9,0x12,\
0xD9,0xBE,0x1B,0xFD,0x7E,0x34,0x00,0x0E,0xCA,0x39,0x7E,0x34,0xEF,0xC0,0x7E,0x24,\
0x00,0xFF,0x2E,0x37,0x3D,0xA2,0x7E,0x08,0x3F,0x2B,0x12,0xD9,0xBE,0x1B,0xFD,0x7E,\
0x34,0x00,0x58,0xCA,0x39,0x7E,0x34,0xEF,0xC0,0x7E,0x24,0x00,0xFF,0x2E,0x37,0x3D,\
0xA4,0x7E,0x08,0x3F,0x39,0x12,0xD9,0xBE,0x1B,0xFD,0x7E,0x34,0x00,0x55,0xCA,0x39,\
0x7E,0x34,0xEF,0xC0,0x7E,0x24,0x00,0xFF,0x2E,0x37,0x3D,0xA6,0x7E,0x08,0x3F,0x91,\
0x12,0xD9,0xBE,0x1B,0xFD,0x7E,0x34,0x00,0x07,0xCA,0x39,0x7E,0x34,0xEF,0xC0,0x7E,\
0x24,0x00,0xFF,0x2E,0x37,0x3D,0xA8,0x7E,0x08,0x3F,0xE6,0x12,0xD9,0xBE,0x1B,0xFD,\
0x7E,0xB3,0x3E,0xD3,0xF5,0x50,0x7E,0xB3,0x3E,0xD4,0xF5,0x55,0xBD,0x67,0x78,0x1B,\
0x7E,0x73,0x3D,0x94,0xBE,0x70,0x40,0x40,0x12,0x7E,0x73,0x3D,0x95,0xBE,0x70,0x40,\
0x38,0x09,0x7E,0xB3,0x3D,0xAA,0xBE,0xB0,0x40,0x68,0x0C,0x74,0x62,0x7A,0xB3,0x02,\
0x63,0x75,0x50,0x55,0x75,0x55,0x66,0x90,0xFF,0xFC,0xE4,0x93,0xB4,0x54,0x32,0x90,\
0xFF,0xFD,0xE4,0x93,0xB4,0x72,0x2A,0x90,0xFF,0xFE,0xE4,0x93,0xB4,0x6D,0x22,0x90,\
0xFF,0xFF,0xE4,0x93,0xB4,0x01,0x1A,0x90,0xFF,0xFB,0xE4,0x93,0x7E,0x73,0x3D,0xAC,\
0x7E,0x50,0x0C,0xAC,0x57,0x2E,0x24,0x3D,0xA2,0x7E,0x29,0x70,0x2C,0x7B,0x7A,0x29,\
0x70,0xDA,0x3B,0x22,0xCA,0x3B,0x7C,0xFB,0x7E,0x18,0x2D,0x9C,0x7A,0x1F,0x34,0xF6,\
0x9F,0x11,0x7A,0x1F,0x34,0xF2,0x7C,0xEF,0xE4,0x7A,0xB3,0x34,0xFF,0x7E,0xB3,0x2E,\
0xF6,0xC4,0x54,0x0F,0x7C,0xDB,0xBE,0xD0,0x0F,0x78,0x05,0x7E,0xD0,0x02,0x80,0x03,\
0x2E,0xD0,0x03,0x6C,0xCC,0x02,0x6F,0x2B,0x7E,0x1F,0x34,0xF6,0x29,0xB1,0x00,0x09,\
0x60,0x03,0x02,0x6F,0x1D,0x7E,0x1B,0x30,0x0A,0x13,0x29,0x11,0x00,0x01,0x0A,0x01,\
0x9D,0x01,0x0A,0x1D,0xBD,0x01,0x58,0x17,0x29,0x31,0x00,0x02,0x0A,0x13,0x29,0x11,\
0x00,0x03,0x0A,0x01,0x9D,0x01,0x0A,0x1D,0xBD,0x01,0x58,0x03,0x02,0x6F,0x1D,0x29,\
0x31,0x00,0x04,0xBE,0x33,0x2E,0xBC,0x40,0x13,0x69,0x01,0x00,0x0A,0x7E,0x33,0x2E,\
0x9D,0x1E,0x30,0x0A,0x13,0xBD,0x01,0x48,0x03,0x02,0x6F,0x1D,0x7A,0x1F,0x34,0xF2,\
0x69,0x51,0x00,0x0A,0x7A,0x57,0x35,0x00,0x69,0x41,0x00,0x0C,0x9D,0x54,0x7A,0x57,\
0x35,0x00,0x7E,0x73,0x2E,0xF5,0x5E,0x70,0xF0,0x1E,0x70,0x1E,0x70,0x0A,0x57,0x7A,\
0x57,0x35,0x05,0x4D,0x55,0x78,0x08,0x7E,0x54,0x00,0x14,0x7A,0x57,0x35,0x05,0x7E,\
0x57,0x35,0x05,0xBE,0x57,0x35,0x00,0x08,0x03,0x02,0x6F,0x1D,0x7E,0x33,0x2E,0xF4,\
0x7A,0x33,0x35,0x04,0x7E,0x37,0x35,0x00,0x1A,0x26,0x1A,0x24,0x0A,0x13,0x6D,0x00,\
0x12,0x8B,0x70,0x7C,0x76,0x7C,0x65,0x7A,0x37,0x35,0x02,0x7D,0x34,0x2E,0x37,0x35,\
0x02,0x7A,0x37,0x35,0x02,0x7E,0x1F,0x34,0xF2,0x7E,0x1B,0x70,0x7A,0x73,0x34,0xFA,\
0x7E,0x0F,0x34,0xF2,0x29,0x60,0x00,0x01,0x0A,0x26,0x1A,0x17,0x9D,0x21,0x0B,0x24,\
0x7A,0x53,0x34,0xFC,0x7E,0x0F,0x34,0xF2,0x29,0x60,0x00,0x02,0x7A,0x63,0x34,0xFB,\
0x7E,0x0F,0x34,0xF2,0x29,0x40,0x00,0x03,0x0A,0x14,0x1A,0x06,0x9D,0x10,0x0B,0x14,\
0x7C,0x43,0x7A,0x33,0x34,0xFD,0x7C,0xBE,0x7E,0x17,0x35,0x02,0x12,0x65,0xC3,0x7C,\
0x7B,0x7A,0xB3,0x34,0xFF,0x7C,0xBE,0x12,0x83,0xE9,0x7A,0xB3,0x34,0xFE,0xBE,0xB0,\
0x02,0x48,0x1A,0x74,0x01,0x7E,0x1F,0x34,0xF2,0x39,0xB1,0x00,0x09,0x74,0x02,0x7E,\
0x1F,0x34,0xF2,0x39,0xB1,0x00,0x08,0x7E,0x73,0x34,0xFF,0x2C,0xE7,0x7E,0x1F,0x34,\
0xF6,0x2E,0x34,0x00,0x0E,0x7A,0x1F,0x34,0xF6,0x0B,0xC0,0xBC,0xFC,0x08,0x03,0x02,\
0x6D,0xE8,0x7C,0xBE,0xDA,0x3B,0x22,0xCA,0x3B,0x7C,0xFB,0x7E,0x34,0x33,0x67,0x7E,\
0x24,0x00,0x50,0x12,0xDF,0x15,0x7E,0x64,0x25,0x5D,0x7E,0x73,0x31,0x10,0x7A,0x73,\
0x34,0xF8,0x7E,0x73,0x31,0x11,0x7A,0x73,0x34,0xF9,0x6C,0xEE,0xE4,0x7A,0xB3,0x34,\
0xFA,0x7E,0x34,0x2D,0x9C,0x7A,0x37,0x34,0xF2,0x74,0x01,0x7A,0xB3,0x34,0xF5,0x7E,\
0xB3,0x25,0xDC,0x60,0x0B,0x7E,0xB3,0x2E,0xC4,0x54,0x0F,0x04,0x7A,0xB3,0x34,0xF5,\
0x7E,0x37,0x25,0xC3,0x4D,0x33,0x68,0x0D,0x7E,0xB3,0x2E,0xBB,0x30,0xE7,0x06,0x74,\
0x04,0x7A,0xB3,0x34,0xF5,0xE4,0x02,0x70,0x7F,0xBE,0xE0,0x0A,0x48,0x03,0x02,0x70,\
0x8C,0x7E,0x37,0x34,0xF2,0x09,0x53,0x00,0x04,0x7A,0x53,0x34,0xF4,0x09,0xB3,0x00,\
0x09,0x7A,0xB3,0x34,0xF6,0x60,0x03,0x02,0x70,0x6E,0x7E,0x73,0x34,0xF5,0xBE,0x73,\
0x34,0xF4,0x28,0x03,0x02,0x70,0x6E,0x7E,0xB3,0x34,0xFA,0x04,0x7A,0xB3,0x34,0xFA,\
0x7E,0x73,0x25,0xDB,0xBE,0x73,0x34,0xF4,0x50,0x08,0x7E,0x73,0x34,0xF4,0x7A,0x73,\
0x25,0xDB,0x7E,0x37,0x34,0xF2,0x7E,0xB3,0x34,0xF8,0x7E,0x53,0x34,0xF9,0x7E,0x14,\
0x34,0xFB,0x7E,0x04,0x34,0xFD,0x12,0x59,0x52,0x7E,0x73,0x34,0xF4,0x0A,0x37,0x7A,\
0x37,0x35,0x03,0x7C,0x6E,0x6C,0x77,0x4E,0x37,0x35,0x03,0x7A,0x37,0x35,0x03,0x7C,\
0xBE,0x7E,0x37,0x34,0xF2,0x12,0xCE,0x4F,0x7E,0xB3,0x31,0x0C,0x60,0x0E,0x7E,0x37,\
0x34,0xFD,0x7A,0x37,0x34,0xFF,0x7E,0x37,0x34,0xFB,0x80,0x0C,0x7E,0x37,0x34,0xFB,\
0x7A,0x37,0x34,0xFF,0x7E,0x37,0x34,0xFD,0x7A,0x37,0x35,0x01,0x7E,0x37,0x34,0xFF,\
0x7E,0x27,0x35,0x01,0x7E,0x57,0x35,0x03,0x12,0xB3,0x41,0xBE,0x34,0x00,0x00,0x48,\
0x1D,0x7E,0x37,0x34,0xFF,0x1B,0x68,0x30,0x0B,0x65,0x7E,0x37,0x35,0x01,0x1B,0x68,\
0x30,0x0B,0x65,0x7E,0x37,0x35,0x03,0x1B,0x68,0x30,0x0B,0x65,0x0B,0xE0,0x7E,0x37,\
0x34,0xF2,0x2E,0x34,0x00,0x0E,0x7A,0x37,0x34,0xF2,0x7E,0xB3,0x34,0xF7,0x04,0x7A,\
0xB3,0x34,0xF7,0xBE,0xF3,0x34,0xF7,0x08,0x03,0x02,0x6F,0x99,0x7E,0x73,0x34,0xFA,\
0xBE,0x70,0x00,0x08,0x10,0x7E,0xB3,0x25,0xE1,0xBE,0xB0,0xFF,0x50,0x11,0x04,0x7A,\
0xB3,0x25,0xE1,0x80,0x0A,0x7E,0x73,0x25,0xE1,0x1E,0x70,0x7A,0x73,0x25,0xE1,0x1A,\
0x3E,0xDA,0x3B,0x22,0xCA,0x3B,0x7C,0xFB,0xE4,0x7A,0xB3,0x36,0x4E,0x7E,0x71,0x48,\
0x74,0x02,0xAC,0x7B,0x2E,0x34,0x80,0x08,0x7A,0x37,0x36,0x4F,0x7A,0x37,0x36,0x51,\
0x7E,0x73,0x3E,0xE0,0x0A,0x37,0x7A,0x37,0x36,0x53,0x7E,0xA3,0x3E,0xDE,0x7C,0xBA,\
0xC4,0x54,0x0F,0x7A,0xB3,0x36,0x55,0x7C,0xBA,0x54,0x0F,0x7A,0xB3,0x36,0x56,0xC2,\
0x12,0x6C,0x77,0x12,0xCF,0xD0,0x6C,0xEE,0x80,0x5D,0x9F,0x77,0x7E,0x73,0x36,0x55,\
0x7A,0x73,0x36,0x4D,0x80,0x24,0x7E,0x73,0x36,0x4D,0xE5,0x45,0xAC,0xB7,0x0A,0x2E,\
0x2D,0x25,0x3E,0x24,0x2E,0x27,0x36,0x4F,0x0B,0x28,0x40,0x7D,0x14,0x1A,0x08,0x1A,\
0x00,0x2F,0x70,0x7C,0xB7,0x04,0x7A,0xB3,0x36,0x4D,0x7E,0x33,0x36,0x56,0xBE,0x33,\
0x36,0x4D,0x38,0xD2,0x7E,0x23,0x36,0x55,0x0A,0x32,0x6D,0x22,0x0A,0x13,0x6D,0x00,\
0x9F,0x01,0x7F,0x17,0x12,0x8B,0xDD,0x7D,0x23,0x7E,0x70,0x02,0xAC,0x7E,0x2E,0x37,\
0x36,0x51,0x1B,0x38,0x20,0x0B,0xE0,0xE5,0x48,0x0A,0x3B,0xE5,0x45,0x0A,0x2B,0x9D,\
0x23,0x0A,0x3E,0xBD,0x32,0x48,0x93,0xD2,0x12,0x30,0x17,0x06,0x7E,0x64,0x02,0xE7,\
0x80,0x02,0x6D,0x66,0x4D,0x66,0x68,0x15,0x7E,0x14,0x02,0x6F,0x7E,0x07,0x36,0x53,\
0x7E,0x27,0x36,0x51,0x7D,0x36,0x12,0xB7,0xA9,0x7A,0xB3,0x36,0x4E,0x7E,0xB3,0x36,\
0x4E,0x60,0x03,0x02,0x72,0x19,0x7E,0x73,0x24,0x13,0xBC,0x7F,0x50,0x03,0x20,0x09,\
0x78,0x7E,0x64,0x02,0xE7,0x20,0x17,0x21,0xE5,0x48,0x0A,0x2B,0xE5,0x45,0x0A,0x3B,\
0x9D,0x32,0x3E,0x34,0xCA,0x39,0x7E,0x37,0x36,0x51,0x6D,0x22,0x7D,0x16,0x6D,0x00,\
0x12,0xD9,0xBE,0x1B,0xFD,0xD2,0x17,0x80,0x50,0x4C,0xFF,0x68,0x4C,0x6C,0xEE,0x80,\
0x38,0x74,0x02,0xAC,0xBE,0x7D,0x45,0x2D,0x46,0x0B,0x48,0x30,0x1A,0x26,0x1A,0x24,\
0x7E,0x14,0x00,0x03,0x12,0x8B,0x81,0x2E,0x57,0x36,0x51,0x0B,0x58,0x10,0x1A,0x02,\
0x1A,0x00,0x2F,0x10,0x0B,0x1D,0x74,0x02,0x1E,0x34,0x0E,0x24,0x50,0x03,0x4E,0x60,\
0x80,0x14,0x78,0xF4,0x1B,0x48,0x30,0x0B,0xE0,0xE5,0x48,0x0A,0x3B,0xE5,0x45,0x0A,\
0x2B,0x9D,0x23,0x0A,0x3E,0xBD,0x32,0x48,0xB8,0x7E,0xB3,0x36,0x4E,0xDA,0x3B,0x22,\
0xCA,0x3B,0x7A,0xB3,0x34,0xF4,0x7A,0x17,0x34,0xF2,0x7D,0x62,0x7D,0x73,0x7E,0x73,\
0x2E,0xB5,0x7A,0x73,0x34,0xF7,0x7E,0x63,0x2E,0xB6,0x7A,0x63,0x34,0xF6,0x7E,0xB3,\
0x25,0xD6,0x70,0x0D,0x7E,0xB3,0x25,0xCD,0xB4,0xFF,0x06,0x7E,0xB3,0x25,0xDC,0x60,\
0x0A,0x7E,0xB3,0x34,0xF7,0x24,0x03,0x7A,0xB3,0x34,0xF7,0x7E,0xB3,0x2D,0x4B,0xB4,\
0x02,0x18,0x2E,0x73,0x34,0xF7,0x7A,0x73,0x34,0xF7,0x7E,0x73,0x2F,0x18,0x1E,0x70,\
0x1E,0x70,0x2E,0x73,0x34,0xF7,0x7A,0x73,0x34,0xF7,0x7E,0x73,0x2D,0x9A,0x5E,0x70,\
0x0F,0x2E,0x73,0x34,0xF7,0x7A,0x73,0x34,0xF7,0xE4,0x02,0x73,0x73,0x7E,0x79,0xA0,\
0x4C,0xAA,0x78,0x18,0x7E,0x37,0x34,0xF2,0x7E,0x39,0xB0,0xB4,0x01,0x02,0x80,0x03,\
0x02,0x73,0x60,0xE4,0x7A,0x69,0xB0,0x74,0x01,0x02,0x73,0x5D,0xBE,0xA0,0x01,0x78,\
0x5B,0x7E,0x37,0x34,0xF2,0x7E,0x39,0xB0,0xB4,0x01,0x4E,0x7E,0x69,0xB0,0x04,0x7A,\
0x69,0xB0,0x7E,0x69,0xA0,0xBE,0xA3,0x34,0xF7,0x50,0x03,0x02,0x73,0x60,0x0A,0x2A,\
0x0B,0x24,0x0E,0x24,0x7E,0xB3,0x34,0xF5,0x1A,0x3B,0x09,0xB3,0x26,0x30,0x0A,0x3B,\
0xBD,0x32,0x58,0x02,0x80,0x07,0x7E,0xB3,0x2D,0x9A,0x30,0xE7,0x08,0x7C,0xBA,0x14,\
0x7A,0x69,0xB0,0x80,0x6B,0x74,0x02,0x7A,0x79,0xB0,0x12,0xDB,0xEE,0x7E,0xA3,0x34,\
0xF5,0x1A,0x3A,0x19,0xB3,0x33,0x49,0x80,0x57,0xE4,0x80,0x51,0x7E,0x79,0xB0,0xB4,\
0x02,0x11,0xE4,0x7A,0x69,0xB0,0x7E,0x37,0x34,0xF2,0x7E,0x39,0xB0,0x70,0x41,0x74,\
0x03,0x80,0x3A,0x7E,0x79,0xB0,0xBE,0xB0,0x03,0x68,0x06,0x7E,0x79,0xB0,0xB4,0x04,\
0x2F,0x7E,0x37,0x34,0xF2,0x7E,0x39,0xB0,0xB4,0x01,0x04,0x74,0x02,0x80,0x1E,0x7E,\
0x69,0xB0,0x04,0x7A,0x69,0xB0,0x7E,0x69,0x70,0xBE,0x73,0x34,0xF6,0x40,0x11,0x74,\
0x01,0x7E,0xA3,0x34,0xF5,0x1A,0x3A,0x19,0xB3,0x33,0x03,0x74,0x05,0x7A,0x79,0xB0,\
0x0B,0x74,0x0B,0x64,0x7E,0x37,0x34,0xF2,0x0B,0x34,0x7A,0x37,0x34,0xF2,0x7E,0xB3,\
0x34,0xF5,0x04,0x7A,0xB3,0x34,0xF5,0x7E,0x73,0x34,0xF4,0xBE,0x73,0x34,0xF5,0x08,\
0x03,0x02,0x72,0x8D,0xDA,0x3B,0x22,0xCA,0x3B,0x7D,0x73,0x7C,0xDB,0x0A,0x3D,0x09,\
0xB3,0x38,0x27,0x54,0x1F,0x0A,0x3B,0x0B,0x34,0x7A,0x73,0x34,0xF4,0x7C,0xBD,0x12,\
0xDF,0xE9,0x7C,0xCB,0x0A,0x3D,0x09,0xB3,0x38,0x33,0xB4,0xFF,0x07,0x7E,0x34,0xFF,\
0xFF,0x02,0x74,0xEA,0x0A,0x2D,0x7E,0x37,0x38,0x4B,0xAD,0x32,0x2E,0x37,0x38,0x43,\
0x7A,0x37,0x38,0x41,0x7E,0x34,0x34,0xF5,0x12,0x2E,0xA8,0x0B,0x78,0x20,0x7C,0xBC,\
0x60,0x05,0x0E,0x24,0x14,0x78,0xFB,0x7A,0x27,0x34,0xF5,0x7E,0x37,0x38,0x41,0x7D,\
0x13,0x6D,0x00,0x1B,0x0A,0x20,0x0B,0x34,0x7A,0x37,0x38,0x41,0x0B,0x34,0x7A,0x37,\
0x38,0x41,0x7E,0x34,0x00,0x02,0x7A,0x37,0x38,0x49,0xE4,0x7A,0xB3,0x34,0xF3,0x7A,\
0xB3,0x34,0xF2,0x02,0x74,0xCE,0x7E,0x63,0x38,0x26,0x7E,0x73,0x34,0xF2,0xAC,0x76,\
0x3E,0x34,0x2D,0x37,0x7A,0x37,0x36,0x35,0x4C,0xCC,0x78,0x11,0x7E,0x34,0x35,0x75,\
0x7E,0x27,0x36,0x35,0x7E,0x14,0x34,0xF5,0x12,0x2E,0xB9,0x80,0x56,0xBE,0xC0,0x01,\
0x78,0x11,0x7E,0x34,0x35,0x75,0x7E,0x27,0x36,0x35,0x7E,0x14,0x34,0xF5,0x12,0x2F,\
0x00,0x80,0x40,0xBE,0xC0,0x02,0x78,0x11,0x7E,0x34,0x35,0x75,0x7E,0x27,0x36,0x35,\
0x7E,0x14,0x34,0xF5,0x12,0x2F,0x49,0x80,0x2A,0xBE,0xC0,0x03,0x78,0x11,0x7E,0x34,\
0x35,0x75,0x7E,0x27,0x36,0x35,0x7E,0x14,0x34,0xF5,0x12,0x2F,0x94,0x80,0x14,0xBE,\
0xC0,0x04,0x78,0x0F,0x7E,0x34,0x35,0x75,0x7E,0x27,0x36,0x35,0x7E,0x14,0x34,0xF5,\
0x12,0x2F,0xE1,0x7E,0x34,0x35,0x75,0x7E,0x24,0x35,0xF5,0x7E,0x14,0x34,0xF5,0x12,\
0x02,0x61,0x60,0x0E,0x74,0xFD,0x0A,0x3D,0x19,0xB3,0x38,0x33,0x7E,0x34,0xFF,0xFD,\
0x80,0x48,0x7E,0x73,0x34,0xF4,0x2E,0x73,0x34,0xF2,0x7A,0x73,0x34,0xF2,0x7E,0x73,\
0x38,0x25,0xBE,0x73,0x34,0xF2,0x38,0x11,0x7E,0xB3,0x34,0xF3,0x04,0x7A,0xB3,0x34,\
0xF3,0x7E,0x73,0x34,0xF3,0x7A,0x73,0x34,0xF2,0x7E,0xB3,0x34,0xF1,0x04,0x7A,0xB3,\
0x34,0xF1,0x7E,0x73,0x38,0x25,0xBE,0x73,0x34,0xF1,0x28,0x03,0x02,0x74,0x06,0xE4,\
0x0A,0x3D,0x19,0xB3,0x38,0x33,0x7E,0x37,0x38,0x49,0xDA,0x3B,0x22,0xCA,0x69,0xCA,\
0xF8,0xE4,0x7A,0xB3,0x03,0x32,0x7E,0xA3,0x3F,0xE6,0x7C,0xBA,0x54,0x03,0xF5,0x49,\
0x7C,0xBA,0xC4,0x54,0x0F,0xF5,0x42,0x68,0x04,0xE5,0x49,0x70,0x06,0x75,0x42,0x00,\
0x02,0x76,0x4A,0xE5,0x49,0x14,0x68,0x55,0x14,0x68,0x47,0x14,0x68,0x03,0x02,0x76,\
0x4A,0xE5,0x42,0x0A,0x1B,0x7E,0x37,0x3E,0x45,0x7D,0x23,0x6C,0x44,0x2D,0x21,0x6C,\
0x44,0x6C,0x77,0x4D,0x32,0x7A,0x37,0x3E,0x45,0x6C,0xFF,0x80,0x1D,0x0A,0x3F,0x09,\
0x73,0x3F,0xE8,0x7A,0x37,0x34,0xF1,0x0A,0x2F,0x7E,0x33,0x3F,0xE7,0x0A,0x63,0x2D,\
0x62,0x6C,0xCC,0x7D,0x26,0x12,0xCD,0xCA,0x0B,0xF0,0xBE,0xF1,0x42,0x40,0xDE,0x02,\
0x76,0x4A,0x7E,0x37,0x02,0xD2,0x4E,0x60,0x01,0x7A,0x37,0x02,0xD2,0x7E,0x37,0x02,\
0xD2,0x5E,0x70,0xF8,0x4E,0x70,0x01,0x7A,0x37,0x02,0xD2,0x5E,0x70,0x8F,0x7A,0x37,\
0x02,0xD2,0xE5,0x42,0x0A,0x2B,0x5E,0x24,0x00,0x07,0x7E,0x37,0x3E,0x47,0x5E,0x70,\
0xF8,0x4D,0x32,0x7A,0x37,0x3E,0x47,0xE5,0x42,0x70,0x03,0x02,0x76,0x4A,0x7E,0x73,\
0x3F,0xE7,0x0A,0x27,0x5E,0x24,0x00,0x3F,0x7E,0x37,0x3E,0x67,0x5E,0x70,0xC0,0x4D,\
0x32,0x7A,0x37,0x3E,0x67,0x7E,0xB3,0x3F,0xE8,0x54,0x03,0x0A,0x2B,0x5E,0x24,0x00,\
0x03,0x7C,0x45,0x6C,0x55,0x7E,0x37,0x3E,0x47,0x5E,0x60,0xFC,0x4D,0x32,0x7A,0x37,\
0x3E,0x47,0x7E,0xB3,0x3F,0xE9,0x54,0x03,0x0A,0x3B,0x5E,0x34,0x00,0x03,0x7C,0x47,\
0x3E,0x24,0x3E,0x24,0x7E,0x37,0x3E,0x47,0x5E,0x60,0xF3,0x4D,0x32,0x7A,0x37,0x3E,\
0x47,0x7E,0xB3,0x3F,0xEA,0x54,0x03,0x0A,0x5B,0x5E,0x54,0x00,0x03,0xC4,0x54,0xF0,\
0x7C,0xAB,0xE4,0x7E,0x37,0x3E,0x47,0x5E,0x60,0xCF,0x4D,0x35,0x7A,0x37,0x3E,0x47,\
0x7E,0xB3,0x3F,0xEB,0x54,0x03,0x0A,0x5B,0x5E,0x54,0x00,0x03,0x03,0x03,0x54,0xC0,\
0x7C,0xAB,0xE4,0x7E,0x37,0x3E,0x47,0x5E,0x60,0x3F,0x4D,0x35,0x7A,0x37,0x3E,0x47,\
0xE5,0x42,0x7A,0xB3,0x03,0x32,0x7E,0x37,0x3E,0x67,0x5E,0x34,0x00,0x3F,0x7A,0x73,\
0x02,0x56,0xE4,0x7E,0x73,0x3D,0xAC,0x12,0xD5,0x42,0xDA,0xF8,0xDA,0x69,0x22,0x7E,\
0x08,0x3C,0x21,0x7E,0x34,0x01,0x05,0x12,0xE0,0x2E,0xA2,0x01,0xE4,0x33,0x7C,0x6B,\
0x5E,0x60,0x01,0x7C,0xB6,0x03,0x03,0x54,0xC0,0x7E,0x73,0x3D,0x10,0x5E,0x70,0xBF,\
0x4C,0x7B,0x7A,0x73,0x3D,0x10,0x7E,0x63,0x02,0x55,0x5E,0x60,0x07,0x3E,0x60,0x3E,\
0x60,0x7E,0x73,0x3D,0x10,0x5E,0x70,0xE3,0x4C,0x76,0x7A,0x73,0x3D,0x10,0xE4,0x7A,\
0xB3,0x3D,0x1E,0x7E,0x73,0x3E,0xCD,0x7A,0x73,0x3C,0x1F,0x7E,0xB3,0x3D,0x0F,0x54,\
0xFC,0x7A,0xB3,0x3D,0x0F,0x7E,0x63,0x3E,0xF4,0x5E,0x60,0x01,0x3E,0x60,0x3E,0x60,\
0x7E,0x73,0x3D,0x0F,0x5E,0x70,0xFB,0x4C,0x76,0x7A,0x73,0x3D,0x0F,0xA9,0xA0,0xED,\
0xE4,0x33,0x7C,0x6B,0x5E,0x60,0x01,0x7C,0xB6,0x03,0x03,0x54,0xC0,0x7E,0x73,0x3D,\
0x0F,0x5E,0x70,0xBF,0x4C,0x7B,0x7A,0x73,0x3D,0x0F,0x7E,0xB3,0x3D,0x0F,0x44,0x80,\
0x7A,0xB3,0x3D,0x0F,0x74,0x0C,0x7A,0xB3,0x3D,0x13,0xE4,0x12,0xCD,0x43,0x74,0x40,\
0x7A,0xB3,0x3C,0x2A,0x74,0x53,0x7A,0xB3,0x3D,0x1F,0x74,0x54,0x7A,0xB3,0x3D,0x20,\
0x74,0x4A,0x7A,0xB3,0x3D,0x21,0x74,0x30,0x7A,0xB3,0x3D,0x22,0x74,0x01,0x7A,0xB3,\
0x3D,0x23,0x74,0xFF,0x7A,0xB3,0x3D,0x24,0xE4,0x7A,0xB3,0x3D,0x25,0x7E,0xB3,0x3E,\
0xF4,0x30,0xE0,0x0A,0xE5,0x4B,0x7A,0xB3,0x3D,0x14,0xE5,0x44,0x80,0x08,0xE5,0x44,\
0x7A,0xB3,0x3D,0x14,0xE5,0x4B,0x7A,0xB3,0x3D,0x15,0x7E,0x61,0x42,0x5E,0x60,0x0F,\
0x7E,0x73,0x3D,0x16,0x5E,0x70,0xF0,0x4C,0x76,0x7A,0x73,0x3D,0x16,0x7E,0x63,0x02,\
0x65,0x5E,0x60,0x0F,0x7C,0xB6,0xC4,0x54,0xF0,0x7E,0x73,0x3D,0x16,0x5E,0x70,0x0F,\
0x4C,0x7B,0x7A,0x73,0x3D,0x16,0x7E,0x37,0x3E,0xD5,0x0A,0x36,0x3E,0x34,0x3E,0x34,\
0x3E,0x34,0x3E,0x34,0x7C,0x67,0x7E,0x27,0x3E,0xD7,0x0A,0x24,0x7C,0x75,0x4C,0x76,\
0x7A,0x73,0x3C,0x23,0x7E,0x37,0x3E,0xD5,0x7A,0x73,0x3C,0x24,0x7E,0x37,0x3E,0xD7,\
0x7A,0x73,0x3C,0x25,0x7E,0x73,0x3E,0xD9,0x7A,0x73,0x3C,0x5E,0x74,0xFF,0x7A,0xB3,\
0x3C,0x22,0x7E,0x73,0x03,0x37,0x7A,0x73,0x3D,0x1C,0x22,0x7C,0x7B,0x2E,0x70,0x00,\
0x78,0x03,0x02,0x78,0x44,0x2E,0x70,0x0F,0x68,0x50,0x2E,0x70,0xF8,0x78,0x03,0x02,\
0x78,0x41,0x2E,0x70,0xF7,0x68,0x03,0x02,0x79,0x03,0x20,0x1C,0x05,0x12,0xE2,0x2D,\
0x80,0x07,0x12,0xE2,0xB1,0x24,0xFF,0x92,0x2B,0x12,0xE3,0x07,0x60,0x08,0x74,0x01,\
0x12,0xDF,0x8D,0x02,0xE2,0xE4,0x12,0xE2,0x9F,0x7C,0xAB,0xA2,0x26,0xE4,0x33,0xBC,\
0xAB,0x68,0x08,0x12,0xE2,0x9F,0x24,0xFF,0x92,0x26,0x22,0x12,0xE2,0xDC,0x70,0x03,\
0x02,0x79,0x03,0x12,0xE2,0x43,0xA9,0xD2,0xEE,0x22,0x12,0xE2,0xBA,0x7C,0xAB,0xA2,\
0x01,0xE4,0x33,0xBC,0xBA,0x68,0x09,0x12,0xE2,0xBA,0x24,0xFF,0x92,0x01,0xD2,0x27,\
0x12,0xE2,0x38,0xBE,0xB3,0x02,0x55,0x68,0x09,0x12,0xE2,0x38,0x7A,0xB3,0x02,0x55,\
0xD2,0x27,0x12,0xE3,0x00,0x12,0xCD,0x43,0x20,0x27,0x03,0x02,0x79,0x03,0x02,0xE3,\
0x6F,0x02,0xE0,0x83,0x7E,0xB3,0x02,0x5B,0x60,0x03,0x02,0x79,0x03,0x12,0xE2,0xF9,\
0xBE,0xB0,0x01,0x78,0x03,0x02,0x79,0x03,0x12,0xE3,0x1F,0x7C,0x7B,0x7E,0xB3,0x02,\
0x6D,0xBE,0xB0,0x08,0x40,0x03,0x02,0x78,0xF5,0x7E,0xA0,0x03,0xA4,0x90,0x78,0x71,\
0x73,0x02,0x78,0x89,0x02,0x78,0x96,0x02,0x78,0xA3,0x02,0x78,0xB0,0x02,0x78,0xBD,\
0x02,0x78,0xCA,0x02,0x78,0xD7,0x02,0x78,0xE4,0xA5,0xBF,0x53,0x05,0x7E,0x70,0x01,\
0x80,0x5D,0x6C,0x77,0x80,0x59,0xA5,0xBF,0x54,0x05,0x7E,0x70,0x02,0x80,0x50,0x6C,\
0x77,0x80,0x4C,0xA5,0xBF,0x58,0x05,0x7E,0x70,0x03,0x80,0x43,0x6C,0x77,0x80,0x3F,\
0xA5,0xBF,0x5F,0x05,0x7E,0x70,0x04,0x80,0x36,0x6C,0x77,0x80,0x32,0xA5,0xBF,0x46,\
0x05,0x7E,0x70,0x05,0x80,0x29,0x6C,0x77,0x80,0x25,0xA5,0xBF,0x57,0x05,0x7E,0x70,\
0x06,0x80,0x1C,0x6C,0x77,0x80,0x18,0xA5,0xBF,0x55,0x05,0x7E,0x70,0x07,0x80,0x0F,\
0x6C,0x77,0x80,0x0B,0xA5,0xBF,0x50,0x05,0x7E,0x70,0x08,0x80,0x02,0x6C,0x77,0x7A,\
0x73,0x02,0x6D,0x80,0x05,0xE4,0x7A,0xB3,0x02,0x6D,0x7E,0xB3,0x02,0x6D,0xB4,0x08,\
0x02,0xD2,0x1F,0x22,0xCA,0x3B,0x12,0xE3,0x33,0x6D,0x22,0x7A,0x1F,0x34,0xF8,0x6D,\
0x33,0x6D,0x77,0x7A,0x37,0x35,0x00,0xE4,0x02,0x79,0xA8,0x7E,0x73,0x34,0xF2,0x7E,\
0xD0,0x02,0xAC,0xD7,0x74,0x02,0x6C,0x77,0x12,0xC2,0x9E,0x2D,0x36,0x7A,0x1F,0x34,\
0xF4,0xE4,0x80,0x62,0x7E,0x1F,0x34,0xF8,0x0B,0x1A,0x10,0x7A,0x17,0x34,0xFE,0xBE,\
0x14,0x00,0x00,0x58,0x06,0x6D,0x11,0x7A,0x17,0x34,0xFE,0x7E,0x0F,0x34,0xF4,0x0B,\
0x0A,0x50,0x7A,0x57,0x34,0xFC,0xBE,0x54,0x00,0x00,0x58,0x06,0x6D,0x55,0x7A,0x57,\
0x34,0xFC,0x7E,0x57,0x34,0xFE,0x9E,0x57,0x34,0xFC,0x7A,0x57,0x34,0xFC,0xBD,0x57,\
0x58,0x02,0x7D,0x75,0xBE,0x57,0x35,0x00,0x08,0x04,0x7A,0x57,0x35,0x00,0x7E,0x91,\
0x45,0x74,0x02,0xAC,0xB9,0x2D,0x15,0x7A,0x0F,0x34,0xF4,0x0B,0x35,0x7A,0x1F,0x34,\
0xF8,0x7E,0xB3,0x34,0xF3,0x04,0x7A,0xB3,0x34,0xF3,0x7E,0x73,0x34,0xF3,0xBE,0x71,\
0x44,0x40,0x91,0x7E,0xB3,0x34,0xF2,0x04,0x7A,0xB3,0x34,0xF2,0x7E,0x73,0x34,0xF2,\
0xBE,0x71,0x43,0x50,0x03,0x02,0x79,0x1B,0x6E,0x74,0xFF,0xFF,0x0B,0x74,0xBE,0x74,\
0x07,0xFF,0x08,0x04,0x7E,0x74,0x07,0xFF,0x7E,0x37,0x35,0x00,0xBE,0x34,0x07,0xFF,\
0x08,0x08,0x7E,0x34,0x07,0xFF,0x7A,0x37,0x35,0x00,0xE5,0x52,0x70,0x42,0x7E,0x37,\
0x35,0x00,0x1A,0x26,0x1A,0x24,0x7E,0x33,0x3E,0xFD,0x0A,0xF3,0x6D,0xEE,0x7F,0x07,\
0x12,0x8B,0x70,0x74,0x06,0x1E,0x34,0x0E,0x24,0x50,0x03,0x4E,0x60,0x80,0x14,0x78,\
0xF4,0x7A,0x37,0x35,0x00,0x7D,0x37,0x1A,0x2E,0x1A,0x24,0x7F,0x07,0x12,0x8B,0x70,\
0x74,0x06,0x1E,0x34,0x0E,0x24,0x50,0x03,0x4E,0x60,0x80,0x14,0x78,0xF4,0x7D,0x73,\
0x7E,0x37,0x35,0x00,0x7A,0x37,0x03,0xE5,0x7A,0x77,0x03,0xE7,0x7E,0x27,0x35,0x00,\
0xBE,0x24,0x00,0xFF,0x08,0x05,0x7E,0x70,0xFF,0x80,0x02,0x7C,0x75,0x7A,0x73,0x03,\
0xDE,0xBE,0x74,0x00,0xFF,0x08,0x05,0x7E,0x70,0xFF,0x80,0x02,0x7C,0x7F,0x7A,0x73,\
0x03,0xDF,0xDA,0x3B,0x22,0xCA,0x3B,0x7A,0x23,0x35,0x16,0x7A,0x33,0x35,0x15,0x7D,\
0x62,0x7D,0x73,0x7C,0x7B,0x7A,0x03,0x31,0x17,0x7A,0x13,0x31,0x18,0xA5,0xBF,0x00,\
0x43,0xE4,0x7E,0x08,0x35,0x1A,0x9F,0x11,0x12,0xD5,0x13,0x7E,0x73,0x31,0x10,0x7A,\
0x73,0x35,0x19,0x7E,0x03,0x30,0xBE,0x4C,0x00,0x68,0x29,0x7E,0xB3,0x31,0x0A,0x70,\
0x23,0x7D,0x37,0x7D,0x26,0x7E,0xB3,0x35,0x15,0x7E,0x17,0x35,0x1A,0x7E,0x13,0x35,\
0x19,0x1B,0x00,0x12,0xB6,0xB7,0x7E,0xB3,0x30,0xBE,0xBE,0xB0,0xFF,0x50,0x05,0x04,\
0x7A,0xB3,0x30,0xBE,0x7E,0x37,0x25,0xBD,0xBE,0x34,0x00,0x0C,0x18,0x15,0x7D,0x37,\
0x7E,0xB3,0x35,0x15,0x7E,0x53,0x35,0x16,0x7E,0x17,0x35,0x17,0x12,0xC8,0x2A,0xE4,\
0x02,0x7B,0xA0,0x7E,0xB3,0x2E,0x9B,0x20,0xE7,0x03,0x02,0x7B,0x8D,0xE4,0x7A,0xB3,\
0x35,0x1C,0xE4,0x7A,0xB3,0x35,0x1E,0x7E,0x34,0xC0,0x00,0x7A,0x37,0x35,0x1F,0x80,\
0x38,0x7E,0x73,0x35,0x1D,0x1A,0x37,0x2D,0x36,0x7E,0x39,0xA0,0x1A,0x3A,0x09,0xB3,\
0x38,0x51,0xBE,0xB3,0x35,0x1C,0x78,0x1C,0x1A,0x2A,0x7E,0x37,0x35,0x1F,0x1B,0x38,\
0x20,0x7E,0x37,0x35,0x1F,0x0B,0x35,0x7A,0x37,0x35,0x1F,0x7E,0xB3,0x35,0x1E,0x04,\
0x7A,0xB3,0x35,0x1E,0x7E,0xB3,0x35,0x1D,0x04,0x7A,0xB3,0x35,0x1D,0x7E,0xB3,0x35,\
0x15,0xBE,0xB3,0x35,0x1D,0x18,0xBA,0x7E,0xB3,0x35,0x1E,0x60,0x39,0x7E,0x34,0xC0,\
0x00,0x7A,0x37,0x35,0x1F,0x7E,0x37,0x35,0x17,0x7A,0x37,0x35,0x21,0x7E,0xA3,0x35,\
0x1C,0x1A,0x2A,0x7E,0x34,0x00,0x28,0xAD,0x32,0x2E,0x34,0x31,0x19,0x7A,0x37,0x35,\
0x23,0x7D,0x37,0x7E,0x24,0xC0,0x00,0x7E,0x33,0x35,0x16,0x7E,0x07,0x35,0x1A,0x7E,\
0x23,0x35,0x19,0x12,0x44,0xB2,0x7E,0xB3,0x35,0x1C,0x04,0x7A,0xB3,0x35,0x1C,0x7E,\
0x73,0x35,0x1C,0xBE,0x70,0x03,0x58,0x03,0x02,0x7A,0xE2,0x80,0x11,0x7D,0x37,0x7E,\
0xB3,0x35,0x15,0x7E,0x53,0x35,0x16,0x7E,0x17,0x35,0x17,0x12,0xC8,0x2A,0x74,0x01,\
0xDA,0x3B,0x22,0xCA,0x3B,0x7C,0xA3,0x7C,0xD4,0x7C,0xF5,0x7C,0xEB,0x7D,0x43,0x7E,\
0xF4,0x24,0x17,0x7E,0xE4,0x2E,0x6E,0x6D,0xDD,0x6C,0xCC,0x80,0x69,0x7D,0xC4,0x9F,\
0x11,0x7E,0x14,0xFF,0xFF,0xE4,0x80,0x2D,0x0B,0xC8,0xB0,0xBE,0xB4,0x00,0x00,0x58,\
0x02,0x6D,0xBB,0xBD,0x1B,0x58,0x09,0x7D,0x1B,0x7E,0xB3,0x35,0x0F,0x7A,0xE9,0xB0,\
0x7D,0x0B,0x7D,0x9B,0x1A,0x00,0x1A,0x80,0x2F,0x14,0x1A,0x0A,0x3E,0x04,0x2D,0xC0,\
0x7E,0xB3,0x35,0x0F,0x04,0x7A,0xB3,0x35,0x0F,0xBE,0xF3,0x35,0x0F,0x18,0xC9,0xBE,\
0x18,0x7F,0xFF,0x08,0x04,0x7E,0x18,0x7F,0xFF,0x7D,0x0D,0x7D,0xBD,0x1A,0x00,0x1A,\
0xA0,0xBF,0x51,0x58,0x02,0x7D,0xD3,0x1B,0xF8,0x30,0x0B,0xF5,0x1A,0x0D,0x3E,0x04,\
0x2D,0x40,0x0B,0xE4,0x0B,0xC0,0xBC,0xEC,0x18,0x93,0x7E,0xE4,0x80,0x01,0x1B,0xF8,\
0xE0,0x7E,0xE4,0x2E,0x6E,0x7E,0x44,0x2E,0x93,0x7E,0xF4,0x24,0x17,0x7D,0x3D,0x1A,\
0x26,0x1A,0x24,0x7E,0x33,0x2E,0xBD,0x0A,0x13,0x6D,0x00,0x12,0x8B,0x70,0x7C,0x76,\
0x7C,0x65,0x7D,0xC3,0x7E,0xB3,0x2E,0xF5,0x54,0x0F,0x0A,0x5B,0x3E,0x54,0x3E,0x54,\
0x78,0x04,0x7E,0x54,0x00,0x1E,0xBD,0x5C,0x08,0x02,0x7D,0xC5,0x6C,0xAA,0x6D,0x33,\
0x6D,0xDD,0x6C,0x55,0x6C,0xCC,0x80,0x5A,0x0B,0xF8,0x10,0x0B,0xF5,0xA5,0xBD,0x00,\
0x39,0xBD,0x1D,0x48,0x06,0x7D,0xD1,0x7A,0xC3,0x35,0x10,0x7D,0x0D,0x9D,0x0C,0xBD,\
0x01,0x08,0x3D,0x7E,0x50,0x01,0x7D,0x31,0xBE,0xA0,0x04,0x58,0x33,0x0B,0xA0,0x7E,\
0x43,0x35,0x10,0x7A,0x49,0x40,0x0B,0x44,0x7E,0x43,0x35,0x10,0x1A,0x04,0x2D,0x0E,\
0x7E,0x09,0x40,0x7A,0x49,0x40,0x0B,0x44,0x80,0x16,0xBD,0x13,0x18,0x02,0x7D,0x31,\
0x7D,0x0C,0x2D,0x03,0xBD,0x01,0x58,0x08,0x6C,0x55,0x7D,0xD1,0x7A,0xC3,0x35,0x10,\
0x0B,0xC0,0x1A,0xBE,0x0B,0xB4,0x1A,0x0C,0xBD,0x0B,0x48,0x9C,0x7E,0x44,0x2E,0x92,\
0x7A,0x49,0xA0,0x7D,0x34,0xDA,0x3B,0x22,0xCA,0x3B,0x7D,0x41,0x7D,0x62,0x7A,0x37,\
0x35,0x14,0x7C,0xFB,0xBE,0xF0,0xFF,0x78,0x1F,0x6C,0xEE,0x1A,0x5E,0x09,0xB5,0x32,\
0xEF,0x60,0x07,0x0B,0xE0,0xBE,0xE0,0x0A,0x48,0xF1,0xBE,0xE0,0x0A,0x78,0x07,0x7E,\
0x34,0xFF,0xFF,0x02,0x7E,0x22,0x7C,0xFE,0x7C,0xEF,0x3E,0xE0,0x3E,0xE0,0x6C,0xAA,\
0x7C,0x7E,0x0B,0xE0,0x1A,0x37,0x19,0xA3,0x31,0x91,0x7C,0x7E,0x0B,0xE0,0x1A,0x37,\
0x19,0xA3,0x31,0x91,0x7E,0xB3,0x25,0xD5,0x60,0x18,0x7E,0x73,0x25,0xC6,0xBE,0x70,\
0x00,0x28,0x0F,0x6C,0xAA,0x7C,0x7E,0x0B,0xE0,0x1A,0x37,0x19,0xA3,0x31,0x91,0xE4,\
0x80,0x0F,0x7E,0xA0,0x64,0x7C,0x7E,0x0B,0xE0,0x1A,0x37,0x19,0xA3,0x31,0x91,0x74,\
0x96,0x1A,0x3E,0x19,0xB3,0x31,0x91,0x6D,0x55,0x1A,0x3F,0x3E,0x34,0x59,0x53,0x32,\
0xD1,0x74,0x01,0x1A,0x3F,0x19,0xB3,0x32,0xEF,0xE4,0x1A,0x3F,0x19,0xB3,0x32,0xE5,\
0x74,0x01,0x1A,0x3F,0x19,0xB3,0x32,0xF9,0x1A,0x5F,0x19,0x85,0x33,0x5D,0x1A,0x2F,\
0x19,0x92,0x33,0x0D,0xE4,0x1A,0x3F,0x19,0xB3,0x34,0xE7,0x7E,0x37,0x35,0x14,0x1A,\
0x2F,0x3E,0x24,0x59,0x32,0x32,0x59,0x1A,0x3F,0x3E,0x34,0x59,0x63,0x32,0x6D,0x7C,\
0xBF,0x7E,0x37,0x35,0x14,0x7D,0x26,0x12,0xCC,0xBA,0x7C,0xBF,0x7E,0x37,0x35,0x14,\
0x7D,0x26,0x12,0xD7,0xD3,0x7E,0x37,0x35,0x14,0x1A,0x2F,0x3E,0x24,0x59,0x32,0x33,\
0x17,0x1A,0x3F,0x3E,0x34,0x59,0x63,0x33,0x2B,0x74,0x02,0x1A,0x3F,0x19,0xB3,0x33,\
0x3F,0x74,0xFF,0x1A,0x3F,0x19,0xB3,0x33,0x49,0x74,0x01,0x7A,0xB3,0x25,0xF0,0xE4,\
0x1A,0x3F,0x19,0xB3,0x33,0xC1,0x1A,0x0F,0x19,0xB0,0x26,0x30,0x7E,0x24,0x00,0x0E,\
0x7D,0x10,0xAD,0x12,0x7D,0x31,0x2E,0x34,0x33,0xCB,0x12,0xDF,0x15,0x1A,0x0F,0x7E,\
0x24,0x00,0x0E,0x7D,0x10,0xAD,0x12,0x7D,0x31,0x2E,0x34,0x34,0x5B,0x12,0xDF,0x15,\
0x6D,0x33,0xDA,0x3B,0x22,0xCA,0xD8,0xCA,0x79,0x7C,0xFB,0x7D,0x12,0x7D,0x03,0x7E,\
0xE3,0x31,0x10,0x6C,0xDD,0x80,0x0C,0x0B,0x38,0x20,0x9D,0x21,0x1B,0x38,0x20,0x0B,\
0x35,0x0B,0xD0,0xBC,0xED,0x18,0xF0,0x7D,0x30,0x7C,0xBE,0x12,0xAA,0xED,0x7E,0x73,\
0x25,0xF7,0x0A,0x37,0x4C,0xFF,0x78,0x06,0x7E,0x53,0x2F,0x09,0x80,0x12,0x7E,0x53,\
0x31,0x11,0x0A,0x15,0x1B,0x14,0x1A,0x2F,0xBD,0x21,0x78,0x08,0x7E,0x53,0x2F,0x0A,\
0x1A,0x25,0x2D,0x32,0xBE,0x34,0x00,0x00,0x18,0x04,0x7E,0x34,0x00,0x01,0x7E,0x24,\
0x2D,0xB0,0x74,0xFF,0x7A,0x29,0xB0,0x7E,0xE3,0x31,0x10,0x1A,0x0F,0x7E,0x14,0x00,\
0x14,0xAD,0x10,0x2E,0x14,0x2F,0x1B,0x74,0x01,0x7A,0xB3,0x34,0xF9,0x7E,0x13,0x31,\
0x11,0x0A,0x41,0x7D,0x04,0x1B,0x05,0x7A,0x13,0x34,0xFA,0x7C,0xAE,0x6C,0x11,0xBE,\
0xF0,0x02,0x78,0x04,0x6C,0xAA,0x7C,0x1E,0x7E,0x03,0x34,0xFA,0xBC,0x0F,0x18,0x13,\
0x7E,0xA0,0x02,0x1A,0x0E,0x1B,0x05,0x1A,0x1F,0x9D,0x14,0x3E,0x14,0x3E,0x14,0x2E,\
0x14,0x2F,0x4B,0xBE,0xF0,0x02,0x08,0x08,0x7E,0x03,0x34,0xFA,0xBC,0x0F,0x18,0x72,\
0x7A,0x29,0xF0,0x0B,0x24,0x6C,0xDD,0x80,0x65,0x1A,0x4D,0x09,0x04,0x2D,0x9C,0x7A,\
0x03,0x34,0xF8,0x6C,0x00,0xBC,0xAD,0x08,0x0A,0x7E,0x03,0x34,0xF9,0x1A,0xF0,0x1A,\
0xED,0x80,0x14,0xBC,0x1D,0x18,0x19,0x1A,0xFD,0x1A,0xEA,0x2D,0xEF,0x1A,0xF1,0x9D,\
0xEF,0x7E,0x03,0x34,0xF9,0x1A,0xF0,0xAD,0xFE,0x7D,0x4F,0x2D,0x41,0x7E,0x49,0x00,\
0xA5,0xB8,0x00,0x06,0x7E,0xB3,0x34,0xF8,0x80,0x1B,0xBE,0x00,0x00,0x58,0x06,0x6D,\
0x44,0x9D,0x43,0x80,0x0E,0x1A,0xF0,0x9E,0xF4,0x00,0x40,0x7E,0xB3,0x34,0xF8,0x1A,\
0x4B,0x2D,0x4F,0x7C,0xB9,0x1A,0x4D,0x2D,0x42,0x7A,0x49,0xB0,0x0B,0xD0,0xBC,0xED,\
0x18,0x97,0xDA,0x79,0xDA,0xD8,0x22,0xCA,0x3B,0xC2,0x1D,0x7E,0xB3,0x37,0xBF,0xB4,\
0x01,0x1E,0x7E,0xB3,0x37,0xC1,0x04,0x7A,0xB3,0x37,0xC1,0x7E,0x73,0x37,0xC1,0xBE,\
0x70,0x04,0x50,0x03,0x02,0x80,0x7F,0x74,0x03,0x7A,0xB3,0x37,0xBF,0x02,0x80,0x7F,\
0x12,0xE3,0x29,0x12,0xBE,0x20,0x12,0xE1,0xCF,0x7C,0xCB,0x4C,0xCB,0x78,0x07,0xA2,\
0x2B,0xE4,0x33,0x12,0xDC,0xDB,0xE5,0x51,0xB4,0x02,0x04,0x74,0x01,0x80,0x01,0xE4,\
0x12,0xE3,0x4C,0x4C,0xCC,0x78,0x06,0x7E,0xB3,0x37,0xE2,0x60,0x04,0x74,0x01,0x80,\
0x01,0xE4,0x7A,0xB3,0x26,0x3D,0x7A,0xC3,0x37,0xE2,0x7E,0xB3,0x02,0xE1,0x30,0xE2,\
0x34,0x4C,0xCC,0x78,0x30,0x74,0x04,0x6C,0x77,0x12,0xC2,0x9E,0x7D,0x73,0xE4,0x7E,\
0x51,0x4B,0x12,0xB9,0xF0,0x7D,0x37,0xE5,0x4B,0x12,0xC0,0x75,0x6C,0xDD,0x80,0x0D,\
0x7D,0x37,0xE5,0x4B,0x7E,0x53,0x03,0x31,0x12,0x1D,0x1E,0x0B,0xD0,0x7E,0x73,0x23,\
0xE5,0xBC,0x7D,0x38,0xEB,0x7E,0xB3,0x02,0xE1,0x30,0xE4,0x0E,0x74,0x10,0x6C,0x77,\
0x12,0xC2,0x9E,0x12,0x3D,0x12,0x7A,0xB3,0x37,0xD2,0x7E,0xB3,0x02,0xE1,0x30,0xE1,\
0x42,0x74,0x02,0x6C,0x77,0x12,0xC2,0x9E,0x7D,0x73,0xE5,0x45,0x7E,0x50,0x01,0x12,\
0x67,0x71,0x12,0x0D,0x2C,0x7C,0xBC,0x7E,0x34,0x37,0xD3,0x7E,0x50,0x0D,0x12,0xCB,\
0x5C,0x6C,0x44,0xBE,0xC0,0x00,0x28,0x08,0x7C,0xBC,0x14,0x12,0xDF,0xE9,0x7C,0x4B,\
0x7D,0x37,0xE5,0x45,0x7E,0x50,0x01,0x12,0xAF,0x88,0x7E,0x73,0x25,0xC9,0x2E,0x70,\
0xFF,0x92,0x1D,0x7E,0xB3,0x37,0xE0,0x60,0x0A,0x12,0xDC,0xF6,0x70,0x05,0x12,0xE3,\
0x51,0x80,0x0E,0x7E,0xB3,0x37,0xE1,0x60,0x08,0x12,0xDF,0x3E,0x70,0x03,0x12,0xE2,\
0x83,0x12,0xDC,0xF6,0x7A,0xB3,0x37,0xE0,0x12,0xDF,0x3E,0x7A,0xB3,0x37,0xE1,0xDA,\
0x3B,0x22,0xCA,0x79,0x6C,0xEE,0x6C,0xFF,0xE4,0x7A,0xB3,0x03,0x31,0x74,0x01,0x7A,\
0xB3,0x23,0xE5,0x7E,0xB3,0x02,0xB9,0xB4,0x05,0x43,0x12,0xDD,0x76,0x70,0x05,0x74,\
0x01,0x12,0xAE,0x6C,0x74,0x01,0x7A,0xB3,0x03,0x31,0x7E,0xB3,0x02,0x5D,0x1E,0xB0,\
0x1E,0xB0,0x7A,0xB3,0x23,0xE5,0x78,0x06,0x74,0x01,0x7A,0xB3,0x23,0xE5,0x12,0xE3,\
0x2E,0x60,0x07,0x7E,0xB3,0x03,0xE1,0x12,0xD0,0x4C,0x12,0x7F,0x57,0x12,0xE3,0x3D,\
0x60,0x03,0x02,0x81,0xA8,0x74,0x01,0x12,0xAE,0x6C,0x02,0x81,0xA8,0x7E,0xB3,0x3F,\
0x2B,0x30,0xE7,0x77,0x12,0x42,0x30,0xB4,0x01,0x02,0x80,0x03,0x02,0x81,0x8B,0x74,\
0x02,0x7E,0x70,0x01,0x12,0xDF,0x7A,0x12,0x95,0xFA,0x7A,0xB3,0x03,0xDC,0x74,0x02,\
0x6C,0x77,0x12,0xDF,0x7A,0x7E,0xB3,0x03,0xDC,0x60,0x03,0x02,0x81,0x8B,0x74,0x04,\
0x7E,0x70,0x01,0x12,0xDF,0x7A,0xE5,0x52,0x12,0xD3,0xF3,0x74,0x04,0x6C,0x77,0x12,\
0xDF,0x7A,0x74,0x08,0x7E,0x70,0x01,0x12,0xDF,0x7A,0x12,0x19,0x4B,0x7A,0xB3,0x03,\
0xDC,0x70,0x23,0x12,0xC4,0x06,0xE5,0x52,0x7E,0x73,0x03,0xEB,0x12,0x84,0xFD,0xE5,\
0x52,0x7A,0xB3,0x03,0xEB,0x7E,0xE0,0x01,0x12,0xE2,0x4E,0x12,0xA4,0x6E,0x7C,0xFB,\
0x12,0xDC,0x0D,0x12,0xDD,0x5D,0x12,0xA7,0xC9,0x80,0x29,0x74,0x04,0x7E,0x70,0x01,\
0x12,0xDF,0x7A,0xE4,0x12,0xD3,0xF3,0x74,0x04,0x6C,0x77,0x12,0xDF,0x7A,0x7E,0xE0,\
0x01,0x74,0x08,0x7E,0x70,0x01,0x12,0xDF,0x7A,0x12,0xE2,0x4E,0x12,0xA4,0x6E,0x7C,\
0xFB,0x12,0xDC,0x0D,0x74,0x08,0x6C,0x77,0x12,0xDF,0x7A,0x7E,0xB3,0x02,0xB9,0xB4,\
0x01,0x0A,0x12,0xE3,0x3D,0x60,0x05,0x74,0x05,0x12,0xAE,0x6C,0x4C,0xEE,0x68,0x05,\
0x7C,0xBF,0x12,0xBF,0xB5,0x12,0xE1,0x82,0xDA,0x79,0x22,0xCA,0xF8,0x7C,0xAB,0x7E,\
0xB3,0x25,0xDA,0xBE,0xB0,0xFF,0x40,0x03,0x02,0x82,0xC8,0x7E,0xB3,0x2E,0xF9,0x0A,\
0x1B,0x4D,0x11,0x78,0x03,0x02,0x82,0xC8,0x7E,0x73,0x31,0x11,0x7E,0x13,0x2D,0x49,\
0xBE,0x10,0x00,0x48,0x13,0xBE,0xA0,0x01,0x78,0x0C,0x0B,0x10,0xBE,0x10,0x05,0x48,\
0x07,0x2E,0x10,0x80,0x80,0x02,0x6C,0x11,0x7A,0x13,0x2D,0x49,0xBE,0xA0,0x01,0x68,\
0x05,0xE4,0x7A,0xB3,0x2D,0x49,0x7E,0x78,0x2C,0xFF,0x7E,0x68,0x26,0x44,0x7E,0x58,\
0x2C,0xB7,0x7E,0x44,0xFF,0xFF,0x6C,0x11,0x6C,0xFF,0x6C,0x00,0x6C,0x66,0x80,0x4A,\
0x0B,0x7A,0x20,0x7E,0xB3,0x2E,0xF8,0x20,0xE6,0x0E,0x0B,0x6A,0x90,0x2D,0x29,0x0B,\
0x5A,0x90,0x9D,0x29,0x0E,0x24,0x80,0x07,0x0B,0x6A,0x90,0x2D,0x29,0x0E,0x24,0x1B,\
0x7A,0x20,0x0B,0xF5,0x0B,0xD5,0x0B,0xB5,0x7D,0x94,0x0E,0x94,0xBD,0x12,0x58,0x08,\
0xBD,0x92,0x58,0x04,0x0B,0x10,0x80,0x0E,0x4C,0x11,0x68,0x02,0x0B,0x00,0xBC,0xF1,\
0x58,0x02,0x7C,0xF1,0x6C,0x11,0x7D,0x42,0x0B,0x60,0xBC,0x76,0x18,0xB2,0x4C,0x11,\
0x68,0x02,0x0B,0x00,0xBC,0xF1,0x58,0x02,0x7C,0xF1,0x6C,0x77,0x7E,0x63,0x2E,0xFA,\
0xBC,0x6F,0x38,0x0C,0xBE,0x00,0x04,0x18,0x07,0x4C,0xAA,0x68,0x03,0x7E,0x70,0x01,\
0x7E,0x63,0x2D,0x49,0xBE,0x60,0x00,0x58,0x02,0x6C,0x77,0x7E,0xB3,0x2D,0x48,0x60,\
0x18,0x4C,0xAA,0x78,0x33,0x7E,0x63,0x25,0xC7,0xBE,0x60,0x0A,0x28,0x2A,0xE4,0x7A,\
0xB3,0x2D,0x48,0x7A,0xB3,0x2D,0x47,0x80,0x1F,0x7E,0xA3,0x2D,0x47,0x4C,0x77,0x68,\
0x11,0x0B,0xA0,0xBE,0xA0,0x03,0x40,0x0C,0x6C,0xAA,0x74,0x01,0x7A,0xB3,0x2D,0x48,\
0x80,0x02,0x6C,0xAA,0x7A,0xA3,0x2D,0x47,0xDA,0xF8,0x22,0xCA,0x3B,0x7D,0x73,0x7C,\
0xDB,0x0A,0x3D,0x09,0xB3,0x38,0x27,0x54,0x1F,0x0A,0x3B,0x0B,0x34,0x7A,0x73,0x34,\
0xF3,0x7C,0xBD,0x12,0xDF,0xE9,0x7C,0xCB,0x0A,0x3D,0x09,0xB3,0x38,0x33,0x60,0x07,\
0x7E,0x34,0xFF,0xFE,0x02,0x83,0xE6,0x0A,0x2D,0x7E,0x37,0x38,0x4B,0xAD,0x32,0x2E,\
0x37,0x38,0x43,0x7A,0x37,0x38,0x41,0x7E,0x34,0x35,0x34,0x12,0x2E,0xA8,0x7E,0x37,\
0x38,0x41,0x7D,0x13,0x6D,0x00,0x0B,0x0A,0x20,0x7A,0x27,0x35,0x34,0x0B,0x34,0x7A,\
0x37,0x38,0x41,0x0B,0x34,0x7A,0x37,0x38,0x41,0xE4,0x7A,0xB3,0x34,0xF2,0x6C,0xDD,\
0x02,0x83,0xD3,0x7E,0x73,0x38,0x26,0xAC,0x7D,0x3E,0x34,0x2D,0x37,0x7A,0x37,0x35,\
0xB4,0x7E,0x24,0x34,0xF4,0x12,0x04,0x20,0x4C,0xCC,0x78,0x11,0x7E,0x37,0x35,0xB4,\
0x7E,0x24,0x34,0xF4,0x7E,0x14,0x35,0x34,0x12,0x30,0x30,0x80,0x56,0xBE,0xC0,0x01,\
0x78,0x11,0x7E,0x37,0x35,0xB4,0x7E,0x24,0x34,0xF4,0x7E,0x14,0x35,0x34,0x12,0x30,\
0x76,0x80,0x40,0xBE,0xC0,0x02,0x78,0x11,0x7E,0x37,0x35,0xB4,0x7E,0x24,0x34,0xF4,\
0x7E,0x14,0x35,0x34,0x12,0x30,0xC0,0x80,0x2A,0xBE,0xC0,0x03,0x78,0x11,0x7E,0x37,\
0x35,0xB4,0x7E,0x24,0x34,0xF4,0x7E,0x14,0x35,0x34,0x12,0x31,0x16,0x80,0x14,0xBE,\
0xC0,0x04,0x78,0x0F,0x7E,0x37,0x35,0xB4,0x7E,0x24,0x34,0xF4,0x7E,0x14,0x35,0x34,\
0x12,0x31,0x70,0x7E,0x73,0x34,0xF3,0x2C,0xD7,0x7E,0x73,0x38,0x25,0xBC,0x7D,0x38,\
0x0D,0x7E,0xB3,0x34,0xF2,0x04,0x7A,0xB3,0x34,0xF2,0x7E,0xD3,0x34,0xF2,0x7E,0xB3,\
0x34,0xF1,0x04,0x7A,0xB3,0x34,0xF1,0x7E,0x73,0x38,0x25,0xBE,0x73,0x34,0xF1,0x28,\
0x03,0x02,0x83,0x33,0x6D,0x33,0xDA,0x3B,0x22,0xCA,0x79,0x7C,0x97,0x7E,0x78,0x2D,\
0x9C,0x1A,0x2B,0x7E,0x34,0x00,0x0E,0xAD,0x32,0x2D,0xF3,0x7F,0x17,0x6C,0x33,0x6C,\
0x22,0x80,0x16,0x29,0xB1,0x00,0x09,0x70,0x0A,0x29,0x11,0x00,0x04,0xBC,0x13,0x28,\
0x02,0x7C,0x31,0x2E,0x34,0x00,0x0E,0x0B,0x20,0xBC,0x92,0x18,0xE6,0x7C,0xB3,0xC4,\
0x23,0x54,0x1F,0x7C,0x3B,0x7F,0x17,0x6C,0x88,0x6C,0x22,0x02,0x84,0xF1,0x29,0x11,\
0x00,0x09,0xA5,0xB9,0x00,0x02,0x80,0x03,0x02,0x84,0xD7,0x29,0x01,0x00,0x04,0xBC,\
0x03,0x38,0x03,0x7E,0x10,0x01,0xA5,0xB8,0x01,0x02,0x80,0x03,0x02,0x84,0xD7,0x7E,\
0x03,0x31,0x10,0x7E,0xB3,0x31,0x11,0x7A,0xB3,0x35,0x07,0x7E,0x1B,0xF0,0x29,0xE1,\
0x00,0x02,0x7C,0xBE,0xAC,0xB0,0x0A,0xFF,0x2D,0xF5,0x3E,0xF4,0x2E,0xF7,0x25,0x13,\
0x6D,0xEE,0x0B,0x7A,0xD0,0xBE,0xF0,0x00,0x28,0x0D,0x7F,0x57,0x1B,0xB5,0x0B,0x5A,\
0x50,0xBD,0x5D,0x08,0x02,0x80,0x4D,0x0A,0xC0,0x1B,0xC4,0x0A,0x5F,0xBD,0x5C,0x58,\
0x0A,0x69,0x57,0x00,0x02,0xBD,0x5D,0x08,0x02,0x80,0x39,0xBE,0xE0,0x00,0x28,0x17,\
0x0A,0x50,0x6E,0x54,0xFF,0xFF,0x0B,0x54,0x3E,0x54,0x7F,0x57,0x2D,0xB5,0x0B,0x5A,\
0x50,0xBD,0x5D,0x08,0x02,0x80,0x1D,0x7E,0xB3,0x35,0x07,0x0A,0xCB,0x1B,0xC4,0x0A,\
0x5E,0xBD,0x5C,0x58,0x12,0x74,0x02,0xAC,0xB0,0x7F,0x57,0x2D,0xB5,0x0B,0x5A,0x50,\
0xBD,0x5D,0x08,0x03,0x7E,0x10,0x01,0x4C,0x11,0x68,0x08,0x74,0x01,0x39,0xB1,0x00,\
0x09,0x80,0x08,0x74,0x02,0x39,0xB1,0x00,0x08,0x0B,0x80,0x2E,0x34,0x00,0x0E,0x0B,\
0x20,0xBC,0x92,0x08,0x03,0x02,0x84,0x2E,0x7C,0xB8,0xDA,0x79,0x22,0xCA,0x3B,0x7C,\
0xF7,0x7C,0xEB,0x7E,0x18,0x3E,0xF9,0x7A,0x1F,0x34,0xF4,0x7E,0x18,0x3F,0x39,0x7A,\
0x1F,0x34,0xF8,0x7E,0x18,0x3E,0xF9,0x7E,0x1B,0xC0,0x4E,0xC0,0x01,0x29,0x31,0x00,\
0x02,0x7A,0x33,0x34,0xF1,0x29,0x31,0x00,0x1F,0x7A,0x33,0x34,0xF2,0x29,0x71,0x00,\
0x04,0x7A,0x73,0x34,0xF3,0x7E,0x18,0x3F,0x39,0x7E,0x1B,0xD0,0xE4,0x12,0xE3,0x47,\
0x4C,0xEE,0x78,0x03,0x02,0x85,0xD9,0x7E,0x1F,0x34,0xF8,0x29,0xB1,0x00,0x4E,0x30,\
0xE6,0x05,0x74,0x04,0x12,0xE3,0x47,0x7E,0x1F,0x34,0xF8,0x29,0xB1,0x00,0x4E,0x30,\
0xE0,0x03,0x4E,0xC0,0x01,0x29,0x31,0x00,0x4F,0x7A,0x33,0x34,0xF1,0x29,0x31,0x00,\
0x50,0x7A,0x33,0x34,0xF2,0x29,0xE1,0x00,0x51,0x29,0xB1,0x00,0x56,0x4C,0xFF,0x78,\
0x23,0x60,0x21,0xAC,0xBE,0x1E,0x54,0x1E,0x54,0x1E,0x54,0x1E,0x54,0x1E,0x54,0x1E,\
0x54,0x7E,0x37,0x25,0x13,0x7E,0x51,0x43,0x7E,0x41,0x44,0x7E,0x31,0x44,0x7E,0x20,\
0x01,0x12,0xC4,0xB4,0x7E,0x73,0x34,0xF3,0xAC,0x7E,0x1E,0x34,0x1E,0x34,0x1E,0x34,\
0x1E,0x34,0x1E,0x34,0x1E,0x34,0x7A,0x73,0x34,0xF3,0x7E,0x1F,0x34,0xF8,0x29,0x31,\
0x00,0x53,0x2C,0xD3,0x29,0xB1,0x00,0x52,0x12,0xDB,0x52,0x7E,0x1F,0x34,0xF8,0x29,\
0xB1,0x00,0x54,0x29,0x71,0x00,0x55,0x80,0x1A,0x7E,0x1F,0x34,0xF8,0x29,0xB1,0x00,\
0x2A,0x12,0xDB,0x52,0x5E,0xC0,0xFD,0x7E,0x1F,0x34,0xF4,0x29,0xB1,0x00,0x2B,0x29,\
0x71,0x00,0x2C,0x12,0xE2,0x64,0x7C,0xBC,0x7E,0x73,0x34,0xF1,0x7E,0x63,0x34,0xF2,\
0x7E,0x53,0x34,0xF3,0x6C,0x44,0x7C,0x3D,0x12,0xD3,0x28,0xDA,0x3B,0x22,0x7C,0x9B,\
0x7F,0x70,0x7E,0x83,0x2E,0x9D,0x0A,0xD8,0x7D,0x3D,0x2D,0x3D,0x2D,0xD3,0x0E,0xD4,\
0x0E,0xD4,0x7E,0xB3,0x2E,0x9C,0x30,0xE7,0x02,0x6D,0xDD,0x6D,0xCC,0x6C,0x88,0x6C,\
0x33,0x6D,0x33,0x7E,0x04,0x80,0x00,0x7E,0xB4,0x7F,0xFF,0x6C,0x22,0x80,0x27,0x0A,\
0x22,0x09,0x52,0x03,0xF5,0xBC,0x58,0x78,0x1B,0x0B,0x30,0x74,0x02,0xAC,0xB2,0x7F,\
0x47,0x2D,0x95,0x0B,0x4A,0x20,0x2D,0x32,0xBD,0x20,0x08,0x02,0x7D,0x02,0xBD,0x2B,\
0x58,0x02,0x7D,0xB2,0x0B,0x20,0xBE,0x21,0x4B,0x40,0xD4,0x4C,0x33,0x68,0x69,0x0A,\
0x23,0x12,0x8B,0x3E,0x4D,0xDD,0x68,0x4C,0xBE,0x34,0xFF,0xE2,0x58,0x17,0x7D,0x90,\
0x1A,0x20,0x1A,0x84,0x1A,0x26,0x1A,0x24,0x2F,0x14,0x1E,0x34,0x0E,0x24,0x50,0x03,\
0x4E,0x60,0x80,0x80,0x1D,0xBE,0x34,0x00,0x1E,0x48,0x17,0x7D,0x2B,0x7D,0x9B,0x1A,\
0x24,0x1A,0x84,0x1A,0x26,0x1A,0x24,0x2F,0x14,0x1E,0x34,0x0E,0x24,0x50,0x03,0x4E,\
0x60,0x80,0x6D,0x22,0x9D,0x2D,0xBD,0x23,0x08,0x04,0x7D,0x32,0x80,0x06,0xBD,0xD3,\
0x58,0x02,0x7D,0x3D,0x9D,0x03,0x7D,0x23,0x9D,0x2B,0x7D,0xB2,0xBD,0xB0,0x08,0x02,\
0x7D,0x0B,0xBD,0x0C,0x08,0x02,0x7D,0xC0,0x0B,0x80,0xBE,0x80,0x03,0x68,0x03,0x02,\
0x86,0x2F,0x4C,0x99,0x78,0x04,0x7E,0x93,0x03,0xE1,0x74,0x0C,0xAC,0xB9,0x09,0x75,\
0x3D,0xA8,0x0A,0x17,0x6D,0x00,0x7D,0x3C,0x1A,0x26,0x1A,0x24,0x12,0x8B,0x70,0x74,\
0x06,0x1E,0x34,0x1E,0x24,0x50,0x03,0x4E,0x60,0x80,0x14,0x78,0xF4,0x7D,0xC3,0xBE,\
0xC4,0x00,0xFE,0x08,0x03,0x74,0xFE,0x22,0x7D,0x3C,0x7C,0xB7,0x22,0xCA,0x3B,0x7C,\
0xE0,0x7C,0xF1,0x7C,0xD2,0x7C,0xC3,0x7C,0x9B,0x7D,0xD2,0x7D,0xC3,0x1B,0x90,0x78,\
0x05,0x6D,0x33,0x02,0x88,0x25,0x7E,0x87,0x35,0x08,0x7D,0x18,0x1A,0x02,0x1A,0x00,\
0x7D,0x3C,0x1A,0x26,0x1A,0x24,0x12,0x8B,0x70,0x7C,0x76,0x7C,0x65,0x1A,0x24,0x0A,\
0x19,0x6D,0x00,0x2F,0x10,0x12,0x8B,0xDD,0x7F,0x51,0x7D,0xC8,0x0E,0xC4,0x7D,0x3C,\
0x1A,0x26,0x1A,0x24,0x9F,0x51,0x1A,0x1D,0x2E,0x14,0x01,0x00,0x1A,0x02,0x1A,0x00,\
0x7F,0x15,0x12,0x8B,0x70,0x7C,0x76,0x7C,0x65,0xBE,0xF0,0x00,0x28,0x5B,0x0A,0x4F,\
0x7D,0x1C,0x9D,0x14,0x6D,0xFF,0x9D,0xF1,0x7D,0x2F,0x1A,0x24,0x1A,0xE4,0xBF,0x57,\
0x48,0x08,0x1A,0x02,0x1A,0x00,0xBF,0x50,0x08,0x3F,0xBE,0x58,0x00,0x00,0x08,0x06,\
0x7D,0x9C,0x9D,0x9B,0x80,0x04,0x7D,0x9B,0x2D,0x9C,0xBE,0x94,0x00,0x00,0x58,0x02,\
0x6D,0x99,0x9D,0x49,0x7D,0x13,0x1A,0x02,0x1A,0x00,0x7D,0x39,0x1A,0x26,0x1A,0x24,\
0x12,0x8B,0x70,0x7F,0x71,0x7D,0x34,0x1A,0x28,0x1A,0x24,0x7F,0x05,0x12,0x8B,0x70,\
0x2F,0x17,0x0A,0x1F,0x6D,0x00,0x12,0x8B,0xDD,0xE4,0x7E,0x27,0x35,0x0C,0x7A,0x29,\
0xB0,0x2D,0x3C,0x1A,0x2E,0xBD,0x23,0x08,0x0D,0x4C,0xEE,0x68,0x09,0x74,0x01,0x7E,\
0x27,0x35,0x0C,0x7A,0x29,0xB0,0x7E,0xB3,0x35,0x0B,0x1A,0xCB,0x7E,0x27,0x35,0x08,\
0x9D,0x2C,0xBD,0x23,0x58,0x0B,0x60,0x09,0x74,0x01,0x7E,0x27,0x35,0x0C,0x7A,0x29,\
0xB0,0x1A,0x2C,0x2D,0x32,0xBE,0x34,0x00,0x00,0x58,0x02,0x6D,0x33,0x1B,0xD4,0xBD,\
0xD3,0x58,0x02,0x7D,0x3D,0xDA,0x3B,0x22,0xCA,0x3B,0x7E,0x64,0x24,0x17,0x6C,0xFF,\
0x6C,0xEE,0x1A,0x3E,0x09,0xB3,0x32,0xEF,0x60,0x07,0xBE,0xB0,0x05,0x68,0x02,0x7C,\
0xFE,0x0B,0xE0,0xBE,0xE0,0x0A,0x48,0xEA,0x0B,0xF0,0xBE,0xF3,0x25,0xC5,0x50,0x04,\
0x7E,0xF3,0x25,0xC5,0x6C,0xEE,0x02,0x89,0x27,0x1A,0x3E,0x09,0xB3,0x32,0xEF,0x70,\
0x03,0x02,0x89,0x0A,0xBE,0xB0,0x05,0x78,0x03,0x02,0x89,0x0A,0x7C,0xBE,0x7E,0x34,\
0x34,0xF7,0x7E,0x24,0x34,0xF9,0x12,0xB7,0x30,0x7E,0x34,0x25,0x5D,0x7A,0x37,0x34,\
0xFD,0xE4,0x80,0x4D,0x7E,0x27,0x34,0xFD,0x0B,0x28,0x30,0x0B,0x25,0x7A,0x27,0x34,\
0xFD,0x7A,0x37,0x34,0xF3,0x7E,0x27,0x34,0xFD,0x0B,0x28,0x30,0x0B,0x25,0x7A,0x27,\
0x34,0xFD,0x7A,0x37,0x34,0xF5,0x7E,0x37,0x34,0xFD,0x0B,0x35,0x7A,0x37,0x34,0xFD,\
0x7E,0x37,0x34,0xF3,0x7E,0x27,0x34,0xF5,0x7E,0x17,0x34,0xF7,0x7E,0x07,0x34,0xF9,\
0x12,0xDC,0xBF,0x7A,0x37,0x34,0xFB,0x1B,0x68,0x30,0x0B,0x65,0x7E,0xB3,0x34,0xF2,\
0x04,0x7A,0xB3,0x34,0xF2,0x7E,0x73,0x25,0xC5,0xBE,0x73,0x34,0xF2,0x38,0xA5,0x80,\
0x21,0x1A,0x3E,0x09,0xB3,0x32,0xEF,0xB4,0x01,0x06,0x7E,0x34,0x1F,0x40,0x80,0x04,\
0x7E,0x34,0x20,0x00,0x1B,0x68,0x30,0x0B,0x65,0x7E,0xB3,0x34,0xF2,0x04,0x7A,0xB3,\
0x34,0xF2,0xBE,0xF3,0x34,0xF2,0x18,0xD9,0x80,0x1B,0xE4,0x80,0x0E,0x7E,0x34,0x20,\
0x00,0x1B,0x68,0x30,0x0B,0x65,0x7E,0xB3,0x34,0xF2,0x04,0x7A,0xB3,0x34,0xF2,0xBE,\
0xF3,0x34,0xF2,0x18,0xE8,0x0B,0xE0,0xBC,0xFE,0x08,0x03,0x02,0x88,0x59,0x7C,0xBF,\
0xDA,0x3B,0x22,0x7D,0x43,0x09,0xA4,0x00,0x03,0x0A,0x3A,0x1B,0x34,0x7C,0xB7,0x7A,\
0xA3,0x3D,0xAC,0x7E,0x70,0x0C,0xAC,0xB7,0x09,0x35,0x3D,0xAD,0x09,0x55,0x3D,0xAE,\
0x09,0x65,0x3D,0xAF,0x09,0x75,0x3D,0xB0,0x09,0x45,0x3D,0xB1,0x49,0x54,0x00,0x06,\
0x7A,0x57,0x3E,0x73,0x49,0x54,0x00,0x04,0x7A,0x57,0x3E,0x53,0x09,0x24,0x00,0x08,\
0x0A,0x02,0x5E,0x04,0x00,0x07,0x7E,0x57,0x3E,0x77,0x54,0xF8,0x4D,0x50,0x7A,0x57,\
0x3E,0x77,0x09,0x24,0x00,0x08,0x0A,0x02,0x5E,0x04,0x00,0x07,0x7C,0x01,0x6C,0x11,\
0x7E,0x57,0x3E,0x77,0x5E,0xA0,0xF8,0x4D,0x50,0x7A,0x57,0x3E,0x77,0x7C,0x03,0x7E,\
0x57,0x3E,0x55,0x6C,0xAA,0x4D,0x50,0x7A,0x57,0x3E,0x55,0x0A,0x03,0x7E,0x57,0x3E,\
0x55,0xE4,0x4D,0x50,0x7A,0x57,0x3E,0x55,0x7C,0x03,0x6C,0x11,0x7E,0x57,0x3E,0x57,\
0x6C,0xAA,0x4D,0x50,0x7A,0x57,0x3E,0x57,0x0A,0x13,0x7E,0x57,0x3E,0x57,0xE4,0x4D,\
0x51,0x7A,0x57,0x3E,0x57,0x7C,0x25,0x6C,0x33,0x7E,0x57,0x3E,0x6B,0x6C,0xAA,0x4D,\
0x51,0x7A,0x57,0x3E,0x6B,0x0A,0x14,0x7E,0x57,0x3E,0x6B,0xE4,0x4D,0x51,0x7A,0x57,\
0x3E,0x6B,0x0A,0x25,0x7A,0x27,0x3E,0x7B,0x7C,0x46,0x6C,0x55,0x7E,0x57,0x3E,0x6D,\
0x6C,0xAA,0x4D,0x52,0x7A,0x57,0x3E,0x6D,0x0A,0x37,0x7E,0x57,0x3E,0x6D,0xE4,0x4D,\
0x53,0x7A,0x57,0x3E,0x6D,0x09,0x74,0x00,0x0A,0x0A,0x27,0x5E,0x24,0x00,0x03,0x3E,\
0x24,0x3E,0x24,0x3E,0x24,0x3E,0x24,0x3E,0x24,0x3E,0x24,0x7E,0x37,0x3E,0x75,0x5E,\
0x70,0x3F,0x4D,0x32,0x7A,0x37,0x3E,0x75,0x22,0xCA,0xF8,0x20,0x1F,0x23,0x20,0x25,\
0x20,0xA2,0x22,0x30,0x23,0x01,0xB3,0x40,0x18,0xA2,0x26,0x30,0x24,0x01,0xB3,0x50,\
0x03,0x02,0x8B,0x35,0x30,0x01,0x03,0x02,0x8B,0x3B,0x12,0x9A,0xEC,0xE4,0x33,0x78,\
0x03,0x02,0x8B,0x35,0x7E,0xF3,0x23,0xE3,0xBE,0xF0,0x01,0x78,0x03,0x02,0x8B,0x3B,\
0xBE,0xF0,0x05,0x78,0x03,0x02,0x8B,0x3B,0xBE,0xF0,0x02,0x78,0x03,0x02,0x8B,0x3B,\
0xBE,0xF0,0x04,0x78,0x03,0x02,0x8B,0x3B,0xBE,0xF0,0x11,0x78,0x20,0x12,0xE2,0xF2,\
0x7E,0x73,0x3E,0xE3,0x0A,0x37,0xBE,0x37,0x02,0x4E,0x28,0x03,0x02,0x8B,0x3B,0x6D,\
0x33,0x7A,0x37,0x02,0x4E,0x74,0x12,0x12,0xAE,0x6C,0x02,0x8B,0x35,0xBE,0xF0,0x12,\
0x68,0x03,0x02,0x8B,0x3B,0x7A,0xF3,0x02,0x5C,0x7A,0xF3,0x02,0xB9,0x12,0xE2,0xF2,\
0x7E,0xB3,0x03,0x3A,0xBE,0xB0,0x04,0x50,0x07,0x04,0x7A,0xB3,0x03,0x3A,0x80,0x65,\
0xC2,0x18,0xC2,0x0A,0x7E,0x73,0x24,0x13,0xBE,0x73,0x02,0x61,0x28,0x28,0x7E,0xB3,\
0x02,0x61,0x12,0x70,0xB4,0x7C,0xAB,0x4C,0xAB,0x78,0x09,0x7E,0xB3,0x02,0x61,0x04,\
0x7A,0xB3,0x02,0x61,0x7E,0xB3,0x24,0x13,0xBE,0xB3,0x02,0x61,0x78,0x11,0x74,0x02,\
0x7A,0xB3,0x24,0x13,0x80,0x09,0x7E,0xB3,0x02,0x61,0x12,0x70,0xB4,0x7C,0xAB,0x20,\
0x09,0x09,0x7E,0xB3,0x02,0x58,0x04,0x7A,0xB3,0x02,0x58,0x20,0x18,0x12,0x20,0x0A,\
0x0F,0x7E,0xB3,0x3E,0xE1,0xBE,0xB3,0x02,0x58,0x68,0x05,0xBE,0xA0,0x01,0x78,0x05,\
0x74,0x11,0x12,0xAE,0x6C,0x74,0x01,0x7A,0xB3,0x02,0x6E,0xDA,0xF8,0x22,0xC2,0xD5,\
0x7C,0xB4,0x30,0xE7,0x08,0xB2,0xD5,0x6E,0x24,0xFF,0xFF,0x0B,0x24,0x7C,0xB6,0x30,\
0xE7,0x12,0xB2,0xD5,0x6E,0x34,0xFF,0xFF,0x0B,0x34,0x8D,0x32,0x6E,0x24,0xFF,0xFF,\
0x0B,0x24,0x80,0x02,0x8D,0x32,0x30,0xD5,0x06,0x6E,0x34,0xFF,0xFF,0x0B,0x34,0x22,\
0x7D,0x51,0xAD,0x03,0x7D,0x02,0x7D,0x21,0xAD,0x05,0x2D,0x12,0xAD,0x35,0x2D,0x21,\
0x22,0x7D,0x02,0xAD,0x31,0xAD,0x10,0x2D,0x21,0x22,0x6D,0x00,0x74,0x10,0x4D,0x00,\
0x78,0x0B,0x4D,0x22,0x78,0x27,0x8D,0x31,0x7D,0x12,0x6D,0x22,0x22,0x7D,0x43,0x7D,\
0x32,0x6D,0x22,0x2F,0x11,0x2D,0x44,0x50,0x02,0xA5,0x0F,0xBF,0x10,0x40,0x04,0x9F,\
0x10,0x0B,0x90,0x14,0x78,0xED,0x7F,0x01,0x6D,0x22,0x7D,0x34,0x22,0x7D,0x41,0x7D,\
0x13,0x8D,0x24,0x7D,0x02,0x2F,0x00,0x40,0x04,0xBD,0x04,0x40,0x04,0x9D,0x04,0x0B,\
0x14,0x14,0x78,0xF1,0x7D,0x23,0x7D,0x31,0x7D,0x10,0x6D,0x00,0x22,0xC2,0xD5,0x7C,\
0xB0,0x30,0xE7,0x08,0xB2,0xD5,0x9F,0x22,0x9F,0x20,0x7F,0x02,0x7C,0xB4,0x30,0xE7,\
0x13,0xB2,0xD5,0x9F,0x22,0x9F,0x21,0x7F,0x12,0x12,0x8B,0x8C,0x9F,0x22,0x9F,0x20,\
0x7F,0x02,0x80,0x03,0x12,0x8B,0x8C,0x30,0xD5,0x06,0x9F,0x22,0x9F,0x21,0x7F,0x12,\
0x22,0x6C,0xAA,0x4D,0x11,0x68,0x1E,0x1E,0x54,0x50,0x0C,0x7E,0x1B,0x00,0x7A,0x19,\
0x00,0x68,0x12,0x0B,0x1C,0x0B,0x14,0x0B,0x1A,0x00,0x1B,0x18,0x00,0x0B,0x1D,0x0B,\
0x15,0x1B,0x54,0x78,0xF2,0x22,0xCA,0x3B,0xCA,0x09,0x7D,0x71,0x7D,0x62,0xCA,0x39,\
0x69,0x3F,0xFF,0xFF,0xBE,0x34,0x40,0x00,0x68,0x04,0x4D,0x33,0x78,0x5B,0x7D,0x26,\
0x69,0x1F,0xFF,0xFD,0x12,0xDB,0x72,0x60,0x46,0x7E,0x34,0x00,0x02,0x7A,0x37,0x02,\
0xD0,0x7E,0x34,0x00,0xE8,0x7A,0x37,0xFF,0xA0,0x7E,0x37,0x02,0xD0,0x7A,0x37,0xFF,\
0xA2,0x80,0x2C,0x7A,0x67,0xFF,0xA0,0x69,0x3F,0xFF,0xFF,0x5E,0x34,0x40,0x00,0x68,\
0x09,0x7E,0x37,0xFF,0xA2,0x1B,0x78,0x30,0x80,0x07,0x0B,0x78,0x30,0x7A,0x37,0xFF,\
0xA2,0x0B,0x64,0x69,0x3F,0xFF,0xFD,0x1B,0x34,0x79,0x3F,0xFF,0xFD,0x0B,0x75,0x69,\
0x3F,0xFF,0xFD,0x4D,0x33,0x78,0xCC,0x80,0x7E,0x5E,0xC0,0x3F,0x69,0x3F,0xFF,0xFF,\
0x4D,0x63,0x0A,0x5C,0xF5,0xB5,0x7C,0xBD,0xF5,0xB4,0xA9,0x35,0xB3,0xFC,0xA9,0x36,\
0xB3,0xFC,0xE5,0xB4,0x0A,0x3B,0x7A,0x37,0x38,0x75,0x80,0x53,0x69,0x3F,0xFF,0xFF,\
0x5E,0x34,0x40,0x00,0x68,0x22,0x75,0xB4,0x00,0xA9,0x35,0xB3,0xFC,0xA9,0x36,0xB3,\
0xFC,0xE5,0xB5,0x7C,0x6B,0x6C,0x77,0x1B,0x78,0x30,0xE5,0xB4,0x0A,0x2B,0x0B,0x78,\
0x30,0x4D,0x32,0x1B,0x78,0x30,0x80,0x1B,0x0B,0x78,0x30,0x0A,0x56,0xF5,0xB5,0x7C,\
0xB7,0xF5,0xB4,0xA9,0x35,0xB3,0xFC,0xA9,0x36,0xB3,0xFC,0xE5,0xB4,0x0A,0x3B,0x7A,\
0x37,0x38,0x75,0x0B,0x75,0x69,0x3F,0xFF,0xFD,0x1B,0x34,0x79,0x3F,0xFF,0xFD,0x69,\
0x3F,0xFF,0xFD,0x4D,0x33,0x78,0xA5,0x1B,0xFE,0xDA,0x3B,0x22,0xCA,0x79,0x7E,0x37,\
0x36,0xC4,0x7A,0x37,0x35,0x00,0x7E,0x37,0x36,0xC6,0x7A,0x37,0x35,0x02,0x74,0x01,\
0x7E,0xA3,0x36,0xB1,0x0A,0x2A,0x7D,0x32,0x7E,0x17,0x36,0xB8,0x7E,0x07,0x36,0xBA,\
0x12,0x8F,0xE6,0x7C,0xFB,0xBE,0xF0,0x08,0x68,0x10,0x7E,0x37,0x36,0xB8,0x7A,0x37,\
0x36,0xC4,0x7E,0x37,0x36,0xBA,0x7A,0x37,0x36,0xC6,0x74,0x01,0x7E,0xA3,0x36,0xC9,\
0xBE,0xA0,0x00,0x28,0x14,0xBE,0xF0,0x08,0x68,0x0F,0x0A,0x3A,0x09,0xA3,0x36,0xDD,\
0xBC,0xAF,0x68,0x05,0x74,0x01,0x12,0xD7,0x82,0x7E,0xE3,0x36,0xC9,0xBE,0xE0,0x00,\
0x28,0x6B,0xBE,0xF0,0x08,0x68,0x16,0x0A,0x3E,0x09,0xA3,0x36,0xDD,0xBC,0xAF,0x68,\
0x0C,0x7C,0x7F,0x7E,0x27,0x36,0xB8,0x7E,0x17,0x36,0xBA,0x80,0x67,0x7E,0x70,0x02,\
0x7C,0xBE,0xAC,0xB7,0x49,0x35,0x37,0x18,0x49,0x25,0x37,0x42,0x12,0xD9,0x9A,0x7E,\
0xB3,0x36,0xC9,0x7E,0x50,0x02,0xAC,0xB5,0x59,0x35,0x37,0x6C,0x7E,0x37,0x36,0xB4,\
0x7E,0x27,0x36,0xB6,0x12,0xD9,0x9A,0x7A,0x37,0x37,0x9C,0x7E,0x73,0x36,0xC9,0x0A,\
0x27,0x1B,0x24,0x5E,0x24,0x00,0x01,0x3E,0x24,0x49,0x32,0x37,0x98,0xBE,0x37,0x37,\
0x9C,0x28,0x24,0x7E,0x37,0x37,0x9C,0x59,0x32,0x37,0x98,0x80,0x1A,0x7E,0xB3,0x36,\
0xC9,0x70,0x14,0xBE,0xF0,0x08,0x68,0x0F,0x74,0x01,0x7C,0x7F,0x7E,0x27,0x36,0xB4,\
0x7E,0x17,0x36,0xB6,0x12,0xC3,0xAC,0xDA,0x79,0x22,0xCA,0x69,0xCA,0xF8,0x7E,0xF3,\
0x25,0xC5,0x6D,0x22,0x4C,0xFF,0x68,0x61,0x7E,0x08,0x25,0x5D,0x9F,0x66,0x9F,0x77,\
0x6C,0x77,0x80,0x26,0x0B,0x0A,0x50,0x0B,0x15,0x7A,0x57,0x34,0xF2,0x0B,0x0A,0x60,\
0x0B,0x15,0x7E,0xB7,0x34,0xF2,0x7D,0x5B,0x1A,0x5A,0x1A,0xAA,0x2F,0x75,0x7D,0xB6,\
0x1A,0x5C,0x1A,0xAA,0x2F,0x65,0x0B,0x15,0x0B,0x70,0xBC,0xF7,0x38,0xD6,0x0A,0x1F,\
0x6D,0x00,0x7F,0x17,0x12,0x8B,0xDD,0x7D,0xF3,0x7A,0x37,0x34,0xF2,0x0A,0x1F,0x6D,\
0x00,0x7F,0x16,0x12,0x8B,0xDD,0x7D,0x63,0x7E,0x37,0x26,0x2C,0x7E,0x27,0x26,0x2E,\
0x7D,0x1F,0x7D,0x06,0x12,0xDC,0xBF,0x7D,0x23,0x7E,0xA3,0x26,0x2A,0xE4,0xBE,0xA0,\
0x00,0x58,0x0C,0x7E,0xA3,0x25,0xC5,0xBE,0xA3,0x25,0xC6,0x68,0x02,0x74,0x01,0x7E,\
0x73,0x26,0x2B,0x7C,0xA7,0x60,0x35,0x7E,0xB3,0x2F,0x11,0x30,0xE7,0x2E,0x4C,0xAA,\
0x78,0x05,0x7E,0xA0,0x01,0x80,0x27,0xBE,0xA0,0x00,0x08,0x22,0xBE,0xA0,0x7F,0x58,\
0x02,0x0B,0xA0,0x7E,0x63,0x2E,0xB6,0x0A,0x16,0x1B,0x14,0x7C,0x63,0xBE,0x24,0x00,\
0x50,0x50,0x04,0xBC,0x6A,0x50,0x07,0x7E,0xA0,0xFF,0x80,0x02,0x6C,0xAA,0x7E,0xB3,\
0x25,0xC5,0x60,0x15,0x4C,0x77,0x68,0x05,0xBE,0xA0,0x00,0x18,0x0C,0x7E,0x37,0x34,\
0xF2,0x7A,0x37,0x26,0x2C,0x7A,0x67,0x26,0x2E,0x7A,0xA3,0x26,0x2B,0xDA,0xF8,0xDA,\
0x69,0x22,0xCA,0x3B,0x7E,0x73,0x25,0xC5,0x7A,0x73,0x34,0xF4,0xBE,0x70,0x05,0x40,\
0x03,0x02,0x8F,0xDD,0x7E,0x73,0x34,0xF4,0xBE,0x70,0x01,0x38,0x03,0x02,0x8F,0xDD,\
0x7E,0x64,0x25,0x5D,0x6D,0x77,0xE4,0x02,0x8F,0xC6,0x0B,0x68,0x30,0x7A,0x37,0x34,\
0xF9,0x49,0x36,0x00,0x02,0x7A,0x37,0x34,0xFB,0x2E,0x64,0x00,0x06,0x7E,0x34,0x25,\
0x5D,0x7A,0x37,0x35,0x01,0x7E,0x34,0xFF,0xFF,0x7A,0x37,0x34,0xF5,0xE4,0x80,0x59,\
0x7E,0x37,0x35,0x01,0x0B,0x38,0x20,0x7A,0x27,0x34,0xFD,0x49,0x23,0x00,0x02,0x7A,\
0x27,0x34,0xFF,0x2E,0x34,0x00,0x06,0x7A,0x37,0x35,0x01,0x7E,0x73,0x34,0xF3,0xBE,\
0x73,0x34,0xF2,0x68,0x2F,0x7E,0x37,0x34,0xF9,0x7E,0x27,0x34,0xFB,0x7E,0x17,0x34,\
0xFD,0x7E,0x07,0x34,0xFF,0x12,0xDC,0xBF,0x7A,0x37,0x34,0xF7,0x1E,0x34,0x7A,0x37,\
0x34,0xF7,0x7E,0x37,0x34,0xF5,0xBE,0x37,0x34,0xF7,0x28,0x08,0x7E,0x37,0x34,0xF7,\
0x7A,0x37,0x34,0xF5,0x7E,0xB3,0x34,0xF3,0x04,0x7A,0xB3,0x34,0xF3,0x7E,0x73,0x34,\
0xF4,0xBE,0x73,0x34,0xF3,0x38,0x99,0x7E,0x37,0x34,0xF5,0xBD,0x37,0x28,0x02,0x7D,\
0x73,0x7E,0xB3,0x34,0xF2,0x04,0x7A,0xB3,0x34,0xF2,0x7E,0x73,0x34,0xF4,0xBE,0x73,\
0x34,0xF2,0x28,0x03,0x02,0x8F,0x2A,0xBE,0x74,0x00,0xFF,0x28,0x04,0x7E,0x74,0x00,\
0xFF,0x7C,0xBF,0xDA,0x3B,0x22,0xCA,0x3B,0x7D,0x72,0x7D,0x63,0x7A,0xB3,0x34,0xFF,\
0x74,0x08,0x7A,0xB3,0x35,0x04,0x7D,0x31,0x9E,0x37,0x35,0x00,0x7A,0x37,0x35,0x05,\
0x7D,0x20,0x9E,0x27,0x35,0x02,0x7A,0x27,0x35,0x07,0x12,0xE1,0x74,0x7A,0x37,0x35,\
0x09,0x7E,0x37,0x35,0x07,0x12,0xE1,0x74,0x7D,0x23,0xBE,0x67,0x35,0x09,0x28,0x07,\
0xBD,0x72,0x28,0x03,0x02,0x90,0xC3,0x7E,0xB3,0x34,0xFF,0x70,0x20,0x7E,0x17,0x35,\
0x09,0x3E,0x14,0x3E,0x14,0x3E,0x14,0x3E,0x14,0x8D,0x16,0x7A,0x17,0x35,0x09,0x7D,\
0x32,0x3E,0x34,0x3E,0x34,0x3E,0x34,0x3E,0x34,0x8D,0x37,0x7D,0x23,0x7E,0x57,0x35,\
0x09,0x7E,0x14,0x00,0x6A,0xAD,0x51,0x7C,0xBA,0x7C,0xA9,0x7D,0x35,0xAD,0x12,0x7C,\
0x32,0x7C,0x21,0xBE,0x17,0x35,0x09,0x28,0x04,0x74,0x02,0x80,0x09,0xBD,0x32,0x28,\
0x03,0xE4,0x80,0x02,0x74,0x01,0x7A,0xB3,0x35,0x04,0x7E,0x37,0x35,0x05,0xBE,0x34,\
0x00,0x00,0x58,0x10,0x7E,0x73,0x35,0x04,0x0A,0x27,0x7E,0x34,0x00,0x04,0x9D,0x32,\
0x7A,0x73,0x35,0x04,0x7E,0x37,0x35,0x07,0xBE,0x34,0x00,0x00,0x58,0x10,0x7E,0x73,\
0x35,0x04,0x0A,0x27,0x7E,0x34,0x00,0x08,0x9D,0x32,0x7A,0x73,0x35,0x04,0x7E,0x73,\
0x35,0x04,0x0A,0x17,0x7E,0x24,0x00,0x08,0x7D,0x32,0x9D,0x31,0x12,0x8B,0x3E,0x7A,\
0x53,0x35,0x04,0x7E,0xB3,0x35,0x04,0xDA,0x3B,0x22,0x7C,0x7B,0x7A,0x73,0x23,0xD0,\
0x1B,0x71,0x68,0x59,0x2E,0x70,0xFD,0x68,0x23,0x2E,0x70,0xF4,0x68,0x5A,0x1B,0x70,\
0x68,0x6B,0x80,0x00,0x7E,0x73,0x23,0xA1,0x7A,0x73,0x23,0xD3,0xE5,0x46,0x7A,0xB3,\
0x23,0xD5,0x7E,0x73,0x02,0xC1,0x7A,0x73,0x23,0xD1,0x80,0x1F,0xE5,0x46,0x0A,0x3B,\
0x7E,0x53,0x23,0xA1,0x0A,0x25,0x2D,0x23,0x7E,0x73,0x02,0xC1,0x2D,0x32,0x7A,0x73,\
0x23,0xD3,0xE4,0x7A,0xB3,0x23,0xD5,0x7A,0xB3,0x23,0xD1,0x7E,0x73,0x03,0x32,0x7A,\
0x73,0x23,0xD4,0x7E,0x73,0x02,0x54,0x7A,0x73,0x23,0xD2,0x80,0x3C,0x7E,0x73,0x23,\
0xA1,0x7A,0x73,0x23,0xD3,0xE4,0x80,0x0A,0x7E,0x73,0x23,0xA1,0x7A,0x73,0x23,0xD3,\
0xE5,0x46,0x7A,0xB3,0x23,0xD5,0xE4,0x7A,0xB3,0x23,0xD1,0x80,0x13,0x7E,0xB3,0x3E,\
0xDE,0x54,0x0F,0x7A,0xB3,0x23,0xD3,0xE4,0x7A,0xB3,0x23,0xD1,0x7A,0xB3,0x23,0xD5,\
0xE4,0x7A,0xB3,0x23,0xD4,0x7A,0xB3,0x23,0xD2,0x7E,0x73,0x23,0xD1,0x7A,0x73,0x23,\
0xC6,0x7E,0x43,0x23,0xD1,0x4C,0x44,0x68,0x33,0x7E,0x37,0x3E,0x71,0x7D,0x13,0x1E,\
0x14,0x1E,0x14,0x1E,0x14,0x1E,0x14,0x5E,0x14,0x00,0x01,0x68,0x15,0x7E,0x50,0x05,\
0xAC,0x45,0x7A,0x53,0x23,0xC6,0xBE,0x50,0x0A,0x28,0x11,0x74,0x0A,0x7A,0xB3,0x23,\
0xC6,0x22,0x5E,0x34,0x00,0x0F,0x68,0x04,0x7A,0x73,0x23,0xC6,0x22,0xCA,0x3B,0x7C,\
0xE7,0x7C,0xFB,0x4C,0xFB,0x78,0x35,0x7E,0xD3,0x03,0xE1,0x7C,0xCD,0x7E,0x37,0x03,\
0xD5,0x7A,0x37,0x36,0x4F,0x7E,0x37,0x03,0xD3,0x7A,0x37,0x36,0x51,0x7E,0x73,0x03,\
0xD7,0x7A,0x73,0x36,0x53,0x7E,0x73,0x03,0xD8,0x7A,0x73,0x36,0x54,0xBE,0xE0,0xFF,\
0x78,0x33,0x7E,0x73,0x03,0xD9,0x7A,0x73,0x36,0x54,0x80,0x29,0x7C,0xCF,0x7C,0xDE,\
0x7E,0x37,0x3F,0x30,0x7A,0x37,0x36,0x4F,0x7E,0x37,0x3F,0x32,0x7A,0x37,0x36,0x51,\
0x7E,0xA3,0x3F,0x2B,0x7C,0xBA,0xC4,0x54,0x03,0x7A,0xB3,0x36,0x53,0x7C,0xBA,0x54,\
0x07,0x7A,0xB3,0x36,0x54,0xE5,0x42,0x60,0x0F,0xBE,0xF0,0x00,0x28,0x04,0x74,0x01,\
0x80,0x01,0xE4,0x7C,0x7C,0x12,0xD5,0x42,0x7C,0xBE,0xC4,0x54,0xF0,0x7C,0x7B,0x4C,\
0x7F,0x7A,0x73,0x23,0xC7,0x7E,0x37,0x36,0x51,0x7A,0x37,0x23,0xCB,0x7E,0x37,0x36,\
0x4F,0x7A,0x37,0x23,0xC9,0x7A,0xC3,0x23,0xC8,0x7E,0x73,0x36,0x54,0x7A,0x73,0x23,\
0xCD,0x7E,0x73,0x36,0x53,0x7A,0x73,0x23,0xCF,0x7A,0xC3,0x23,0xD6,0x7A,0xD3,0x23,\
0xD7,0x7E,0xA0,0x02,0x80,0x1B,0x0A,0x2A,0x0A,0x3D,0x2D,0x32,0x1B,0x34,0x7E,0x24,\
0x00,0x0C,0x12,0x8B,0x3E,0x7D,0x32,0x0B,0x34,0x0A,0x4A,0x19,0x74,0x23,0xD6,0x0B,\
0xA0,0x7E,0xB3,0x23,0xC6,0xBC,0xBA,0x38,0xDD,0xDA,0x3B,0x22,0x7C,0x7B,0xA5,0xBF,\
0x00,0x4E,0xE5,0x46,0x7C,0x4B,0x6C,0x55,0x7E,0x37,0x3E,0x65,0x6C,0x66,0x4D,0x32,\
0x7A,0x37,0x3E,0x65,0x7E,0x73,0x02,0xC1,0x0A,0x27,0x7E,0x37,0x3E,0x65,0x6C,0x77,\
0x4D,0x32,0x7A,0x37,0x3E,0x65,0x7E,0x37,0x3E,0x71,0x5E,0x70,0xEF,0x7A,0x37,0x3E,\
0x71,0x5E,0x70,0xDF,0x7A,0x37,0x3E,0x71,0x7E,0x73,0x23,0xA6,0x0A,0x27,0x5E,0x24,\
0x00,0x03,0x7E,0x37,0x3E,0xB5,0x5E,0x70,0xFC,0x4D,0x32,0x7A,0x37,0x3E,0xB5,0x22,\
0x7E,0x37,0x3E,0x65,0x6C,0x66,0x7A,0x37,0x3E,0x65,0x7E,0x73,0x02,0xC1,0xE5,0x46,\
0x0A,0x2B,0x2D,0x23,0x6C,0x44,0x7E,0x37,0x3E,0x65,0x6C,0x77,0x4D,0x32,0x7A,0x37,\
0x3E,0x65,0x7E,0x37,0x3E,0x71,0x4E,0x70,0x10,0x7A,0x37,0x3E,0x71,0x4E,0x70,0x20,\
0x7A,0x37,0x3E,0x71,0x7E,0x37,0x3E,0xB5,0x5E,0x70,0xFC,0x7A,0x37,0x3E,0xB5,0x6C,\
0x77,0x6C,0x66,0x74,0x0C,0xAC,0xB7,0x09,0x55,0x3D,0xAD,0x0A,0x05,0x7E,0x30,0x02,\
0xAC,0x36,0x2E,0x14,0x02,0xC2,0x0B,0x18,0x20,0x6C,0x55,0x4D,0x20,0x1B,0x18,0x20,\
0x0B,0x70,0x74,0x0C,0xAC,0xB7,0x09,0x55,0x3D,0xAD,0x7C,0x05,0x6C,0x11,0x7E,0x30,\
0x02,0xAC,0x36,0x2E,0x14,0x02,0xC2,0x0B,0x18,0x20,0x6C,0x44,0x4D,0x20,0x1B,0x18,\
0x20,0x0B,0x70,0x0B,0x60,0xA5,0xBE,0x06,0xBA,0x22,0xCA,0x79,0x7C,0xAB,0x4C,0xAB,\
0x78,0x03,0x02,0x94,0x44,0x7E,0xB3,0x31,0x10,0x0A,0x3B,0x1B,0x34,0x7E,0x63,0x31,\
0x11,0x0A,0xE6,0x1B,0xE4,0x7D,0x2E,0x7C,0x65,0x7E,0x24,0x2D,0x9C,0x6C,0x33,0x02,\
0x94,0x3D,0xE4,0x19,0xB2,0x00,0x06,0x09,0xB2,0x00,0x09,0x60,0x03,0x02,0x94,0x37,\
0x7E,0x29,0x20,0x09,0x12,0x00,0x01,0x6D,0xFF,0x4C,0x22,0x68,0x04,0xBC,0x71,0x78,\
0x04,0x7E,0xF4,0x00,0x03,0xBE,0x20,0x00,0x08,0x02,0x1B,0x20,0xBC,0x71,0x08,0x02,\
0x0B,0x10,0x09,0x02,0x00,0x02,0x09,0x92,0x00,0x03,0x4C,0x00,0x68,0x04,0xBC,0x69,\
0x78,0x04,0x7E,0xF4,0x00,0x03,0xBE,0x00,0x00,0x08,0x02,0x1B,0x00,0xBC,0x69,0x08,\
0x02,0x0B,0x90,0x7A,0x03,0x34,0xF2,0x80,0x38,0x7E,0xB3,0x31,0x10,0x0A,0xDB,0x7E,\
0xF3,0x34,0xF2,0x1A,0xCF,0xAD,0xDC,0x7D,0xED,0x3E,0xE4,0x2E,0xE7,0x25,0x13,0x7C,\
0x82,0x80,0x13,0x1A,0xD8,0x3E,0xD4,0x2D,0xDE,0x0B,0xD8,0xD0,0xBE,0xD4,0x00,0x00,\
0x08,0x02,0x0B,0xF4,0x0B,0x80,0xBC,0x18,0x58,0xE9,0x7C,0xBF,0x04,0x7A,0xB3,0x34,\
0xF2,0xBE,0x93,0x34,0xF2,0x58,0xC2,0xBE,0xF4,0x00,0xFF,0x08,0x04,0x7E,0xF4,0x00,\
0xFF,0x7D,0x7F,0x19,0xF2,0x00,0x06,0x2E,0x24,0x00,0x0E,0x0B,0x30,0xBC,0xA3,0x08,\
0x03,0x02,0x93,0x92,0xDA,0x79,0x22,0xCA,0x3B,0x7D,0x70,0x7D,0x61,0x7A,0x53,0x35,\
0xA4,0x7A,0x63,0x35,0xA3,0x7A,0x73,0x35,0xA2,0x7A,0xB3,0x35,0xA1,0x7E,0x34,0x25,\
0x07,0x7E,0x24,0x08,0x95,0x12,0xDF,0x15,0x7E,0x34,0x31,0x91,0x7E,0x24,0x03,0x60,\
0x12,0xDF,0x15,0x7E,0x34,0x31,0x0C,0x7E,0x24,0x00,0x85,0x12,0xDF,0x15,0x7E,0x34,\
0x2F,0x4B,0x7E,0x24,0x01,0xC1,0x12,0xDF,0x15,0x7E,0x73,0x35,0xA4,0x7A,0x73,0x31,\
0x0C,0x7E,0x73,0x35,0xA1,0x7A,0x73,0x31,0x0D,0x7E,0x73,0x35,0xA2,0x7A,0x73,0x31,\
0x0E,0x7E,0x73,0x35,0xA3,0x7A,0x73,0x31,0x0F,0x7A,0x67,0x25,0x11,0x7E,0x34,0xB0,\
0x00,0x7A,0x37,0x25,0x13,0x7A,0x77,0x2F,0x4B,0x7E,0x37,0x35,0xA5,0x7A,0x37,0x25,\
0x07,0x7E,0xB3,0x31,0x0C,0x60,0x0E,0x7E,0x73,0x31,0x0E,0x7A,0x73,0x31,0x10,0x7E,\
0x73,0x31,0x0D,0x80,0x0C,0x7E,0x73,0x31,0x0D,0x7A,0x73,0x31,0x10,0x7E,0x73,0x31,\
0x0E,0x7A,0x73,0x31,0x11,0x74,0xFF,0x7A,0xB3,0x26,0x0B,0x7A,0xB3,0x26,0x0C,0x7A,\
0xB3,0x26,0x0D,0x7E,0x34,0x80,0x00,0x7A,0x37,0x34,0x57,0x7A,0x37,0x34,0x59,0x12,\
0xDF,0xD7,0x74,0x01,0x12,0xAA,0x55,0x74,0x01,0x12,0xD1,0xE5,0xE4,0x12,0xDB,0x52,\
0x7E,0xB3,0x31,0x0D,0x7E,0x73,0x31,0x0E,0xAC,0xB7,0x7A,0x57,0x26,0x3B,0xDA,0x3B,\
0x22,0xCA,0x3B,0x7D,0x72,0x7D,0x63,0x7C,0xAB,0x7E,0x73,0x36,0xA6,0x4C,0x77,0x78,\
0x03,0x02,0x95,0xF7,0xBE,0x70,0x03,0x78,0x03,0x02,0x95,0xF7,0xBE,0xA0,0x01,0x78,\
0x21,0x7E,0x63,0x36,0xA5,0xA5,0xBE,0x00,0x11,0xE4,0x7A,0xB3,0x36,0xA9,0x7A,0x67,\
0x36,0xAA,0x7A,0x77,0x36,0xAC,0x74,0x11,0x80,0x43,0xA5,0xBE,0x12,0x43,0x74,0x13,\
0x80,0x3B,0x7E,0xB3,0x36,0xA5,0xB4,0x11,0x12,0xA5,0xBF,0x01,0x0A,0x74,0x20,0x7A,\
0xB3,0x36,0xA5,0x74,0x06,0x80,0x13,0x74,0x12,0x80,0x22,0x7E,0xB3,0x36,0xA5,0xB4,\
0x13,0x11,0x74,0x20,0x7A,0xB3,0x36,0xA5,0x74,0x05,0x12,0xE0,0xD3,0x7A,0xB3,0x36,\
0xAE,0x80,0x0E,0x7E,0x73,0x36,0xA5,0xBE,0x70,0x20,0x40,0x05,0xE4,0x7A,0xB3,0x36,\
0xA5,0x7E,0xA3,0x36,0xA5,0xBE,0xA0,0x11,0x40,0x4D,0xBE,0xA0,0x13,0x38,0x48,0x7E,\
0xB3,0x36,0xA9,0x04,0x7A,0xB3,0x36,0xA9,0x7E,0xB3,0x36,0xA8,0xBE,0xB3,0x36,0xA9,\
0x38,0x04,0x74,0x32,0x80,0x2D,0xBE,0xA0,0x12,0x68,0x2C,0x7D,0x36,0x9E,0x37,0x36,\
0xAA,0x12,0xE1,0x74,0x7E,0x53,0x36,0xA7,0x0A,0x25,0xBD,0x32,0x50,0x13,0x7D,0x37,\
0x9E,0x37,0x36,0xAC,0x12,0xE1,0x74,0x7E,0x53,0x36,0xA7,0x0A,0x25,0xBD,0x32,0x40,\
0x06,0x74,0x33,0x7A,0xB3,0x36,0xA5,0xDA,0x3B,0x22,0xCA,0x79,0x74,0x01,0x6C,0x77,\
0x12,0xC2,0x9E,0x69,0x31,0x00,0x02,0x0A,0x56,0x1E,0x54,0x1E,0x54,0x5E,0x54,0x00,\
0x01,0x54,0x01,0x7A,0xB3,0x03,0xDA,0x7E,0xA3,0x23,0xAC,0x7C,0xBA,0x54,0x0F,0xF5,\
0x52,0x7C,0xBA,0xC4,0x54,0x0F,0x7A,0xB3,0x03,0xDB,0xE5,0x52,0xBE,0xB0,0x0C,0x28,\
0x03,0x02,0x96,0xBD,0x7E,0x73,0x03,0xDB,0xBE,0x70,0x0C,0x28,0x03,0x02,0x96,0xBD,\
0x74,0x08,0x6C,0x77,0x12,0xC2,0x9E,0x7F,0x01,0xE5,0x52,0x12,0x86,0x0E,0x7C,0xEB,\
0x74,0x08,0x7E,0x70,0x01,0x12,0xC2,0x9E,0x7F,0x01,0x7E,0xB3,0x03,0xDB,0x12,0x86,\
0x0E,0x7C,0xFB,0xE5,0x52,0x70,0x2D,0xBC,0xFE,0x28,0x02,0x7C,0xEF,0x7A,0xE3,0x04,\
0x19,0x0A,0x3E,0xBE,0x37,0x3F,0x37,0x38,0x06,0x7E,0xB3,0x03,0xDA,0x60,0x08,0x7E,\
0xB3,0x03,0xE2,0x0B,0xB2,0x80,0x07,0x7E,0xB3,0x03,0xE2,0x60,0x27,0x14,0x7A,0xB3,\
0x03,0xE2,0x80,0x20,0xE5,0x52,0x0A,0x1B,0x2E,0x14,0x04,0x19,0x6D,0x00,0x7C,0xBE,\
0x12,0xDC,0x2B,0x7E,0x73,0x03,0xDB,0x0A,0x17,0x2E,0x14,0x04,0x19,0x6D,0x00,0x7C,\
0xBF,0x12,0xDC,0x2B,0x7E,0x73,0x03,0xE9,0xBE,0x71,0x52,0x68,0x0F,0x7E,0xB3,0x03,\
0xE9,0x7E,0x73,0x03,0xEA,0x12,0xB2,0xBE,0x74,0x01,0x80,0x01,0xE4,0xDA,0x79,0x22,\
0xCA,0xF8,0x7C,0xFB,0x20,0x0C,0x03,0x02,0x97,0xA1,0x7E,0xB3,0x02,0x59,0x60,0x03,\
0x02,0x97,0xA1,0x7E,0x24,0x36,0x4D,0x6D,0x33,0x12,0xBC,0xE8,0x4C,0xFF,0x68,0x54,\
0x7E,0x37,0x3E,0x4F,0x5E,0x60,0xF3,0x4E,0x60,0x04,0x7A,0x37,0x3E,0x4F,0x7E,0x37,\
0x3E,0xC1,0x4E,0x60,0x10,0x7A,0x37,0x3E,0xC1,0x7E,0x37,0x3E,0x43,0x4E,0x70,0x01,\
0x7A,0x37,0x3E,0x43,0x7E,0x14,0x3E,0x4F,0x7E,0x04,0x00,0x01,0x7E,0x24,0x00,0x0E,\
0x6D,0x33,0x12,0x8C,0x36,0x7E,0x14,0x3E,0x43,0x7E,0x04,0x00,0x01,0x7E,0x24,0x00,\
0x03,0x6D,0x33,0x12,0x8C,0x36,0x7E,0x14,0x3E,0xC1,0x7E,0x04,0x00,0x01,0x7E,0x24,\
0x00,0x5B,0x80,0x4F,0x7E,0x37,0x3E,0x4F,0x5E,0x60,0xF3,0x7A,0x37,0x3E,0x4F,0x7E,\
0x37,0x3E,0xC1,0x5E,0x60,0xEF,0x7A,0x37,0x3E,0xC1,0x7E,0x37,0x3E,0x43,0x5E,0x70,\
0xFE,0x7A,0x37,0x3E,0x43,0x7E,0x14,0x3E,0xC1,0x7E,0x04,0x00,0x01,0x7E,0x24,0x00,\
0x5B,0x6D,0x33,0x12,0x8C,0x36,0x7E,0x14,0x3E,0x4F,0x7E,0x04,0x00,0x01,0x7E,0x24,\
0x00,0x0E,0x6D,0x33,0x12,0x8C,0x36,0x7E,0x14,0x3E,0x43,0x7E,0x04,0x00,0x01,0x7E,\
0x24,0x00,0x03,0x6D,0x33,0x12,0x8C,0x36,0x7E,0x24,0x36,0x4D,0x6D,0x33,0x12,0xC9,\
0xF0,0xDA,0xF8,0x22,0xCA,0x3B,0x7A,0x0F,0x34,0xFF,0x7C,0xD4,0x7C,0xA5,0x7C,0xE6,\
0x7C,0xF7,0x4C,0xF7,0x78,0x32,0x7C,0xBA,0x7E,0x1F,0x34,0xFF,0x7E,0x1B,0x70,0x12,\
0xD4,0x85,0xBE,0xB0,0x02,0x40,0x03,0x02,0x98,0x75,0x7C,0xBD,0x7E,0xA3,0x35,0x03,\
0x0A,0x1A,0x7E,0x1F,0x34,0xFF,0x2D,0x31,0x1B,0x34,0x7E,0x1B,0x70,0x12,0xD4,0x85,\
0xBE,0xB0,0x02,0x40,0x03,0x02,0x98,0x75,0x0A,0x3F,0x09,0x73,0x36,0xC8,0x7A,0x73,\
0x35,0x09,0x7E,0x70,0x14,0xAC,0x7F,0x7D,0x13,0x2E,0x14,0x36,0xF2,0x6D,0x00,0x7A,\
0x0F,0x35,0x0A,0x7E,0x0F,0x34,0xFF,0x7E,0xB3,0x35,0x03,0x2E,0x34,0x36,0xCA,0x6D,\
0x22,0x12,0x62,0x5C,0x7C,0xCB,0xBE,0xE0,0x03,0x78,0x0F,0x4C,0xFF,0x78,0x0B,0x0A,\
0x3C,0x7E,0x24,0x00,0x7F,0x12,0xE1,0xFF,0x7C,0xC7,0x7E,0x70,0x02,0xAC,0x7E,0x0A,\
0x2F,0x2D,0x32,0x09,0x73,0x37,0xAD,0x0A,0x37,0x0A,0x2C,0x12,0xE1,0xFF,0x7C,0x57,\
0x7E,0x70,0x02,0xAC,0x7E,0x0A,0x1F,0x2D,0x31,0x19,0x53,0x37,0xAD,0x09,0x73,0x37,\
0xAD,0xBE,0x70,0x80,0x50,0x1F,0x4C,0xFF,0x78,0x0D,0x0A,0x3E,0x2E,0x34,0x37,0xA4,\
0x7E,0x39,0xB0,0x44,0x02,0x80,0x0B,0x0A,0x3E,0x2E,0x34,0x37,0xA4,0x7E,0x39,0xB0,\
0x44,0x04,0x7A,0x39,0xB0,0xDA,0x3B,0x22,0xCA,0x3B,0x7D,0x71,0x7D,0x62,0x7A,0x37,\
0x35,0x26,0x7E,0x18,0x35,0x2B,0x7A,0x1F,0x35,0x2D,0x7E,0x70,0x01,0x7E,0x08,0x35,\
0x29,0x12,0xD4,0xE4,0x7E,0x44,0x00,0x80,0x9D,0x47,0xE4,0x7A,0xB3,0x35,0x28,0x7E,\
0xD7,0x35,0x29,0x0B,0xD8,0xF0,0x7E,0x57,0x35,0x2B,0x0B,0x58,0xE0,0x7E,0x17,0x35,\
0x26,0x1A,0x02,0x1A,0x00,0x7D,0xB7,0x1A,0x3E,0x1A,0xA6,0x7F,0x15,0x12,0x8B,0x70,\
0x7F,0x41,0x7D,0x1F,0x1A,0x02,0x1A,0x00,0x7D,0x34,0x1A,0x26,0x1A,0x24,0x12,0x8B,\
0x70,0x2F,0x14,0x74,0x07,0x1E,0x34,0x0E,0x24,0x50,0x03,0x4E,0x60,0x80,0x14,0x78,\
0xF4,0x7D,0xF3,0x7D,0x16,0x1A,0x02,0x1A,0x00,0x7F,0x15,0x12,0x8B,0x70,0x7F,0x51,\
0x7D,0x1E,0x1A,0x02,0x1A,0x00,0x7D,0x34,0x1A,0x26,0x1A,0x24,0x12,0x8B,0x70,0x2F,\
0x15,0x74,0x07,0x1E,0x34,0x0E,0x24,0x50,0x03,0x4E,0x60,0x80,0x14,0x78,0xF4,0x7A,\
0xF7,0x35,0x26,0x7D,0x63,0x1B,0xD8,0xF0,0x7E,0x57,0x35,0x29,0x1B,0x55,0x7A,0x57,\
0x35,0x29,0x7E,0x57,0x35,0x2B,0x1B,0x58,0x30,0x7E,0x57,0x35,0x2B,0x1B,0x55,0x7A,\
0x57,0x35,0x2B,0x7E,0xB3,0x35,0x28,0x04,0x7A,0xB3,0x35,0x28,0x7E,0x73,0x35,0x28,\
0xBE,0x70,0x02,0x58,0x03,0x02,0x98,0x9F,0xDA,0x3B,0x22,0xCA,0x79,0x7C,0xE7,0x7C,\
0xFB,0xC2,0x08,0x20,0x01,0x07,0x7E,0xB3,0x3F,0x2B,0x20,0xE7,0x05,0x74,0x01,0x02,\
0x9A,0x1A,0x7E,0xB3,0x3E,0xE9,0x70,0x0E,0x4C,0xFF,0x68,0x05,0xBE,0xF0,0x01,0x78,\
0x05,0x74,0x01,0x02,0x9A,0x1A,0x7E,0xB3,0x02,0xB9,0xBE,0xB0,0x05,0x68,0x07,0x7E,\
0xB3,0x23,0xE3,0xB4,0x05,0x05,0x74,0x01,0x02,0x9A,0x1A,0x7E,0x08,0x03,0xB9,0x7E,\
0x34,0x00,0x18,0x12,0xE0,0x2E,0xD2,0x08,0x7A,0xF3,0x03,0xD2,0x1B,0xF0,0x68,0x25,\
0x1B,0xF0,0x68,0x35,0x1B,0xF0,0x68,0x49,0x2E,0xF0,0x03,0x78,0x60,0x7E,0x73,0x02,\
0x60,0x7A,0x73,0x03,0xD9,0x7E,0x73,0x3E,0xEB,0x0A,0x37,0x7A,0x37,0x03,0xB5,0x7E,\
0x73,0x3E,0xEA,0x80,0x44,0x7E,0x73,0x02,0x60,0x7A,0x73,0x03,0xD9,0x6D,0x33,0x7A,\
0x37,0x03,0xB5,0x7E,0x34,0x00,0x04,0x80,0x30,0xE5,0x52,0x7A,0xB3,0x03,0xF1,0x7E,\
0x73,0x02,0x60,0x7A,0x73,0x03,0xD9,0x6D,0x33,0x7A,0x37,0x03,0xB5,0x0A,0x3E,0x80,\
0x18,0xE5,0x52,0x7A,0xB3,0x03,0xF1,0x7E,0xB3,0x3F,0x2B,0x54,0x07,0x7A,0xB3,0x03,\
0xD9,0x6D,0x33,0x7A,0x37,0x03,0xB5,0x0A,0x3E,0x7A,0x37,0x03,0xB7,0x74,0x01,0x12,\
0x92,0x8C,0xE4,0x7E,0x70,0xFF,0x12,0xB2,0xBE,0xE4,0xDA,0x79,0x22,0xCA,0xD8,0xCA,\
0x79,0xE4,0x7A,0xB3,0x2D,0x9A,0x7E,0xB3,0x2E,0xF8,0x20,0xE5,0x03,0x02,0x9A,0xE7,\
0x7E,0xB3,0x25,0xC6,0x60,0x03,0x02,0x9A,0xE7,0x7E,0xB3,0x25,0xC5,0x70,0x03,0x02,\
0x9A,0xE7,0x7E,0x18,0x32,0xEF,0x7E,0x08,0x34,0xE7,0x7E,0x78,0x31,0x91,0x7E,0x68,\
0x33,0x0D,0x7E,0x93,0x2E,0xD6,0x5E,0x90,0x0F,0x78,0x03,0x7E,0x90,0x7F,0x7E,0xE0,\
0xFF,0x6C,0xFF,0x7E,0x80,0xFF,0x7E,0xA0,0x0A,0x7E,0x1B,0xB0,0xB4,0x01,0x25,0x7E,\
0x0B,0xB0,0xBC,0xB9,0x08,0x06,0x74,0x80,0x7A,0xB3,0x2D,0x9A,0x7E,0x7B,0xB0,0xBC,\
0xBE,0x50,0x02,0x7C,0xEB,0x7E,0x6B,0xD0,0xBC,0x8D,0x28,0x02,0x7C,0x8D,0xBC,0xFD,\
0x50,0x02,0x7C,0xFD,0x0B,0x34,0x0B,0x14,0x0B,0xF6,0x0B,0xD4,0x1B,0xA0,0x78,0xC9,\
0x7E,0x73,0x25,0xC5,0xBE,0x70,0x02,0x28,0x3E,0xBE,0xE0,0x30,0x38,0x39,0x0A,0x37,\
0x9E,0x34,0x00,0x03,0x0B,0x35,0xBE,0x70,0x06,0x28,0x03,0x7E,0x70,0x06,0x7E,0xB3,\
0x2E,0xD6,0x54,0xF0,0xC4,0x23,0x54,0x1F,0x7C,0x9B,0x4C,0x9B,0x68,0x11,0x0A,0x58,\
0x0A,0x2F,0x9D,0x25,0x1A,0x59,0xBD,0x25,0x08,0x05,0x7E,0x60,0x02,0xAC,0x76,0x4E,\
0x73,0x2D,0x9A,0x7A,0x73,0x2D,0x9A,0xDA,0x79,0xDA,0xD8,0x22,0xCA,0x3B,0x7E,0x64,\
0x36,0x4F,0x7E,0x34,0x36,0x51,0x7A,0x37,0x36,0x70,0x7E,0x74,0x36,0x53,0x7E,0x14,\
0x36,0x4D,0x7E,0x04,0x00,0x04,0x7E,0x24,0x00,0x70,0x7E,0x34,0x40,0x00,0x12,0xD1,\
0xAD,0x0B,0x68,0x50,0x0A,0x4A,0x5E,0x44,0x00,0x01,0x2E,0x44,0xFF,0xFF,0x92,0x18,\
0x0A,0x4A,0x1E,0x44,0x5E,0x44,0x00,0x01,0x2E,0x44,0xFF,0xFF,0x92,0x09,0x0A,0x5A,\
0xC4,0x7D,0x35,0x5E,0x34,0x00,0x01,0x2E,0x34,0xFF,0xFF,0x92,0x28,0x7E,0x37,0x36,\
0x70,0x0B,0x38,0x30,0x0A,0x36,0x5E,0x34,0x00,0x01,0x2E,0x34,0xFF,0xFF,0x92,0x0A,\
0x0B,0x78,0x50,0x5E,0x54,0x00,0x0F,0x7E,0x34,0x36,0x55,0x12,0xCE,0x0D,0x70,0x03,\
0xC3,0x80,0x51,0x7E,0x73,0x36,0x60,0xBE,0x73,0x23,0xE3,0x68,0x03,0xC3,0x80,0x44,\
0x7E,0xB3,0x23,0xE3,0x14,0x68,0x3C,0x14,0x68,0x39,0x1B,0xB1,0x68,0x35,0x14,0x68,\
0x32,0x24,0xF3,0x68,0x0F,0x04,0x78,0x28,0x7E,0xB3,0x36,0x57,0xBE,0xB0,0x0E,0x68,\
0x22,0xC3,0x80,0x20,0x7E,0xB3,0x36,0x57,0xBE,0xB0,0x0F,0x68,0x03,0xC3,0x80,0x14,\
0x74,0x05,0x7A,0xB3,0x02,0xE1,0x7E,0x73,0x36,0x63,0x7A,0x73,0x02,0x5D,0x80,0x03,\
0xC3,0x80,0x01,0xD3,0xDA,0x3B,0x22,0xCA,0x79,0x7E,0x73,0x2E,0xD7,0x5E,0x70,0x0F,\
0x7E,0x63,0x2E,0xD8,0x4C,0x66,0x78,0x03,0x02,0x9C,0x7D,0x6C,0x55,0x0A,0x15,0x09,\
0xB1,0x32,0xEF,0xBE,0xB0,0x01,0x68,0x07,0xE4,0x0A,0x15,0x19,0xB1,0x33,0xB7,0x0A,\
0x15,0x09,0xB1,0x32,0xF9,0x70,0x03,0x02,0x9C,0x72,0x0A,0x15,0x09,0x11,0x32,0xEF,\
0xBE,0x10,0x01,0x68,0x04,0xA5,0xB9,0x02,0x79,0x0A,0x15,0x09,0x41,0x33,0x5D,0x7E,\
0x90,0x08,0xAC,0x94,0x2E,0x44,0x33,0x67,0x0B,0x48,0x10,0x0A,0x56,0xBD,0x51,0x08,\
0x61,0xA5,0xB9,0x01,0x5D,0x0A,0x05,0x09,0x10,0x32,0xE5,0xBE,0x13,0x2E,0xB5,0x50,\
0x51,0x09,0x14,0x00,0x02,0x0A,0x01,0x7E,0xF3,0x2E,0x9D,0x0A,0x5F,0xBD,0x51,0x08,\
0x02,0x0B,0x04,0x0A,0x55,0x09,0xE5,0x33,0xB7,0x0A,0x57,0xBD,0x50,0x48,0x05,0xBE,\
0xE0,0x00,0x28,0x28,0xE4,0x0A,0xF5,0x19,0xBF,0x32,0xE5,0x0A,0x57,0xBD,0x50,0x48,\
0x09,0xBE,0xE0,0x00,0x28,0x16,0x1B,0xE0,0x80,0x12,0x7E,0xB3,0x2E,0xB5,0x0A,0xFB,\
0x2E,0xF4,0x00,0x0A,0x0A,0x5E,0xBD,0x5F,0x58,0x02,0x0B,0xE0,0x0A,0x55,0x19,0xE5,\
0x33,0xB7,0x0B,0x50,0xA5,0xBD,0x0A,0x02,0x80,0x03,0x02,0x9B,0xCD,0xDA,0x79,0x22,\
0xCA,0x79,0x7C,0xFB,0x0B,0xFD,0x7F,0x1F,0x1B,0x34,0x7D,0x23,0x6D,0x33,0x12,0xBC,\
0xE8,0x7A,0xF3,0x23,0xE3,0x7C,0xBF,0x12,0x90,0xCA,0x6C,0x66,0x6C,0x77,0x1B,0xF1,\
0x68,0x18,0x2E,0xF0,0xFD,0x68,0x1E,0x2E,0xF0,0xF4,0x68,0x1E,0x1B,0xF0,0x68,0x1F,\
0x80,0x00,0x7E,0x63,0x03,0xE9,0x7E,0x73,0x03,0xEA,0x7C,0xB7,0xC4,0x54,0xF0,0x7C,\
0xEB,0x4C,0xE6,0x80,0x0D,0x7E,0xE0,0x0D,0x80,0x08,0x7E,0xE0,0x0E,0x80,0x03,0x7E,\
0xE0,0x0F,0x7C,0xB6,0x12,0xD1,0x3B,0x7E,0x34,0x23,0xC5,0x12,0xA0,0xF0,0x7E,0x14,\
0x3E,0xB5,0x7E,0x04,0x00,0x01,0x7E,0x24,0x00,0x6C,0x6D,0x33,0x12,0x8C,0x36,0x7E,\
0x14,0x3E,0x47,0x7E,0x04,0x00,0x01,0x7E,0x24,0x00,0x05,0x6D,0x33,0x12,0x8C,0x36,\
0x7E,0x14,0x3E,0x73,0x7E,0x04,0x00,0x05,0x7E,0x24,0x00,0x27,0x6D,0x33,0x12,0x8C,\
0x36,0x7E,0x14,0x02,0xC2,0x7E,0x04,0x00,0x07,0x7E,0x24,0x00,0x20,0x6D,0x33,0x12,\
0x8C,0x36,0x7E,0x14,0x3E,0x53,0x7E,0x24,0x00,0x10,0x7D,0x02,0x6D,0x33,0x12,0x8C,\
0x36,0x7C,0xBE,0x12,0xB0,0x9E,0x7F,0x1F,0x1B,0x34,0x7D,0x23,0x6D,0x33,0x12,0xC9,\
0xF0,0x1B,0xFD,0xDA,0x79,0x22,0x75,0xC3,0xFE,0xE5,0xDB,0x7A,0xB3,0x03,0xB0,0x7E,\
0xB3,0x03,0xB0,0x30,0xE5,0x10,0x20,0x03,0x0D,0xA9,0x31,0xDD,0x09,0x12,0xC6,0xF0,\
0x75,0xDC,0x02,0x75,0xDB,0xDF,0x7E,0xB3,0x03,0xB0,0x30,0xE4,0x10,0x30,0x03,0x0D,\
0xA9,0x30,0xDD,0x09,0x12,0xAD,0xDA,0x75,0xDC,0x01,0x75,0xDB,0xEF,0x7E,0xB3,0x03,\
0xB0,0x30,0xE3,0x1B,0x30,0x03,0x09,0x12,0xAD,0xDA,0x80,0x0E,0x80,0x02,0x00,0x00,\
0x75,0xDD,0x04,0xE5,0xDD,0xC4,0x54,0x0F,0x78,0xF4,0xC2,0x04,0x75,0xDB,0xF7,0x7E,\
0xB3,0x03,0xB0,0x30,0xE6,0x24,0x30,0x03,0x03,0x12,0xAD,0xDA,0xC2,0x03,0xE4,0x7A,\
0xB3,0x24,0x16,0x7E,0xB3,0x23,0xE0,0x12,0xCA,0xCC,0x12,0xC6,0xF0,0x7E,0xB3,0x23,\
0xE0,0x12,0xDF,0x2A,0x75,0xDC,0x02,0x75,0xDB,0xBF,0x7E,0xA3,0x03,0xB0,0x7C,0xBA,\
0x30,0xE7,0x1F,0x80,0x02,0x00,0x00,0x75,0xDD,0x04,0xE5,0xDD,0xC4,0x54,0x0F,0x78,\
0xF4,0xD2,0x03,0xD2,0x04,0xD2,0x05,0xE4,0x7A,0xB3,0x24,0x16,0x75,0xDC,0x01,0x75,\
0xDB,0x7F,0x7C,0xBA,0x30,0xE1,0x06,0x75,0xDB,0xFD,0x75,0xDD,0x04,0x7C,0xBA,0x30,\
0xE0,0x06,0x75,0xDB,0xFE,0x75,0xDD,0x04,0x22,0xCA,0x3B,0x7C,0xA0,0x7C,0x91,0x7C,\
0x82,0x7C,0xF3,0x7C,0xEB,0x7D,0x12,0x7D,0x03,0x7E,0x34,0x00,0x02,0x7A,0x37,0xFF,\
0x8A,0x6C,0x77,0x02,0x9E,0xBC,0x0B,0x18,0x20,0x0B,0x08,0xF0,0x1A,0xD9,0x1B,0xD4,\
0x7D,0x6D,0x7C,0xCD,0x6C,0xDD,0x7D,0xD6,0x0A,0xE8,0x4D,0xED,0x7A,0xE7,0xFF,0x88,\
0x7A,0x27,0xFF,0x82,0x1A,0xEA,0x2D,0xEF,0x7A,0xE7,0xFF,0x80,0x00,0x00,0x00,0x00,\
0x00,0x00,0x00,0x00,0x00,0x00,0x00,0x7E,0xE7,0xFF,0x84,0x7E,0xB3,0x2E,0xFB,0x20,\
0xE7,0x12,0xBD,0x2E,0x78,0x0E,0xBD,0xFE,0x08,0x04,0x0B,0xE4,0x80,0x06,0xBD,0xFE,\
0x58,0x02,0x1B,0xE4,0x7E,0x63,0x35,0x2B,0x4C,0x66,0x68,0x33,0x7C,0xB6,0x7D,0xDE,\
0x60,0x05,0x0E,0xD4,0x14,0x78,0xFB,0x7C,0xB6,0x7D,0xC2,0x60,0x05,0x0E,0xC4,0x14,\
0x78,0xFB,0xBD,0xCD,0x78,0x0E,0xBD,0x2E,0x58,0x04,0x0B,0xD4,0x80,0x06,0xBD,0x2E,\
0x08,0x02,0x1B,0xD4,0x7C,0xB6,0x7D,0xED,0x60,0x05,0x3E,0xE4,0x14,0x78,0xFB,0x1B,\
0x18,0xE0,0x1A,0xCF,0x3E,0xC4,0x2D,0x0C,0x0B,0x15,0x0B,0x70,0xBC,0xE7,0x08,0x03,\
0x02,0x9E,0x26,0xDA,0x3B,0x22,0x20,0x0D,0x03,0x02,0x9F,0x7E,0x7E,0xB3,0x3F,0x2B,\
0x54,0x7F,0x7A,0xB3,0x3F,0x2B,0x7E,0xB3,0x3F,0xE6,0x54,0xFC,0x7A,0xB3,0x3F,0xE6,\
0x74,0x01,0x7A,0xB3,0x3F,0x13,0x74,0x02,0x7A,0xB3,0x3F,0x14,0x7E,0xB3,0x3E,0xF9,\
0x54,0xFB,0x7A,0xB3,0x3E,0xF9,0x7E,0x73,0x3E,0xDD,0x4C,0x77,0x68,0x0D,0x7E,0xB3,\
0x3D,0xAC,0x7E,0x60,0x0C,0xAC,0xB6,0x19,0x75,0x3D,0xA2,0x7E,0x37,0x3E,0x65,0x6C,\
0x77,0x7A,0x37,0x3E,0x65,0x7E,0x73,0x02,0x54,0x0A,0x27,0x7E,0x37,0x3E,0x63,0x6C,\
0x77,0x4D,0x32,0x7A,0x37,0x3E,0x63,0x7E,0x73,0x23,0xA1,0x7C,0x47,0x6C,0x55,0x7E,\
0x37,0x3E,0x63,0x6C,0x66,0x4D,0x32,0x7A,0x37,0x3E,0x63,0x7E,0x73,0x02,0x6C,0x0A,\
0x27,0x5E,0x24,0x00,0x07,0x3E,0x24,0x3E,0x24,0x3E,0x24,0x3E,0x24,0x7E,0x37,0x3E,\
0x77,0x5E,0x70,0x8F,0x4D,0x32,0x7A,0x37,0x3E,0x77,0x7E,0x37,0x3E,0x75,0x5E,0x60,\
0x8F,0x7A,0x37,0x3E,0x75,0x7E,0x37,0x3E,0x69,0x5E,0x60,0xFE,0x7A,0x37,0x3E,0x69,\
0x7E,0x37,0x3E,0x75,0x5E,0x70,0x3F,0x7A,0x37,0x3E,0x75,0x02,0xDD,0xD8,0x22,0xCA,\
0xD8,0xCA,0x79,0x7E,0x34,0x00,0x32,0xCA,0x39,0x7E,0x18,0x3E,0xF9,0x7E,0x08,0x34,\
0xF1,0x12,0xD9,0xBE,0x1B,0xFD,0x7E,0x34,0x00,0x7E,0xCA,0x39,0x7E,0x18,0x3F,0x39,\
0x7E,0x08,0x35,0x23,0x12,0xD9,0xBE,0x1B,0xFD,0x7E,0x08,0x37,0xBF,0x7E,0x34,0x00,\
0x25,0x12,0xE0,0x2E,0x74,0xFF,0x7A,0xB3,0x37,0xD2,0x7E,0x34,0x3D,0x26,0x7A,0x37,\
0x35,0xA5,0xE5,0x40,0x7E,0x71,0x41,0x7E,0x61,0x42,0x7E,0x53,0x3E,0xF4,0x5E,0x50,\
0x01,0x7E,0x14,0xA0,0x70,0x7E,0x04,0xA0,0x00,0x12,0x94,0x47,0x7E,0x37,0x3E,0xD5,\
0x7E,0x27,0x3E,0xD7,0x7E,0x08,0x34,0xF1,0x12,0xD6,0xD8,0xA2,0x2B,0xE4,0x33,0x12,\
0xDC,0xDB,0x7E,0x34,0x3F,0xB6,0x12,0xDE,0x08,0x12,0xE3,0x56,0x7D,0x73,0x6C,0xDD,\
0x80,0x17,0x7C,0xBD,0x12,0xDA,0x6A,0x0A,0x3B,0x7E,0x24,0x00,0x03,0x12,0x8B,0x3E,\
0x0A,0x3D,0x2D,0x37,0x7A,0x39,0x50,0x0B,0xD0,0xBE,0xD1,0x43,0x40,0xE4,0x74,0xFF,\
0x7A,0xB3,0x37,0xE2,0x74,0x01,0x7A,0xB3,0x37,0xBF,0x7E,0x34,0x37,0xD3,0x74,0x0D,\
0x12,0xDE,0x66,0xDA,0x79,0xDA,0xD8,0x22,0xCA,0x79,0x7C,0xFB,0x30,0x0D,0x03,0x02,\
0xA0,0xED,0x7E,0xE3,0x03,0xE1,0x7E,0x08,0x03,0xB3,0x7E,0x34,0x1F,0x93,0x12,0xE0,\
0x2E,0x7A,0xE3,0x03,0xD1,0x7E,0x73,0x03,0x33,0x7A,0x73,0x03,0xD7,0x7E,0x37,0x03,\
0x34,0x7A,0x37,0x03,0xD5,0x7E,0x37,0x02,0xE5,0x7A,0x37,0x03,0xD3,0x7E,0x73,0x02,\
0x60,0x7A,0x73,0x03,0xD8,0x7C,0xBF,0x6C,0x77,0x12,0x99,0x4B,0xB4,0x01,0x0E,0x7E,\
0x73,0x03,0x36,0x7A,0x73,0x03,0xE1,0xE4,0x6C,0x77,0x12,0xB2,0xBE,0x74,0xFF,0x7A,\
0xB3,0x03,0x91,0x74,0x0F,0x7A,0xB3,0x23,0x44,0x7A,0xB3,0x23,0x45,0x6C,0xFF,0x74,\
0x0C,0xAC,0xBF,0x09,0x75,0x3D,0xB8,0x0A,0x2F,0x19,0x72,0x34,0xF1,0x0B,0xF0,0xBE,\
0xF0,0x0C,0x78,0xEB,0xE5,0x43,0x7E,0x71,0x44,0x7E,0x63,0x3F,0x34,0x7E,0x24,0x34,\
0xF1,0x7E,0x14,0x04,0x54,0x7E,0x04,0x1E,0xF0,0x12,0xAC,0xB1,0x6C,0xFF,0x80,0x18,\
0x7C,0xBF,0x12,0xDA,0x6A,0x0A,0x3B,0x7E,0x24,0x00,0x03,0x12,0x8B,0x3E,0x7C,0x75,\
0x0A,0x2F,0x19,0x72,0x03,0xF5,0x0B,0xF0,0xBE,0xF1,0x4B,0x40,0xE3,0xDA,0x79,0x22,\
0x7D,0x13,0x09,0x71,0x00,0x0D,0x0A,0x37,0x7E,0x07,0x3E,0x63,0x6C,0x11,0x4D,0x03,\
0x7A,0x07,0x3E,0x63,0x09,0x71,0x00,0x0E,0x7C,0x67,0x6C,0x77,0x7E,0x07,0x3E,0x63,\
0x6C,0x00,0x4D,0x03,0x7A,0x07,0x3E,0x63,0x09,0x71,0x00,0x10,0x0A,0x37,0x7C,0x67,\
0x6C,0x77,0x7E,0x07,0x3E,0x65,0x6C,0x00,0x4D,0x03,0x7A,0x07,0x3E,0x65,0x09,0x71,\
0x00,0x0C,0x0A,0x37,0x7E,0x07,0x3E,0x65,0x6C,0x11,0x4D,0x03,0x7A,0x07,0x3E,0x65,\
0x09,0x71,0x00,0x0F,0x5E,0x34,0x00,0x07,0x7E,0x07,0x3E,0x47,0x5E,0x10,0xF8,0x4D,\
0x03,0x7A,0x07,0x3E,0x47,0x09,0xB1,0x00,0x0F,0x60,0x15,0x7E,0x73,0x02,0x56,0x0A,\
0x37,0x5E,0x34,0x00,0x3F,0x7E,0x07,0x3E,0x67,0x5E,0x10,0xC0,0x4D,0x03,0x80,0x0A,\
0x7E,0x07,0x3E,0x67,0x5E,0x10,0xC0,0x4E,0x10,0x01,0x7A,0x07,0x3E,0x67,0x7E,0x07,\
0x3E,0xB5,0x5E,0x10,0xFC,0x7A,0x07,0x3E,0xB5,0x09,0xB1,0x00,0x10,0x60,0x17,0x7E,\
0x73,0x23,0xA6,0x0A,0x27,0x5E,0x24,0x00,0x03,0x7E,0x37,0x3E,0xB5,0x5E,0x70,0xFC,\
0x4D,0x32,0x7A,0x37,0x3E,0xB5,0x22,0xCA,0x79,0x7D,0x42,0x7C,0x27,0x7C,0x3B,0x7E,\
0x04,0x37,0xFD,0x7E,0x34,0x38,0x11,0x7E,0x24,0x23,0xE8,0x7E,0x49,0xA0,0xBE,0xA0,\
0x20,0x68,0x04,0x4C,0xAA,0x78,0x0A,0x7E,0x29,0xB0,0x54,0x7F,0x7A,0x29,0xB0,0x80,\
0x59,0xBE,0xA0,0x10,0x68,0x54,0x0B,0x08,0xF0,0x0B,0x38,0xE0,0x7E,0xB3,0x3E,0xF4,\
0x30,0xE1,0x19,0x30,0xE0,0x0C,0x7E,0x57,0x3E,0xD7,0x9D,0x5E,0x7D,0xE5,0x1B,0xE4,\
0x80,0x0A,0x7E,0x57,0x3E,0xD5,0x9D,0x5F,0x7D,0xF5,0x1B,0xF4,0x7D,0x5F,0x1A,0x5A,\
0x5E,0x54,0x00,0x07,0x3E,0x54,0x3E,0x54,0x3E,0x54,0x3E,0x54,0x7C,0xAB,0x4E,0xA0,\
0x80,0x7D,0x7E,0x1A,0x7E,0x7C,0xBF,0x54,0x07,0x4C,0xBA,0x7A,0x29,0xB0,0x7D,0x5F,\
0x19,0xB2,0x00,0x01,0x7D,0x5E,0x19,0xB2,0x00,0x02,0x0B,0x44,0x0B,0x26,0x0B,0x05,\
0x0B,0x35,0x1B,0x30,0xA5,0xBB,0x00,0x83,0x6C,0x33,0x7E,0xA0,0x01,0xE4,0x80,0x12,\
0x7E,0x49,0x70,0x0A,0x07,0x5E,0x04,0x00,0x13,0x68,0x02,0x4C,0x3A,0x3E,0xA0,0x0B,\
0x44,0x04,0xBC,0x2B,0x38,0xEA,0x7A,0x33,0x23,0xE7,0xDA,0x79,0x22,0x7C,0xA7,0x7C,\
0x5B,0x6D,0x33,0x6D,0x00,0x7C,0x4B,0xE5,0x49,0xB4,0x03,0x07,0xA5,0xBD,0x10,0x03,\
0x7E,0x40,0x04,0xA5,0xBC,0x01,0x04,0x7D,0x13,0x80,0x78,0xA5,0xBC,0x10,0x06,0x7E,\
0x14,0x03,0x9C,0x80,0x6E,0xA5,0xBC,0x40,0x05,0x7E,0x18,0x01,0xD6,0x22,0x7E,0x37,\
0x80,0x02,0x0A,0x36,0x1E,0x34,0x5E,0x34,0x00,0x01,0x68,0x0E,0xA5,0xBC,0x04,0x07,\
0x7E,0x11,0x45,0xAC,0x1A,0x80,0x48,0x9F,0x11,0x22,0xA5,0xBC,0x02,0x0B,0x7E,0x11,\
0x45,0xAC,0x1A,0x2E,0x07,0x02,0x6A,0x80,0x36,0xA5,0xBC,0x04,0x0B,0x7E,0x11,0x45,\
0xAC,0x1A,0x2E,0x07,0x02,0x5E,0x80,0x27,0xA5,0xBC,0x80,0x0B,0x7E,0x11,0x47,0xAC,\
0x1A,0x2E,0x07,0x23,0xA8,0x80,0x18,0xA5,0xBC,0x08,0x0B,0x7E,0x11,0x4A,0xAC,0x1A,\
0x2E,0x07,0x02,0x66,0x80,0x09,0xA5,0xBC,0x20,0x05,0x7E,0x18,0x01,0xDE,0x22,0x7D,\
0x10,0x0B,0x16,0xE5,0x49,0xB4,0x03,0x10,0xA5,0xBD,0x10,0x0C,0xE5,0x4B,0x0A,0x3B,\
0xE5,0x48,0x0A,0x0B,0x2D,0x03,0x2D,0x10,0x3E,0x14,0x7E,0x18,0x80,0x00,0x2D,0x31,\
0x22,0xCA,0xF8,0x7C,0xFB,0xE5,0xE1,0xBE,0xB0,0x06,0x50,0x03,0x02,0xA3,0xBE,0x7E,\
0x34,0x36,0x44,0x12,0xAE,0xFC,0x70,0x03,0x02,0xA3,0xBE,0x7E,0x14,0x36,0x42,0x7E,\
0x04,0x00,0x01,0x7E,0x24,0x00,0xC1,0x7E,0x34,0x40,0x00,0x12,0x8C,0x36,0x4C,0xFF,\
0x68,0x39,0x7E,0x37,0x36,0x42,0x5E,0x70,0xE0,0x7A,0x37,0x36,0x42,0x7E,0xB3,0x3E,\
0xD2,0x20,0xE2,0x06,0x7E,0x73,0x36,0x44,0x80,0x04,0x7E,0x73,0x36,0x45,0x0A,0x37,\
0x4E,0x37,0x36,0x42,0x7A,0x37,0x36,0x42,0x7E,0x14,0x36,0x42,0x7E,0x04,0x00,0x01,\
0x7E,0x24,0x00,0xC1,0x6D,0x33,0x12,0x8C,0x36,0x80,0x43,0x7E,0x27,0x36,0x42,0x7D,\
0x32,0x5E,0x34,0x00,0x1F,0x7E,0xB3,0x3E,0xD2,0xC4,0x23,0x54,0x07,0x0A,0x1B,0x2D,\
0x31,0xBE,0x34,0x00,0x1F,0x28,0x04,0x7E,0x34,0x00,0x1F,0x5E,0x50,0xE0,0x7A,0x27,\
0x36,0x42,0x4E,0x37,0x36,0x42,0x7A,0x37,0x36,0x42,0x7E,0x14,0x36,0x42,0x7E,0x04,\
0x00,0x01,0x7E,0x24,0x00,0xC1,0x6D,0x33,0x12,0x8C,0x36,0x12,0xDD,0xA8,0xDA,0xF8,\
0x22,0xCA,0x3B,0x7D,0x12,0x7D,0x73,0x7E,0x1F,0x02,0xBB,0x59,0x71,0x00,0x04,0x0B,\
0x1A,0x00,0x1B,0x18,0x00,0x0B,0x1A,0x60,0x0B,0x64,0x1E,0x64,0x7D,0x06,0x2D,0x07,\
0x59,0x01,0x00,0x06,0x69,0x01,0x00,0x02,0x59,0x01,0x00,0x02,0x69,0x01,0x00,0x04,\
0x59,0x01,0x00,0x08,0x69,0x11,0x00,0x02,0x0B,0x14,0x1E,0x14,0x2D,0x61,0x2E,0x34,\
0x00,0x06,0x7A,0x1F,0x35,0x4B,0x7E,0x24,0x35,0x49,0x7E,0x34,0x80,0x00,0x12,0xBC,\
0xE8,0x5E,0xE0,0x3F,0x4E,0xE0,0x80,0x0A,0x5E,0xF5,0xB5,0x7C,0xBF,0xF5,0xB4,0xA9,\
0x35,0xB3,0xFC,0xA9,0x36,0xB3,0xFC,0xE5,0xB4,0x0A,0x3B,0x7A,0x37,0x38,0x75,0x80,\
0x2B,0x7E,0x1F,0x35,0x4B,0x0B,0x1A,0x30,0x0A,0x56,0xF5,0xB5,0x7C,0xB7,0xF5,0xB4,\
0xA9,0x35,0xB3,0xFC,0xA9,0x36,0xB3,0xFC,0xE5,0xB4,0x0A,0x3B,0x7A,0x37,0x38,0x75,\
0x7E,0x1F,0x35,0x4B,0x0B,0x35,0x7A,0x1F,0x35,0x4B,0x1B,0x64,0x4D,0x66,0x78,0xD1,\
0x7E,0x24,0x35,0x49,0x7E,0x34,0x80,0x00,0x12,0xC9,0xF0,0xDA,0x3B,0x22,0xCA,0x79,\
0x6C,0xFF,0x12,0xC7,0x40,0x13,0x92,0x02,0x20,0x0D,0x61,0x12,0xB1,0xB0,0x7C,0xFB,\
0x7E,0xB3,0x23,0xE6,0x60,0x03,0x02,0xA5,0x16,0x12,0xE1,0x58,0x7C,0x7B,0x7E,0xB3,\
0x23,0x46,0x7E,0x27,0x37,0xFD,0x7E,0x17,0x38,0x11,0x12,0xC3,0x52,0x60,0x77,0x24,\
0x4C,0x68,0x18,0x1B,0xB2,0x68,0x18,0x1B,0xB2,0x68,0x18,0x24,0xF4,0x68,0x18,0x24,\
0xD7,0x68,0x18,0x24,0x41,0x78,0x1A,0x74,0x04,0x80,0x12,0x74,0x05,0x80,0x0E,0x74,\
0x06,0x80,0x0A,0x74,0x07,0x80,0x06,0x74,0x09,0x80,0x02,0x74,0x0A,0x7A,0xB3,0x23,\
0xE6,0x7E,0xB3,0x23,0xE6,0x60,0x3F,0x4E,0xF0,0x01,0x80,0x3A,0x12,0xE1,0x58,0x7C,\
0x7B,0x7E,0xB3,0x23,0x46,0x7E,0x27,0x37,0xFD,0x7E,0x17,0x38,0x11,0x12,0xC3,0x52,\
0x7C,0xEB,0x12,0xD3,0xC1,0x72,0x02,0x92,0x02,0x20,0x00,0x0B,0x4C,0xEE,0x68,0x07,\
0x7A,0xE3,0x02,0x62,0x7E,0xF0,0x01,0x30,0x00,0x03,0x7E,0xF0,0x01,0x4C,0xFF,0x68,\
0x05,0xA2,0x02,0xD3,0x92,0x02,0x7C,0xBF,0xDA,0x79,0x22,0x75,0xC0,0xFB,0xE5,0xF2,\
0xF5,0x53,0xE5,0x53,0x30,0xE5,0x10,0x20,0x0E,0x0D,0xA9,0x31,0xF4,0x09,0x12,0xDB,\
0x32,0x75,0xF3,0x02,0x75,0xF2,0xDF,0xE5,0x53,0x30,0xE4,0x10,0x30,0x0E,0x0D,0xA9,\
0x30,0xF4,0x09,0x12,0xC5,0xAC,0x75,0xF3,0x01,0x75,0xF2,0xEF,0xE5,0x53,0x30,0xE3,\
0x1B,0x30,0x0E,0x09,0x12,0xC5,0xAC,0x80,0x0E,0x80,0x02,0x00,0x00,0x75,0xF4,0x04,\
0xE5,0xF4,0xC4,0x54,0x0F,0x78,0xF4,0xC2,0x0F,0x75,0xF2,0xF7,0xE5,0x53,0x30,0xE6,\
0x1E,0x30,0x0E,0x03,0x12,0xC5,0xAC,0xC2,0x0E,0x75,0x4F,0x00,0xE5,0x56,0x12,0xCA,\
0xCC,0x12,0xDB,0x32,0xE5,0x56,0x12,0xDF,0x2A,0x75,0xF3,0x02,0x75,0xF2,0xBF,0xE5,\
0x53,0x30,0xE7,0x1C,0x80,0x02,0x00,0x00,0x75,0xF4,0x04,0xE5,0xF4,0xC4,0x54,0x0F,\
0x78,0xF4,0xD2,0x0E,0xD2,0x0F,0xD2,0x10,0xF5,0x4F,0x75,0xF3,0x01,0x75,0xF2,0x7F,\
0xE5,0x53,0x30,0xE1,0x06,0x75,0xF2,0xFD,0x75,0xF4,0x04,0xE5,0x53,0x30,0xE0,0x06,\
0x75,0xF2,0xFE,0x75,0xF4,0x04,0x22,0x7C,0xAB,0xBE,0xA0,0x01,0x78,0x03,0x02,0xA6,\
0x6C,0xE4,0x7A,0xB3,0x2D,0x9B,0xBE,0xA0,0x02,0x68,0x03,0x02,0xA6,0x72,0x7E,0xB3,\
0x2E,0xFB,0x20,0xE2,0x03,0x02,0xA6,0x72,0x7E,0xF4,0x2D,0x9C,0x7D,0x4F,0x2E,0x44,\
0x00,0x0E,0x7E,0x63,0x31,0x11,0x7E,0x73,0x31,0x10,0x7E,0xF9,0x10,0xBE,0x10,0x00,\
0x28,0x02,0x1B,0x10,0x09,0x3F,0x00,0x01,0x0A,0xE7,0x1B,0xE4,0x0A,0x53,0xBD,0x5E,\
0x58,0x02,0x0B,0x30,0x7E,0x49,0x40,0xBE,0x40,0x00,0x28,0x02,0x1B,0x40,0x09,0x24,\
0x00,0x01,0x0A,0x52,0xBD,0x5E,0x58,0x02,0x0B,0x20,0x09,0x5F,0x00,0x02,0xBE,0x50,\
0x00,0x28,0x02,0x1B,0x50,0x09,0x7F,0x00,0x03,0x0A,0xF6,0x1B,0xF4,0x0A,0x57,0xBD,\
0x5F,0x58,0x02,0x0B,0x70,0x09,0xA4,0x00,0x02,0xBE,0xA0,0x00,0x28,0x02,0x1B,0xA0,\
0x09,0x64,0x00,0x03,0x0A,0x46,0xBD,0x4F,0x58,0x02,0x0B,0x60,0xBC,0x21,0x40,0x0C,\
0xBC,0x43,0x38,0x08,0xBC,0x65,0x40,0x04,0xBC,0xA7,0x28,0x06,0x74,0x01,0x7A,0xB3,\
0x2D,0x9B,0x22,0xCA,0x3B,0x7C,0xA7,0x7C,0xFB,0x9F,0x11,0x7A,0x37,0x34,0xF3,0x4C,\
0xAA,0x68,0x08,0x7E,0x34,0x3F,0x92,0x7A,0x37,0x34,0xF3,0x74,0x40,0x7A,0xB3,0x34,\
0xF5,0xBE,0xF0,0x00,0x28,0x0C,0x74,0x0C,0xAC,0xBF,0x09,0x75,0x3D,0xA8,0x7A,0x73,\
0x34,0xF5,0x74,0x02,0x6C,0x77,0x12,0xC2,0x9E,0x7A,0x37,0x34,0xF1,0x7E,0xC1,0x43,\
0x7E,0xD1,0x44,0x7E,0xE1,0x45,0x7E,0x27,0x34,0xF3,0x7E,0xB3,0x34,0xF5,0x7C,0x3C,\
0x7C,0x2D,0x7E,0x10,0x01,0x7C,0x0E,0x12,0xA7,0x1E,0xBE,0xF0,0x00,0x28,0x4C,0x74,\
0x10,0x6C,0x77,0x12,0xC2,0x9E,0x7A,0x37,0x34,0xF1,0x74,0x0C,0xAC,0xBF,0x09,0x75,\
0x3D,0xAB,0x7A,0x73,0x34,0xF5,0xE5,0x49,0xB4,0x03,0x13,0x7E,0xC1,0x42,0x7E,0xD3,\
0x02,0x5D,0x4C,0xDD,0x68,0x03,0x7E,0xD0,0x01,0x7E,0xE1,0x45,0x80,0x09,0x7E,0xC0,\
0x01,0x7E,0xD1,0x42,0x7E,0xE0,0x01,0x7E,0x37,0x34,0xF1,0x7E,0xB3,0x34,0xF5,0x7C,\
0x5C,0x7C,0x4D,0x7E,0x30,0x01,0x7C,0x2E,0x12,0xC4,0xB4,0xDA,0x3B,0x22,0xCA,0x3B,\
0x7C,0x90,0x7C,0x81,0x7C,0xF2,0x7C,0xE3,0x7C,0xAB,0x7D,0x12,0x7D,0x03,0xBE,0xA0,\
0x40,0x28,0x03,0x7E,0xA0,0x40,0x7C,0x7E,0x7C,0x6F,0x1A,0x28,0x1A,0x49,0x7E,0xF4,\
0x00,0x01,0x7A,0xF7,0xFF,0x8A,0x6C,0xFF,0x02,0xA7,0xBF,0x6C,0xEE,0x4D,0x11,0x68,\
0x05,0x7E,0x19,0xE0,0x0B,0x14,0x7D,0xF0,0x7D,0xE2,0x3E,0xE4,0x2D,0x0E,0x0A,0xEE,\
0x4C,0xEE,0x78,0x09,0xBE,0xA0,0x40,0x68,0x54,0x7E,0xE4,0x01,0x00,0x0A,0xDA,0x4E,\
0xD4,0x05,0x00,0x7A,0xD7,0xFF,0x88,0x7A,0xE7,0xFF,0x80,0x00,0x00,0x00,0x00,0x00,\
0x7E,0xD7,0xFF,0x84,0x7D,0x6D,0x7C,0xED,0xE4,0x80,0x28,0x0A,0xDE,0x4E,0xD4,0x07,\
0x00,0x7A,0xD7,0xFF,0x88,0x0B,0xF8,0xD0,0x7A,0xD7,0xFF,0x80,0x00,0x00,0x00,0x00,\
0x00,0x7E,0xD7,0xFF,0x84,0x1B,0xF8,0xD0,0x7D,0xD4,0x3E,0xD4,0x2D,0xFD,0x7E,0xB3,\
0x34,0xF6,0x04,0x7A,0xB3,0x34,0xF6,0xBE,0x63,0x34,0xF6,0x18,0xCE,0x0B,0xF0,0xBC,\
0x7F,0x08,0x03,0x02,0xA7,0x4B,0xDA,0x3B,0x22,0xCA,0xF8,0x12,0xE0,0x3F,0x70,0x11,\
0x7E,0xB3,0x03,0xEC,0x70,0x03,0x02,0xA8,0x70,0x74,0x01,0x12,0xA0,0x38,0x02,0xA8,\
0x70,0x7E,0xA3,0x04,0x46,0x0A,0x3A,0x09,0xF3,0x04,0x47,0xE5,0x51,0x70,0x43,0x7E,\
0xB3,0x03,0xEE,0x70,0x3D,0xE5,0x52,0x60,0x15,0x7C,0xBA,0x14,0x7E,0x34,0xA6,0x80,\
0x12,0x73,0x87,0xBE,0x34,0x00,0x00,0x58,0x0D,0x7E,0xF0,0x40,0x80,0x08,0xBE,0xF0,\
0x01,0x78,0x03,0x7E,0xF0,0x80,0x7E,0xB3,0x03,0xF4,0x04,0x7A,0xB3,0x03,0xF4,0x7E,\
0x73,0x03,0xF4,0xBE,0x70,0x80,0x28,0x11,0x7E,0x73,0x3F,0x34,0x7A,0x73,0x04,0x45,\
0x80,0x07,0xBE,0xF0,0x01,0x78,0x02,0x6C,0xFF,0x7E,0x73,0x04,0x46,0x0A,0x37,0x19,\
0xF3,0x04,0x47,0x7E,0x73,0x03,0xE9,0x4C,0x77,0x68,0x25,0x7E,0x63,0x04,0x46,0xBE,\
0x63,0x03,0xE9,0x68,0x1B,0x7A,0x73,0x04,0x46,0x7E,0xA3,0x04,0x46,0x0A,0x3A,0x09,\
0xB3,0x04,0x47,0xB4,0x80,0x0A,0x7C,0xBA,0x14,0x7E,0x34,0xA6,0x80,0x12,0x82,0xCB,\
0xDA,0xF8,0x22,0xCA,0x3B,0x7C,0xF7,0x7C,0xEB,0x7E,0x24,0x36,0x4F,0x6D,0x33,0x12,\
0xBC,0xE8,0x4C,0xFF,0x68,0x03,0x20,0x11,0x06,0x7E,0xC3,0x23,0xE4,0x80,0x04,0x7E,\
0xC3,0x3F,0x2E,0x1B,0xE1,0x68,0x1F,0x1B,0xE1,0x68,0x1B,0x2E,0xE0,0xF3,0x68,0x0A,\
0x1B,0xE0,0x68,0x0C,0x80,0x00,0x6C,0xDD,0x80,0x10,0x7E,0xD3,0x3E,0xE2,0x80,0x0A,\
0x7E,0xD3,0x3E,0xDF,0x80,0x04,0x7E,0xD3,0x03,0xB2,0x5E,0xD0,0x0F,0x0A,0x2C,0x7E,\
0x37,0x3E,0x51,0x7D,0x13,0x6C,0x22,0xBD,0x21,0x78,0x16,0x0A,0x0D,0x7E,0x17,0x02,\
0xDE,0x1E,0x14,0x1E,0x14,0x1E,0x14,0x1E,0x14,0x5E,0x14,0x00,0x0F,0xBD,0x01,0x68,\
0x2A,0x6C,0x44,0x6C,0x77,0x4D,0x32,0x7A,0x37,0x3E,0x51,0xD2,0x29,0xE4,0x12,0xCC,\
0x30,0xE4,0x12,0xCA,0x3A,0x7C,0xBD,0x12,0xC9,0x0F,0x7E,0x14,0x3E,0x4F,0x7E,0x04,\
0x00,0x02,0x7E,0x24,0x00,0x0E,0x6D,0x33,0x12,0x8C,0x36,0x7E,0x24,0x36,0x4F,0x6D,\
0x33,0x12,0xC9,0xF0,0xDA,0x3B,0x22,0x74,0x01,0x6C,0x77,0x12,0xC2,0x9E,0x69,0x51,\
0x00,0x06,0x5E,0x54,0x00,0x0F,0x7E,0x34,0x23,0xAA,0x12,0xCE,0x0D,0x70,0x02,0xE4,\
0x22,0x7E,0xA3,0x23,0xB5,0xBE,0xA3,0x23,0xE3,0x68,0x02,0xE4,0x22,0xC2,0x14,0xBE,\
0xA3,0x02,0xB9,0x68,0x11,0x7E,0x34,0x23,0xAA,0x12,0x55,0x21,0x7E,0x73,0x23,0xB5,\
0x7A,0x73,0x02,0xB9,0xD2,0x14,0x7E,0x70,0x01,0x7E,0xB3,0x02,0x5D,0x60,0x0F,0x7E,\
0x70,0x05,0xE5,0x49,0xB4,0x03,0x07,0xE5,0x42,0x60,0x03,0x7E,0x70,0x15,0x7E,0x57,\
0x80,0x02,0x0A,0x5A,0xC4,0x7D,0x25,0x5E,0x24,0x00,0x01,0x78,0x2C,0x7E,0xB3,0x02,\
0xC0,0x60,0x07,0xE5,0x44,0x60,0x03,0x4E,0x70,0x02,0x7E,0xB3,0x23,0xA7,0x60,0x03,\
0x4E,0x70,0x80,0x7E,0xB3,0x02,0x65,0x60,0x03,0x4E,0x70,0x08,0x7E,0xB3,0x23,0xB9,\
0x60,0x07,0xE5,0x42,0x60,0x03,0x4E,0x70,0x10,0x7A,0x73,0x02,0xE1,0x7E,0x73,0x02,\
0xB9,0x7A,0x73,0x02,0x5C,0x74,0x01,0x22,0x12,0x8F,0x02,0x7C,0x7B,0xE4,0x7E,0xA3,\
0x2F,0x12,0xBC,0xA7,0x28,0x02,0x74,0x01,0x7E,0xA3,0x26,0x2A,0xBE,0xA0,0x00,0x48,\
0x0B,0x60,0x05,0x2E,0xA0,0x08,0x80,0x0D,0x6C,0xAA,0x80,0x09,0x70,0x04,0x0B,0xA2,\
0x80,0x03,0x7E,0xA0,0x80,0x7E,0xB3,0x25,0xC6,0x60,0x06,0x7E,0xB3,0x25,0xC5,0x70,\
0x02,0x6C,0xAA,0x7A,0xA3,0x26,0x2A,0x6C,0x77,0x7E,0x63,0x2F,0x11,0x5E,0x60,0x7F,\
0xBE,0xA0,0x00,0x58,0x49,0x4C,0x66,0x68,0x45,0x7E,0x73,0x25,0xD3,0x0A,0x17,0xBE,\
0x14,0x00,0x40,0x28,0x04,0x7E,0x14,0x00,0x40,0x7E,0x04,0x00,0x40,0x9D,0x01,0x7D,\
0x10,0x3E,0x14,0x3E,0x14,0x0A,0x36,0xAD,0x31,0x7E,0x24,0x01,0x00,0x9D,0x21,0x2D,\
0x32,0x2E,0x34,0x00,0x80,0x0A,0x36,0x7E,0xB3,0x26,0x29,0xBC,0xB7,0x28,0x0F,0x7E,\
0x60,0x07,0xAC,0xB6,0x0A,0x37,0x2D,0x35,0x1E,0x34,0x1E,0x34,0x1E,0x34,0x7A,0x73,\
0x26,0x29,0x02,0x8E,0x1A,0xCA,0xF8,0x7C,0xFB,0x6D,0x33,0x7A,0x37,0x26,0x8C,0x7A,\
0x37,0x26,0xB8,0x7A,0x37,0x26,0xBA,0xE4,0x7A,0xB3,0x25,0xD1,0x7A,0x37,0x25,0xE5,\
0x7A,0x37,0x25,0xE7,0x7A,0x37,0x25,0xE3,0x7A,0x37,0x25,0xE9,0x7A,0x37,0x25,0xEB,\
0x7A,0xB3,0x25,0xD2,0x7A,0x37,0x25,0xC1,0x7A,0x37,0x25,0xC3,0x74,0xC8,0x7A,0xB3,\
0x25,0xCB,0x74,0x01,0x7A,0xB3,0x25,0xC9,0xE4,0x7A,0xB3,0x25,0xC8,0x7A,0x37,0x25,\
0xF5,0x74,0x06,0x7A,0xB3,0x25,0xD3,0xE4,0x7A,0xB3,0x25,0xF7,0x7A,0xB3,0x25,0xF8,\
0x7A,0xB3,0x25,0xED,0x7E,0x37,0x25,0x13,0x7E,0x24,0x05,0xA0,0x12,0xDF,0x15,0x7E,\
0x34,0x25,0x15,0x7E,0x24,0x00,0x24,0x12,0xDF,0x15,0x7E,0x34,0x25,0x39,0x7E,0x24,\
0x00,0x24,0x12,0xDF,0x15,0x4C,0xFF,0x68,0x11,0x6D,0x33,0x7A,0x37,0x25,0xBD,0x7E,\
0x37,0x25,0x11,0x7E,0x24,0x05,0xA0,0x12,0xDF,0x15,0xDA,0xF8,0x22,0xCA,0x3B,0x7C,\
0xFB,0x7D,0x43,0x7E,0x73,0x2E,0x9D,0x1E,0x70,0x0A,0xF7,0x7D,0xEF,0x3E,0xE4,0x3E,\
0xE4,0x3E,0xE4,0x7E,0xE3,0x2E,0xD5,0x4C,0xEE,0x68,0x77,0x7E,0xD0,0x01,0x7E,0x73,\
0x2E,0xD4,0x7C,0xA7,0x5E,0xA0,0x7F,0x9C,0xFA,0x7C,0xB7,0x30,0xE7,0x0D,0x7E,0xD0,\
0xFF,0x1A,0x3F,0x1B,0x34,0x3E,0x34,0x2D,0x43,0x80,0x06,0x1A,0x5A,0x3E,0x54,0x2D,\
0x45,0x6D,0xDD,0x6C,0xCC,0x80,0x47,0x0B,0x48,0xC0,0xBE,0xC4,0xF0,0x81,0x08,0x19,\
0x1A,0xBC,0xAD,0xBD,0x0E,0xB4,0x0E,0xB4,0xBE,0xB4,0x0F,0x7F,0x08,0x04,0x7E,0xB4,\
0x0F,0x7F,0x7D,0x5C,0x9D,0x5B,0x1B,0x48,0x50,0xBD,0xFC,0x58,0x19,0xBD,0xEC,0x58,\
0x02,0x7D,0xCE,0x7D,0x3C,0x1A,0x26,0x1A,0x24,0x0A,0x1E,0x6D,0x00,0x12,0x8B,0x70,\
0x7C,0x76,0x7C,0x65,0x2D,0xD3,0x1A,0x5D,0x3E,0x54,0x2D,0x45,0x0B,0xC0,0xBC,0xFC,\
0x18,0xB5,0xDA,0x3B,0x22,0x75,0xBB,0x00,0x75,0xA8,0x00,0x75,0xE8,0x00,0xE4,0x7A,\
0xB3,0x02,0x64,0x7A,0xB3,0x23,0xA2,0x12,0xD2,0x1C,0x12,0xDA,0x48,0x75,0xBB,0x00,\
0x12,0xE1,0xA9,0x75,0xBB,0x00,0x75,0xBB,0x00,0x53,0xA8,0x7F,0xC2,0x25,0x12,0x6C,\
0x2F,0x12,0xE3,0x66,0x12,0x3F,0xA5,0xE4,0x7A,0xB3,0x03,0x9B,0x12,0xD8,0x22,0x20,\
0x0D,0x03,0x12,0x76,0x4F,0x12,0xDD,0x2B,0x75,0xBB,0x00,0x12,0xDE,0x4F,0x12,0xD8,\
0x49,0x75,0xBB,0x00,0x12,0xD7,0xAB,0x75,0xBB,0x00,0x75,0xA8,0x00,0x00,0x00,0x7E,\
0xB3,0x24,0x14,0xF5,0xE8,0x7E,0xB3,0x02,0xE2,0xF5,0xA8,0x75,0xBB,0x00,0x12,0xB9,\
0x0B,0x12,0xB6,0x3C,0x20,0x25,0xAF,0x12,0xDE,0xC1,0x70,0x05,0x12,0xDA,0x8C,0x80,\
0xEA,0x12,0xD7,0x58,0x60,0xE5,0x12,0xE2,0x22,0x20,0x01,0x08,0x12,0xDD,0x44,0x12,\
0xBD,0x50,0x80,0xD7,0x30,0x01,0xD4,0x12,0xE2,0x96,0x80,0xCF,0xCA,0x79,0x7C,0xAB,\
0x7D,0x13,0xBE,0xA0,0x01,0x78,0x74,0xBE,0x14,0x00,0x20,0x50,0x6E,0xBE,0x14,0x00,\
0x09,0x78,0x0E,0x7E,0x29,0xB0,0x7A,0xB3,0x03,0x98,0x60,0x72,0x12,0xAE,0x6C,0x80,\
0x6D,0xBE,0x14,0x00,0x02,0x78,0x4B,0x7E,0x29,0xF0,0x7C,0xBF,0xC4,0x7C,0xEB,0x5E,\
0xE0,0x0F,0x5E,0xF0,0x0F,0xBE,0xE0,0x0C,0x38,0x1B,0xBE,0xF0,0x0C,0x38,0x16,0x4C,\
0xEE,0x78,0x02,0x6C,0xFF,0xA2,0x01,0xE4,0x33,0xB4,0x01,0x0F,0x7C,0xBE,0x7C,0x7F,\
0x12,0xB2,0xBE,0x80,0x06,0x7E,0xE0,0x0F,0x7E,0xF0,0x0F,0x7A,0xE3,0x23,0x44,0x7A,\
0xF3,0x23,0x45,0x7C,0xBE,0xC4,0x54,0xF0,0x7C,0x7B,0x4C,0x7F,0x7A,0x73,0x03,0x91,\
0x80,0x1C,0x7E,0x29,0x70,0x19,0x71,0x03,0x8F,0x80,0x13,0x0A,0x3A,0xCA,0x39,0x7D,\
0x32,0x6D,0x22,0x2E,0x14,0x00,0x00,0x6D,0x00,0x12,0xD9,0xBE,0x1B,0xFD,0xDA,0x79,\
0x22,0xCA,0xF8,0x7D,0xF1,0x7D,0x42,0x7C,0x37,0x7A,0xB3,0x38,0x25,0x7A,0x73,0x38,\
0x26,0x7A,0x63,0x38,0x4D,0x4D,0x42,0x78,0x18,0x6C,0xFF,0x6C,0x22,0x80,0x08,0x0A,\
0x5F,0x19,0x25,0x38,0x27,0x0B,0xF0,0x7E,0x73,0x38,0x4D,0xBC,0x7F,0x38,0xF0,0x80,\
0x1B,0x6C,0xFF,0x80,0x0F,0x0A,0x5F,0x7D,0xE5,0x2D,0xE4,0x7E,0xE9,0x20,0x19,0x25,\
0x38,0x27,0x0B,0xF0,0x7E,0x23,0x38,0x4D,0xBC,0x2F,0x38,0xE9,0x7A,0xF7,0x38,0x43,\
0x7E,0x23,0x38,0x4D,0x0A,0x22,0x7D,0x30,0x8D,0x32,0x7A,0x37,0x38,0x4B,0x0A,0x23,\
0x0B,0x24,0x0E,0x24,0x7A,0x53,0x38,0x45,0x7A,0x33,0x38,0x46,0x0A,0x33,0x2D,0x32,\
0x7A,0x73,0x38,0x47,0x3E,0x30,0x7A,0x33,0x38,0x48,0x6C,0xFF,0xBC,0x2F,0x28,0x04,\
0x74,0xFE,0x80,0x02,0x74,0xFF,0x0A,0x3F,0x19,0xB3,0x38,0x33,0x0B,0xF0,0xBE,0xF0,\
0x0C,0x40,0xE9,0xDA,0xF8,0x22,0xCA,0x79,0x7D,0x72,0x7D,0x23,0x7C,0xAB,0x7E,0xB3,\
0x36,0x73,0x70,0x03,0x02,0xAD,0xD7,0x4C,0xAA,0x78,0x03,0xE4,0x80,0x4E,0x7E,0xB3,\
0x36,0x72,0x70,0x14,0x6D,0x33,0x7A,0x37,0x36,0x77,0x7A,0x27,0x36,0x79,0x7A,0x77,\
0x36,0x7B,0x74,0x11,0x7A,0xB3,0x36,0x72,0x7E,0xB3,0x36,0x72,0xBE,0xB0,0x11,0x68,\
0x03,0xB4,0x20,0x53,0x7D,0x32,0x9E,0x37,0x36,0x79,0x12,0xE1,0x74,0x7E,0x53,0x36,\
0x74,0x0A,0x25,0xBD,0x32,0x50,0x13,0x7D,0x37,0x9E,0x37,0x36,0x7B,0x12,0xE1,0x74,\
0x7E,0x53,0x36,0x74,0x0A,0x25,0xBD,0x32,0x40,0x08,0x74,0x33,0x7A,0xB3,0x36,0x72,\
0x80,0x25,0x7E,0x37,0x36,0x75,0xBE,0x37,0x36,0x77,0x28,0x0C,0x7E,0x37,0x36,0x77,\
0x0B,0x34,0x7A,0x37,0x36,0x77,0x80,0x0F,0x74,0x20,0x7A,0xB3,0x36,0x72,0x74,0x07,\
0x12,0xE0,0xD3,0x7A,0xB3,0x36,0xAE,0xDA,0x79,0x22,0x30,0x05,0x12,0xE5,0xDD,0xC4,\
0x54,0x0F,0xBE,0xB0,0x01,0x40,0x08,0xE5,0xDE,0x7A,0xB3,0x23,0xE0,0xC2,0x05,0xE5,\
0xDD,0xC4,0x54,0x0F,0x68,0x75,0x12,0xE3,0x75,0x7E,0xB3,0x23,0xE0,0xB4,0xFF,0x18,\
0xE5,0xDD,0xC4,0x54,0x0F,0xB4,0x01,0x10,0xE5,0xDE,0x7A,0xB3,0x03,0xB1,0x7E,0xB3,\
0x24,0x16,0x04,0x7A,0xB3,0x24,0x16,0x22,0x80,0x4A,0x7E,0x73,0x24,0x16,0x0A,0x27,\
0x7E,0x73,0x23,0xE0,0x0A,0x37,0x2D,0x32,0xBE,0x34,0x00,0xF8,0x78,0x08,0xE5,0xDE,\
0x7A,0xB3,0x23,0xE1,0x80,0x25,0xBE,0x34,0x00,0xD0,0x40,0x14,0xBE,0x34,0x00,0xEF,\
0x38,0x0E,0xE5,0xDE,0x7D,0x23,0x9E,0x24,0x00,0xD0,0x19,0xB2,0x23,0x80,0x80,0x0B,\
0xE5,0xDE,0x19,0xB3,0x3C,0x1F,0x7C,0xB7,0x12,0x77,0xAB,0x7E,0xB3,0x24,0x16,0x04,\
0x7A,0xB3,0x24,0x16,0xE5,0xDD,0xC4,0x54,0x0F,0x78,0xAF,0x22,0xCA,0xF8,0x7C,0xFB,\
0x0B,0xFD,0x7E,0x73,0x03,0x98,0x4C,0x77,0x68,0x02,0x7C,0xF7,0xBE,0xF3,0x23,0xE3,\
0x68,0x75,0xE4,0x7A,0xB3,0x02,0x5C,0x74,0x01,0x7A,0xB3,0x23,0xA4,0xBE,0xF0,0x11,\
0x78,0x05,0x12,0xB4,0xC6,0x80,0x60,0xBE,0xF0,0x12,0x78,0x05,0x12,0xBA,0xD1,0x80,\
0x56,0x7F,0x1F,0x1B,0x34,0x7D,0x23,0x6D,0x33,0x12,0xBC,0xE8,0xC2,0x21,0xE4,0x12,\
0xCC,0x30,0xE4,0x12,0xCA,0x3A,0x7C,0xBF,0x1B,0xB1,0x68,0x0C,0x1B,0xB1,0x68,0x08,\
0x14,0x68,0x05,0x80,0x00,0x7E,0xF0,0x01,0x7C,0xBF,0x12,0x9C,0x80,0xC2,0x29,0x30,\
0x1A,0x0D,0xE4,0x7A,0xB3,0x03,0xAF,0x12,0xCF,0x52,0x74,0x01,0x12,0xCC,0x75,0x20,\
0x13,0x0A,0x74,0x01,0x12,0xCC,0x30,0x74,0x01,0x12,0xCA,0x3A,0x7F,0x1F,0x1B,0x34,\
0x7D,0x23,0x6D,0x33,0x12,0xC9,0xF0,0x1B,0xFD,0xDA,0xF8,0x22,0xCA,0x3B,0x7D,0x73,\
0xE4,0x7A,0xB3,0x36,0x46,0x7E,0x34,0x00,0x06,0x7E,0x24,0x55,0xAA,0x12,0xD7,0x2E,\
0x7E,0x34,0x00,0x06,0x7E,0x24,0xAA,0x55,0x12,0xD7,0x2E,0x7E,0x34,0x00,0x07,0x6D,\
0x22,0x12,0xD7,0x2E,0x7E,0x64,0x00,0x23,0x7D,0x36,0x12,0xCD,0x87,0x0A,0x3B,0x7A,\
0x37,0x36,0x47,0xBE,0x34,0x00,0x5A,0x78,0x2F,0x7D,0x36,0x1B,0x34,0x12,0xCD,0x87,\
0x0A,0x5B,0x7A,0x57,0x36,0x47,0x54,0x1F,0x7A,0x79,0xB0,0x7D,0x36,0x2E,0x34,0x00,\
0x03,0x12,0xCD,0x87,0x0A,0x5B,0x7A,0x57,0x36,0x47,0x54,0x1F,0x19,0xB7,0x00,0x01,\
0x74,0x01,0x7A,0xB3,0x36,0x46,0x80,0x0A,0x2E,0x64,0x00,0x08,0xBE,0x64,0x00,0x7B,\
0x38,0x06,0x7E,0xB3,0x36,0x46,0x60,0xB0,0x7E,0x34,0x00,0x06,0x6D,0x22,0x12,0xD7,\
0x2E,0x7E,0xB3,0x36,0x46,0xDA,0x3B,0x22,0xCA,0x3B,0x7C,0xF5,0x7C,0xEB,0x7D,0x13,\
0x7A,0x43,0x26,0x28,0x7E,0xB3,0x25,0xC9,0x60,0x76,0x7E,0x73,0x31,0x11,0x7A,0x73,\
0x34,0xF2,0x7D,0x61,0xE4,0x80,0x4B,0x7E,0x73,0x34,0xF1,0x1A,0x37,0x09,0x43,0x38,\
0x51,0x7E,0x50,0x28,0xAC,0x45,0x2E,0x24,0x31,0x19,0x7A,0x27,0x34,0xF5,0x7D,0x36,\
0x7C,0xBE,0x12,0xD4,0x24,0x7E,0xB3,0x34,0xF1,0x7E,0x08,0x34,0xF3,0x9F,0x11,0x12,\
0xD5,0x13,0x7D,0x36,0x7E,0x27,0x34,0xF3,0x7E,0xB3,0x31,0x10,0x7E,0x33,0x31,0x17,\
0x7E,0x07,0x25,0xBD,0x12,0xD9,0xE1,0x1A,0x3F,0x3E,0x34,0x2D,0x63,0x7E,0xB3,0x34,\
0xF1,0x04,0x7A,0xB3,0x34,0xF1,0x7E,0x73,0x34,0xF2,0xBE,0x73,0x34,0xF1,0x18,0xA7,\
0x7E,0x37,0x25,0xBD,0xBE,0x34,0x75,0x30,0x58,0x06,0x0B,0x34,0x7A,0x37,0x25,0xBD,\
0xDA,0x3B,0x22,0xCA,0xF8,0x7E,0x37,0x36,0xB4,0x7A,0x37,0x35,0x00,0x7E,0x37,0x36,\
0xB6,0x7A,0x37,0x35,0x02,0x74,0x01,0x7E,0x24,0x00,0x01,0x7D,0x32,0x7E,0x17,0x36,\
0xB8,0x7E,0x07,0x36,0xBA,0x12,0x8F,0xE6,0x7A,0xB3,0x37,0xA1,0x6C,0xFF,0xBE,0xF0,\
0x03,0x78,0x0C,0x7E,0x37,0x37,0x98,0xBE,0x34,0x00,0x0C,0x38,0x47,0x80,0x0A,0x7E,\
0x37,0x37,0xA2,0xBE,0x37,0x37,0x9C,0x38,0x3B,0xBE,0xF0,0x01,0x78,0x15,0x7C,0xBF,\
0x12,0xE0,0xC3,0x7C,0x7B,0x7E,0xB3,0x37,0xA1,0x12,0xD4,0x85,0xBE,0xB0,0x02,0x38,\
0x23,0x80,0x13,0x7C,0xBF,0x12,0xE0,0xC3,0x7C,0x7B,0x7E,0xB3,0x37,0xA1,0x12,0xD4,\
0x85,0xBE,0xB0,0x01,0x38,0x0E,0x0A,0x3F,0x2E,0x34,0x37,0xA4,0x7E,0x39,0xB0,0x44,\
0x01,0x7A,0x39,0xB0,0x0B,0xF0,0xBE,0xF0,0x09,0x40,0xA3,0xDA,0xF8,0x22,0xCA,0x3B,\
0x7C,0xFB,0x0B,0xFD,0x7F,0x1F,0x1B,0x34,0x7D,0x23,0x6D,0x33,0x12,0xBC,0xE8,0x7E,\
0xB3,0x23,0x47,0x04,0x7A,0xB3,0x23,0x47,0x7A,0xF3,0x23,0xC7,0x7E,0xB3,0x23,0x47,\
0x54,0x0F,0x7A,0xB3,0x23,0xC5,0x7E,0x73,0x23,0x47,0x0A,0x67,0x5E,0x64,0x00,0x01,\
0x7E,0x74,0x00,0x1B,0xAD,0x76,0x2E,0x74,0x23,0x48,0x6D,0x66,0x7E,0x34,0x00,0x1B,\
0xCA,0x39,0x7E,0x18,0x23,0xC5,0x7F,0x03,0x12,0xD9,0xBE,0x1B,0xFD,0x7E,0x3B,0x70,\
0x0A,0x27,0x5E,0x24,0x00,0x0F,0x7C,0x45,0x6C,0x55,0x7E,0x37,0x3E,0x71,0x5E,0x60,\
0xF0,0x4D,0x32,0x7A,0x37,0x3E,0x71,0x7E,0x14,0x3E,0x71,0x7E,0x04,0x00,0x01,0x7E,\
0x24,0x00,0x1F,0x6D,0x33,0x12,0x8C,0x36,0x7F,0x1F,0x1B,0x34,0x7D,0x23,0x6D,0x33,\
0x12,0xC9,0xF0,0x1B,0xFD,0xDA,0x3B,0x22,0xCA,0x3B,0x7C,0xDB,0x7E,0x34,0xA6,0x80,\
0x7A,0x37,0x34,0xF5,0x6C,0xCC,0x80,0x50,0x7E,0xF0,0x02,0xAC,0xFC,0x74,0x02,0x6C,\
0x77,0x12,0xC2,0x9E,0x2D,0x37,0x7A,0x37,0x34,0xF3,0xE4,0x80,0x2C,0x7E,0x37,0x34,\
0xF3,0x0B,0x38,0x20,0x7E,0x37,0x34,0xF5,0x1B,0x38,0x20,0x7E,0x37,0x34,0xF5,0x0B,\
0x35,0x7A,0x37,0x34,0xF5,0x7E,0x71,0x45,0x74,0x02,0xAC,0x7B,0x2E,0x37,0x34,0xF3,\
0x7A,0x37,0x34,0xF3,0x7E,0xB3,0x34,0xF2,0x04,0x7A,0xB3,0x34,0xF2,0x7E,0x73,0x34,\
0xF2,0xBE,0x71,0x44,0x40,0xC7,0x0B,0xC0,0xBE,0xC1,0x43,0x40,0xAB,0x7E,0x71,0x42,\
0x74,0x02,0xAC,0xB7,0xCA,0x59,0x74,0x10,0x6C,0x77,0x12,0xC2,0x9E,0x7E,0x30,0x08,\
0xAC,0x3D,0x2E,0x14,0x3D,0x26,0x6D,0x00,0x12,0xD9,0xBE,0x1B,0xFD,0xDA,0x3B,0x22,\
0xCA,0x79,0x7E,0xE1,0x42,0x7E,0x73,0x3E,0xD9,0x7A,0x73,0x37,0xE4,0x7E,0xB3,0x23,\
0x46,0xB4,0x01,0x19,0x6C,0xFF,0x80,0x0D,0x0A,0x3F,0x09,0xB3,0x37,0xEF,0xBE,0xB0,\
0x03,0x68,0x5C,0x0B,0xF0,0x7E,0x73,0x37,0xE4,0xBC,0x7F,0x38,0xEB,0x7E,0x73,0x37,\
0xE4,0x0A,0x37,0x2E,0x34,0x37,0xEF,0x6D,0x22,0x6C,0xFF,0x80,0x12,0x6C,0xAA,0xBE,\
0xF3,0x37,0xD2,0x78,0x03,0x7E,0xA0,0x01,0x7A,0x1B,0xA0,0x0B,0x34,0x0B,0xF0,0xBC,\
0xEF,0x38,0xEA,0x7E,0x34,0x37,0xEF,0x7C,0xBE,0x2E,0xB3,0x37,0xE4,0x12,0xC5,0xFD,\
0x7E,0xB3,0x37,0xE4,0x7C,0x7E,0x7E,0x24,0x37,0xC4,0x12,0xA1,0xA7,0x12,0xD4,0x55,\
0x7C,0xEB,0x12,0xDE,0xEB,0x0A,0x3B,0x4D,0x33,0x78,0x07,0x4C,0xEE,0x78,0x03,0xE4,\
0x80,0x02,0x74,0x01,0xDA,0x79,0x22,0x7C,0xAB,0x7D,0x43,0x7E,0x34,0xC1,0x00,0x7E,\
0x24,0x2D,0xB0,0x7E,0x29,0xB0,0xBC,0xBA,0x78,0x1A,0x0B,0x24,0xE4,0x80,0x0D,0x7E,\
0x29,0x10,0x0B,0x24,0x1A,0x1B,0x2D,0x13,0x7A,0x19,0x10,0x04,0x7E,0x33,0x31,0x10,\
0xBC,0x3B,0x38,0xEB,0x7E,0x43,0x31,0x10,0x7E,0x53,0x25,0xF7,0x0A,0x15,0x4C,0xAA,\
0x78,0x06,0x7E,0x53,0x2F,0x09,0x80,0x12,0x7E,0x53,0x31,0x11,0x0A,0xF5,0x1B,0xF4,\
0x1A,0x0A,0xBD,0x0F,0x78,0x08,0x7E,0x53,0x2F,0x0A,0x1A,0x05,0x2D,0x10,0xBE,0x14,\
0x00,0x00,0x18,0x04,0x7E,0x14,0x00,0x01,0x7E,0x53,0x25,0xF8,0x1A,0x04,0x7A,0x07,\
0xFF,0x52,0x7C,0xA3,0xE4,0x1A,0x25,0x4D,0x25,0x7A,0x27,0xFF,0x54,0x7A,0x37,0xFF,\
0x56,0x7E,0x57,0x25,0xF5,0x7A,0x57,0xFF,0x58,0x7A,0x47,0xFF,0x50,0x22,0xCA,0x79,\
0x7C,0xE7,0x7C,0xFB,0x7E,0x24,0x34,0xFD,0x6D,0x33,0x12,0xBC,0xE8,0xC2,0x21,0x7C,\
0xBF,0x7C,0x7E,0x12,0xD1,0x3B,0x7E,0x14,0x3E,0x73,0x7E,0x04,0x00,0x05,0x7E,0x24,\
0x00,0x27,0x6D,0x33,0x12,0x8C,0x36,0x7E,0x14,0x02,0xC2,0x7E,0x04,0x00,0x07,0x7E,\
0x24,0x00,0x20,0x6D,0x33,0x12,0x8C,0x36,0x7E,0x14,0x3E,0x53,0x7E,0x24,0x00,0x10,\
0x7D,0x02,0x6D,0x33,0x12,0x8C,0x36,0x7E,0xB3,0x23,0xC7,0x12,0xB0,0x9E,0x7A,0xF3,\
0x24,0x11,0x30,0x29,0x1F,0xC2,0x29,0x30,0x1A,0x0D,0xE4,0x7A,0xB3,0x03,0xAF,0x12,\
0xCF,0x52,0x74,0x01,0x12,0xCC,0x75,0x20,0x13,0x0A,0x74,0x01,0x12,0xCC,0x30,0x74,\
0x01,0x12,0xCA,0x3A,0x7E,0x24,0x34,0xFD,0x6D,0x33,0x12,0xC9,0xF0,0xE4,0xDA,0x79,\
0x22,0xCA,0x3B,0x7C,0xAB,0x7D,0x72,0x7D,0x63,0x7E,0xB3,0x25,0xD5,0x70,0x04,0x6D,\
0x33,0x80,0x6E,0xBE,0xA0,0x01,0x28,0x04,0x6D,0x33,0x80,0x65,0xE4,0x7A,0xB3,0x35,\
0x05,0x7E,0xB3,0x35,0x05,0x1A,0x3B,0x09,0xA3,0x32,0xEF,0x7A,0xA3,0x35,0x06,0xBE,\
0xA0,0x01,0x08,0x37,0x7E,0xA3,0x35,0x06,0xBE,0xA0,0x05,0x58,0x2E,0x7E,0x34,0x35,\
0x07,0x7E,0x24,0x35,0x09,0x12,0xB7,0x30,0x7D,0x36,0x7D,0x27,0x7E,0x17,0x35,0x07,\
0x7E,0x07,0x35,0x09,0x12,0xDC,0xBF,0x7A,0x37,0x35,0x0B,0x7E,0x73,0x2E,0xD2,0x0A,\
0x37,0xBE,0x37,0x35,0x0B,0x08,0x04,0x6D,0x33,0x80,0x16,0x7E,0xB3,0x35,0x05,0x04,\
0x7A,0xB3,0x35,0x05,0x7E,0x73,0x35,0x05,0xBE,0x70,0x0A,0x48,0xA4,0x7E,0x34,0xFF,\
0xFF,0xDA,0x3B,0x22,0xCA,0x79,0x7D,0x40,0x7D,0xF1,0x7D,0xE2,0x7D,0x13,0x1A,0xDB,\
0x3E,0xD4,0x3E,0xD4,0x3E,0xD4,0x7D,0xCD,0x2E,0xC4,0x31,0xB9,0x2E,0xD4,0x32,0x09,\
0x1A,0x02,0x1A,0x00,0x7D,0x32,0x1A,0x26,0x1A,0x24,0x7E,0xB3,0x2E,0xFB,0x30,0xE6,\
0x0A,0x2E,0xC4,0x00,0x06,0x2E,0xD4,0x00,0x06,0x80,0x3D,0xE4,0x0B,0xC8,0xB0,0x7D,\
0x7B,0x1A,0x7E,0x1A,0xAE,0x2F,0x05,0x0B,0xC5,0x0B,0xD8,0xB0,0x7D,0x7B,0x1A,0x7E,\
0x1A,0xAE,0x2F,0x15,0x0B,0xD5,0x04,0xBE,0xB0,0x03,0x48,0xE0,0x74,0x02,0x1E,0x14,\
0x0E,0x04,0x50,0x03,0x4E,0x20,0x80,0x14,0x78,0xF4,0x74,0x02,0x1E,0x34,0x0E,0x24,\
0x50,0x03,0x4E,0x60,0x80,0x14,0x78,0xF4,0x1B,0xC8,0x10,0x1B,0xD8,0x30,0x1B,0xF8,\
0x10,0x1B,0x48,0x30,0xDA,0x79,0x22,0x7C,0x93,0x7C,0xAB,0x7D,0x02,0x7D,0x13,0x7E,\
0xB3,0x2E,0xA6,0x0A,0x3B,0x6C,0x55,0x80,0x24,0x1A,0xF5,0x09,0x4F,0x38,0x51,0x1A,\
0xE5,0x3E,0xE4,0x7D,0xFE,0x2D,0xF1,0x0B,0xF8,0xF0,0x2D,0xE0,0x0B,0xE8,0xE0,0x7D,\
0xDF,0x9D,0xDE,0x1A,0xC4,0x3E,0xC4,0x59,0xDC,0x34,0xF1,0x0B,0x50,0xBC,0xA5,0x18,\
0xD8,0x6C,0x88,0x6C,0x55,0x80,0x38,0x0B,0x18,0xF0,0x0B,0x08,0xE0,0x4C,0x99,0x68,\
0x03,0x1B,0x18,0xE0,0x1A,0xD5,0x09,0x4D,0x38,0x51,0x9D,0xFE,0x1A,0xD4,0x3E,0xD4,\
0x49,0xDD,0x34,0xF1,0x9D,0xFD,0xBE,0xF4,0x00,0x00,0x58,0x06,0x6E,0xF4,0xFF,0xFF,\
0x0B,0xF4,0xBD,0x3F,0x58,0x03,0x7E,0x80,0x01,0x0B,0x15,0x0B,0x05,0x0B,0x50,0xBC,\
0xA5,0x18,0xC4,0x7C,0xB8,0x22,0x6D,0x33,0x7A,0x37,0x02,0x4E,0xE4,0x12,0x96,0xD0,\
0xE4,0x12,0xCC,0x30,0xE4,0x12,0xCA,0x3A,0x7E,0x73,0x02,0x6C,0x0A,0x27,0x5E,0x24,\
0x00,0x07,0x3E,0x24,0x3E,0x24,0x3E,0x24,0x3E,0x24,0x7E,0x37,0x3E,0x77,0x5E,0x70,\
0x8F,0x4D,0x32,0x7A,0x37,0x3E,0x77,0x7E,0x34,0x00,0x29,0x7E,0x24,0x3E,0x77,0x12,\
0xE1,0x9C,0xE4,0x12,0xDA,0x04,0x7E,0x14,0x3E,0x4F,0x7E,0x04,0x00,0x01,0x7E,0x24,\
0x00,0x0E,0x6D,0x33,0x12,0x8C,0x36,0x7E,0x14,0x3E,0x51,0x7E,0x04,0x00,0x01,0x7E,\
0x24,0x00,0x0F,0x6D,0x33,0x12,0x8C,0x36,0x74,0x11,0x12,0x9C,0x80,0x74,0x01,0x12,\
0xCC,0x30,0x74,0x01,0x12,0xCA,0x3A,0x12,0xD2,0x52,0x7E,0x73,0x02,0x57,0x7A,0x73,\
0x02,0xE4,0x22,0xE4,0x12,0xD7,0x82,0x7E,0xA3,0x36,0xC9,0x4C,0xAA,0x78,0x04,0x74,\
0x34,0x80,0x3D,0xBE,0xA0,0x01,0x78,0x3D,0x74,0x35,0x7A,0xB3,0x36,0xAF,0x7E,0xB3,\
0x36,0xB0,0x30,0xE4,0x5A,0x7E,0x73,0x36,0xDE,0x7C,0xB7,0x54,0x09,0x78,0x50,0x7E,\
0xB3,0x36,0xB2,0x7E,0x60,0x08,0xAC,0xB6,0xBE,0x57,0x37,0x6E,0x50,0x41,0x1E,0x70,\
0x0A,0x37,0x0B,0x34,0x7A,0x73,0x36,0xB3,0x74,0x01,0x7A,0xB3,0x37,0x9F,0x74,0x10,\
0x7A,0xB3,0x36,0xAF,0x22,0x7E,0xB3,0x36,0xB0,0x30,0xE7,0x23,0x12,0x69,0x0E,0x7E,\
0xB3,0x36,0xAF,0xB4,0x10,0x19,0x12,0xB0,0x13,0xE4,0x6C,0x77,0x12,0x64,0x12,0x74,\
0x01,0x7E,0x70,0x01,0x12,0x64,0x12,0x74,0x02,0x7E,0x70,0xFE,0x02,0x64,0x12,0x22,\
0x12,0xDA,0xCF,0x7E,0xB3,0x02,0x63,0x70,0x72,0x7E,0x14,0x3E,0xC3,0x7E,0x04,0x00,\
0x01,0x7E,0x24,0x00,0x5F,0x6D,0x33,0x12,0xD1,0xAD,0x7E,0x14,0x3E,0xC9,0x7E,0x04,\
0x00,0x01,0x7E,0x24,0x00,0xD6,0x6D,0x33,0x12,0xD1,0xAD,0x20,0x0D,0x06,0x7E,0xB3,\
0x3E,0xE8,0x80,0x04,0x7E,0xB3,0x3E,0xE7,0x54,0x03,0x0A,0x3B,0x7A,0x37,0x34,0xF1,\
0x7C,0x6B,0x7E,0x70,0x80,0x7A,0x37,0x34,0xF1,0x7E,0x14,0x34,0xF1,0x7E,0x04,0x00,\
0x01,0x7E,0x24,0x00,0xD0,0x6D,0x33,0x12,0xD1,0xAD,0x7E,0x34,0x01,0x00,0x7A,0x37,\
0x02,0xDE,0x74,0x01,0x12,0xCC,0xFF,0x7E,0x14,0x3E,0xBF,0x7E,0x04,0x00,0x01,0x7E,\
0x24,0x00,0xF5,0x6D,0x33,0x12,0x8C,0x36,0x02,0x50,0xC4,0x22,0x30,0x1F,0x0B,0x7E,\
0xB3,0x02,0x5B,0x70,0x05,0xF5,0xBB,0x12,0xDE,0xAB,0xA2,0x26,0x30,0x24,0x01,0xB3,\
0x50,0x2D,0x30,0x26,0x12,0x12,0xE2,0xD4,0x60,0x06,0xD2,0x0D,0xD2,0x25,0x80,0x1B,\
0xD2,0x23,0x12,0xD6,0x53,0x80,0x14,0x12,0xE2,0xD4,0x0A,0x3B,0x4D,0x33,0x78,0x03,\
0x30,0x0D,0x06,0xC2,0x0D,0xD2,0x25,0x80,0x02,0xC2,0x23,0xA2,0x26,0x92,0x24,0x30,\
0x27,0x0E,0x12,0xDA,0xAE,0xC2,0x27,0xE4,0x12,0xA0,0x38,0x74,0x01,0x12,0xAE,0x6C,\
0x7E,0xB3,0x3D,0x17,0xB4,0x01,0x0B,0x7E,0x34,0x3C,0xEF,0x12,0x49,0xAA,0x7A,0xB3,\
0x3D,0x17,0x7E,0xB3,0x23,0xE1,0xB4,0x01,0x0B,0x7E,0x34,0x23,0x80,0x12,0x49,0xAA,\
0x7A,0xB3,0x23,0xE1,0x02,0xDF,0xC5,0xCA,0x3B,0x7A,0x03,0x35,0x25,0x7A,0x13,0x35,\
0x24,0x7D,0x61,0x7A,0xB3,0x35,0x23,0x7A,0x27,0x35,0x21,0x7D,0x73,0x7E,0x73,0x31,\
0x18,0x7A,0x73,0x35,0x27,0x7E,0x73,0x31,0x17,0x7A,0x73,0x35,0x28,0xE4,0x80,0x3F,\
0x7E,0x73,0x35,0x26,0x1A,0x37,0x2E,0x37,0x35,0x21,0x7E,0x39,0x70,0x0A,0x27,0x7E,\
0xB3,0x35,0x24,0x1A,0x3B,0xAD,0x32,0x7D,0x23,0x3E,0x24,0x2D,0x26,0x7A,0x27,0x35,\
0x29,0x7D,0x37,0x7E,0x33,0x35,0x28,0x7E,0x23,0x35,0x25,0x0A,0x02,0x12,0xD9,0xE1,\
0x7E,0x73,0x35,0x27,0x1A,0x37,0x3E,0x34,0x2D,0x73,0x7E,0xB3,0x35,0x26,0x04,0x7A,\
0xB3,0x35,0x26,0x7E,0x73,0x35,0x23,0xBE,0x73,0x35,0x26,0x18,0xB3,0xDA,0x3B,0x22,\
0xCA,0x69,0xCA,0xF8,0x7D,0x62,0x7A,0x37,0x35,0x14,0x7E,0x18,0x35,0x18,0x7A,0x1F,\
0x35,0x2D,0x7E,0x70,0x01,0x7E,0x08,0x35,0x16,0x12,0xD4,0xE4,0x7E,0x37,0x35,0x16,\
0x0B,0x38,0x30,0x7E,0x27,0x35,0x18,0x0B,0x28,0x20,0x1A,0x1B,0x3E,0x14,0x3E,0x14,\
0x3E,0x14,0x2E,0x14,0x31,0xB9,0x7A,0x17,0x35,0x16,0x1A,0x1B,0x3E,0x14,0x3E,0x14,\
0x3E,0x14,0x2E,0x14,0x32,0x09,0x7A,0x17,0x35,0x18,0x7E,0x17,0x35,0x16,0x49,0x01,\
0x00,0x02,0x49,0x11,0x00,0x04,0x9D,0x10,0x2D,0x13,0x7E,0x37,0x35,0x14,0x1B,0x38,\
0x10,0x7E,0x37,0x35,0x18,0x49,0x13,0x00,0x02,0x49,0x33,0x00,0x04,0x9D,0x31,0x2D,\
0x32,0x1B,0x68,0x30,0xDA,0xF8,0xDA,0x69,0x22,0xCA,0x79,0x7D,0xE0,0x7D,0x02,0x7D,\
0xF3,0x0B,0x08,0x30,0x0B,0xF8,0x20,0x9D,0x23,0x7D,0x32,0x7D,0x42,0x59,0x21,0x00,\
0x02,0x7E,0x50,0x01,0x80,0x31,0x7E,0xF0,0x02,0xAC,0xF5,0x7D,0x50,0x2D,0x57,0x0B,\
0x58,0xD0,0x7D,0x5F,0x2D,0x57,0x0B,0x58,0x50,0x9D,0x5D,0x7D,0xD5,0x7D,0xC1,0x2D,\
0xC7,0x59,0x5C,0x00,0x02,0xBD,0x45,0x08,0x02,0x80,0x02,0x7D,0x4D,0xBD,0x3D,0x58,\
0x02,0x80,0x02,0x7D,0x3D,0x0B,0x50,0xBE,0x51,0x4B,0x40,0xCA,0x7D,0x24,0x9D,0x23,\
0xBE,0x24,0x00,0x00,0x58,0x06,0x6D,0xFF,0x9D,0xF2,0x80,0x04,0x7D,0xF4,0x9D,0xF3,\
0x7D,0x0F,0x1B,0x18,0xF0,0xBD,0x0E,0x28,0x04,0x74,0x01,0x80,0x01,0xE4,0xDA,0x79,\
0x22,0xE5,0xEF,0x7A,0xB3,0x23,0x7E,0x7E,0xB3,0x23,0x7E,0x64,0xFF,0xF5,0xEF,0x74,\
0x01,0x7E,0x70,0x01,0x12,0xDF,0x7A,0x7E,0xB3,0x24,0x15,0x04,0x7A,0xB3,0x24,0x15,\
0x75,0xBB,0x00,0x74,0x02,0x7A,0xB3,0x02,0x6E,0x7E,0x73,0x23,0x7E,0x0A,0x37,0x5E,\
0x34,0x00,0x03,0x68,0x06,0x12,0x8A,0x39,0x12,0xB9,0x7E,0x7E,0xB3,0x02,0x6E,0xB4,\
0x02,0x13,0x7E,0xB3,0x02,0xBA,0x70,0x0B,0x74,0x01,0x7A,0xB3,0x02,0xBA,0x12,0xDB,\
0x91,0x80,0x02,0xD2,0x0B,0x7E,0xB3,0x02,0xBA,0x60,0x0B,0x7E,0xB3,0x02,0xBF,0xBE,\
0xB0,0x10,0x68,0x02,0xC2,0x21,0x7E,0xB3,0x02,0x6E,0xB4,0x01,0x03,0x12,0xE0,0x1D,\
0x74,0x01,0x6C,0x77,0x02,0xDF,0x7A,0x7C,0x82,0x7C,0xA3,0x7C,0x9B,0x7D,0x12,0x7D,\
0x03,0xBE,0x80,0x01,0x78,0x25,0x7E,0x73,0x2E,0xBA,0x1E,0x70,0x6C,0x66,0x80,0x16,\
0x0B,0x08,0x20,0x0A,0xE7,0x7D,0xF2,0x9D,0xFE,0x1B,0x18,0xF0,0x1A,0xFA,0x3E,0xF4,\
0x2D,0x0F,0x0B,0x15,0x0B,0x60,0xBC,0x96,0x18,0xE6,0x22,0x7E,0x73,0x26,0x28,0x7E,\
0xB3,0x2E,0xFB,0x30,0xE3,0x02,0x6C,0x77,0x4C,0x88,0x78,0x17,0x7A,0x73,0x35,0x2B,\
0x7D,0x30,0x7D,0x21,0x7C,0xB9,0x7C,0x3A,0x7E,0x20,0x0F,0x7E,0x10,0x04,0x7E,0x00,\
0x08,0x80,0x15,0x7A,0x73,0x35,0x2B,0x7D,0x30,0x7D,0x21,0x7C,0xB9,0x7C,0x3A,0x7E,\
0x20,0x03,0x7E,0x10,0x02,0x7E,0x00,0x02,0x02,0x9E,0x09,0x53,0xA8,0x7F,0x00,0x00,\
0x20,0x25,0x67,0x20,0x1F,0x64,0xA2,0x26,0x30,0x24,0x01,0xB3,0x40,0x5C,0x12,0xE2,\
0x17,0x70,0x57,0x12,0xE3,0x63,0x70,0x52,0x30,0x23,0x08,0x12,0xE2,0xEB,0x70,0x4A,\
0x02,0xE0,0xE3,0xA2,0x22,0x30,0x23,0x01,0xB3,0x50,0x03,0x02,0xE0,0x0C,0x7E,0xB3,\
0x02,0xBA,0xBE,0xB0,0x02,0x68,0x33,0x7E,0xB3,0x02,0xBF,0xBE,0xB0,0x20,0x68,0x2A,\
0x7E,0xB3,0x02,0xE4,0xB4,0x02,0x0D,0x12,0xE2,0xEB,0x70,0x08,0x43,0xA8,0x80,0xA9,\
0xD1,0x87,0x80,0x0F,0x7E,0x73,0x02,0xE4,0xBE,0x70,0x01,0x40,0x0D,0x43,0xA8,0x80,\
0xA9,0xD0,0x87,0x00,0x00,0x00,0x00,0x00,0x00,0x22,0x43,0xA8,0x80,0x22,0xCA,0x79,\
0x7E,0xA3,0x3E,0xF7,0x7C,0xEA,0x1E,0xE0,0x1E,0xE0,0x5E,0xE0,0x07,0x30,0x1A,0x5D,\
0x7E,0xB3,0x23,0xE3,0xB4,0x01,0x2A,0x30,0x11,0x06,0x7E,0xB3,0x24,0x11,0x70,0x4D,\
0x7E,0xB3,0x03,0xAF,0x60,0x0C,0x14,0x7A,0xB3,0x03,0xAF,0x60,0x1A,0x30,0x21,0x17,\
0x80,0x3B,0x30,0x21,0x38,0x7C,0xBA,0x54,0x03,0x7A,0xB3,0x03,0xAF,0x6C,0xFF,0x80,\
0x10,0x7E,0xB3,0x03,0xAF,0x60,0x26,0xE4,0x7A,0xB3,0x03,0xAF,0x7E,0xF0,0x01,0x6C,\
0xEE,0xE4,0x12,0xCC,0x30,0xE4,0x12,0xCA,0x3A,0x7C,0xBE,0x12,0xCF,0x52,0x7C,0xBF,\
0x12,0xCC,0x75,0x74,0x01,0x12,0xCC,0x30,0x74,0x01,0x12,0xCA,0x3A,0xDA,0x79,0x22,\
0xCA,0x69,0xCA,0xF8,0x7C,0xF5,0x7D,0x63,0x7E,0xB3,0x2E,0xA6,0x70,0x03,0xE4,0x80,\
0x5B,0x6C,0xAA,0x7E,0xB3,0x30,0xBA,0x60,0x0F,0x7E,0x37,0x2F,0x4B,0x7D,0x26,0x7C,\
0xBF,0x6C,0x33,0x12,0xB4,0x47,0x7C,0xAB,0x7A,0xA3,0x31,0x0A,0x7E,0x34,0x30,0x6E,\
0x7D,0x26,0x7C,0xBF,0x7E,0x30,0x01,0x12,0xB4,0x47,0x7C,0xAB,0x7E,0xB3,0x30,0xB9,\
0x60,0x28,0x7E,0xB3,0x30,0xB7,0x70,0x05,0xE4,0x7A,0xB3,0x31,0x0B,0x4C,0xAA,0x68,\
0x0A,0x74,0x01,0x7A,0xB3,0x31,0x0A,0x7A,0xB3,0x30,0xB6,0x7E,0xB3,0x31,0x0A,0x60,\
0x09,0x7E,0xB3,0x31,0x0B,0x04,0x7A,0xB3,0x31,0x0B,0x7C,0xBA,0xDA,0xF8,0xDA,0x69,\
0x22,0x7E,0xB3,0x2E,0xF8,0x30,0xE2,0x16,0x6C,0xAA,0x7E,0xB3,0x25,0xD1,0x30,0xE7,\
0x03,0x7E,0xA0,0x01,0x4C,0xAA,0x68,0x06,0x74,0x01,0x7A,0xB3,0x26,0x3A,0x7E,0xB3,\
0x25,0xC6,0x70,0x07,0x7E,0xB3,0x31,0x0A,0x30,0xE1,0x05,0xE4,0x7A,0xB3,0x26,0x3A,\
0x7E,0xB3,0x2E,0x9B,0x20,0xE2,0x0B,0x7E,0xB3,0x30,0xBE,0x60,0x05,0xE4,0x7A,0xB3,\
0x26,0x3A,0x6C,0xAA,0x0A,0x4A,0x2E,0x44,0x26,0x30,0x7E,0xB3,0x26,0x3A,0x60,0x14,\
0x7E,0xB3,0x31,0x0A,0x60,0x06,0x7E,0x49,0xB0,0x04,0x80,0x0A,0x7E,0x49,0xB0,0x60,\
0x08,0x14,0x80,0x02,0x74,0xFF,0x7A,0x49,0xB0,0x0B,0xA0,0xBE,0xA0,0x0A,0x40,0xD4,\
0x22,0xE4,0x7A,0xB3,0x02,0x58,0x7A,0xB3,0x02,0x61,0x7A,0xB3,0x03,0x3A,0x12,0xCC,\
0x30,0xE4,0x12,0xCA,0x3A,0xE4,0x12,0xDA,0x26,0x12,0xE1,0x1F,0xE4,0x7A,0xB3,0x02,\
0xBA,0x74,0x10,0x7A,0xB3,0x02,0xBF,0x74,0x01,0x12,0xDA,0x04,0x7E,0x34,0x00,0x0E,\
0x7E,0x24,0x3E,0x4F,0x12,0xE1,0x9C,0x7E,0x34,0x00,0x0F,0x7E,0x24,0x3E,0x51,0x12,\
0xE1,0x9C,0x7E,0x34,0x00,0x1B,0x7E,0x24,0x3E,0x69,0x12,0xE1,0x9C,0x74,0x12,0x12,\
0x9C,0x80,0x74,0x01,0x12,0xCC,0x30,0x74,0x01,0x12,0xCA,0x3A,0x12,0xD2,0x52,0x74,\
0x01,0x12,0x96,0xD0,0x7E,0x73,0x02,0xE0,0x7A,0x73,0x02,0xE4,0x22,0xCA,0xF8,0x7F,\
0x71,0xBE,0x78,0x00,0x00,0x78,0x04,0x6D,0x33,0x80,0x5B,0x7D,0x3E,0xA5,0xBF,0x00,\
0x06,0x7E,0x44,0x01,0x00,0x80,0x27,0xBE,0x70,0x04,0x58,0x06,0x7E,0x44,0x02,0x00,\
0x80,0x1C,0xBE,0x70,0x10,0x58,0x06,0x7E,0x44,0x04,0x00,0x80,0x11,0xBE,0x70,0x40,\
0x58,0x06,0x7E,0x44,0x08,0x00,0x80,0x06,0x7E,0x34,0x08,0x34,0x80,0x28,0x7D,0xD4,\
0x7E,0xF0,0x0A,0x0E,0xD4,0x7D,0x34,0x1A,0x28,0x1A,0x24,0x7F,0x01,0x12,0x8B,0x70,\
0x7F,0x51,0xBF,0x57,0x08,0x04,0x9D,0x4D,0x80,0x06,0xBF,0x57,0x58,0x02,0x2D,0x4D,\
0x1B,0xF0,0x78,0xDF,0x7D,0x34,0xDA,0xF8,0x22,0xCA,0x79,0x7E,0xA3,0x2E,0xF0,0xBE,\
0xA0,0xFF,0x68,0x5D,0x4C,0xAA,0x68,0x59,0x7E,0xB3,0x25,0xDA,0xBE,0xB0,0x0A,0x40,\
0x50,0x7E,0xB3,0x30,0xBA,0x60,0x4A,0x7E,0x74,0x7F,0xFF,0xE4,0x1A,0x4B,0x09,0x74,\
0x32,0xEF,0xBE,0x70,0x01,0x28,0x13,0xBE,0x70,0x05,0x50,0x0E,0x1A,0x4B,0x3E,0x44,\
0x49,0x44,0x32,0xD1,0xBD,0x74,0x08,0x02,0x7D,0x74,0x04,0xBE,0xB0,0x0A,0x48,0xDC,\
0xBE,0x74,0x7F,0xFF,0x68,0x1B,0x0A,0x3A,0x3E,0x34,0x3E,0x34,0x3E,0x34,0x3E,0x34,\
0xBD,0x37,0x18,0x0D,0xBD,0x37,0x78,0x03,0x12,0xE3,0x0E,0x74,0x02,0x7A,0xB3,0x31,\
0x09,0xDA,0x79,0x22,0xCA,0x79,0x7C,0xF3,0x7C,0x3B,0x7D,0x42,0x7D,0xF3,0x6D,0xCC,\
0x6D,0xDD,0x7D,0xB3,0x1A,0x36,0x1A,0xA6,0x0A,0x1B,0x6D,0x00,0x7F,0x15,0x12,0x8B,\
0x70,0x7C,0x76,0x7C,0x65,0x7D,0x23,0xBE,0x24,0x00,0x00,0x08,0x02,0x7D,0xD2,0x7D,\
0xEC,0x7E,0x73,0x2E,0xCB,0x0A,0x37,0x3E,0x34,0xBD,0x3F,0x50,0x2B,0x0A,0x1F,0x6D,\
0x00,0x7F,0x15,0x12,0x8B,0x70,0x7C,0x76,0x7C,0x65,0x7D,0x23,0xBE,0x44,0x00,0x00,\
0x58,0x02,0x7D,0x4C,0x9D,0x24,0xBE,0x24,0x00,0x00,0x08,0x0C,0x7E,0x73,0x2E,0xCC,\
0x0A,0x37,0xAD,0x32,0x7D,0xE3,0x0E,0xE4,0x7D,0x3E,0x2D,0x3D,0xDA,0x79,0x22,0x7D,\
0x13,0x7E,0xA3,0x31,0x10,0x7E,0xB3,0x25,0xD9,0x60,0x27,0x1A,0x3A,0x7A,0x37,0xFF,\
0x62,0x7A,0x27,0xFF,0x64,0x7E,0x04,0x01,0x04,0x7A,0x07,0xFF,0x66,0x7E,0x04,0x05,\
0x01,0x7A,0x07,0xFF,0x68,0x7E,0x73,0x25,0xD3,0x1E,0x70,0x0A,0x07,0x7E,0x00,0x05,\
0x80,0x25,0x1A,0x3A,0x7A,0x37,0xFF,0x62,0x7A,0x27,0xFF,0x64,0x7E,0x73,0x26,0x26,\
0x0A,0x07,0x7A,0x07,0xFF,0x66,0x7E,0x73,0x26,0x27,0x7C,0x07,0x7E,0x10,0x01,0x7A,\
0x07,0xFF,0x68,0x7E,0x04,0x0A,0x00,0x7A,0x07,0xFF,0x6A,0x7E,0x07,0x25,0xFB,0x7A,\
0x07,0xFF,0x6C,0x7A,0x17,0xFF,0x60,0x22,0x7D,0x12,0x7D,0x03,0x7E,0x71,0xA8,0x5E,\
0x73,0x02,0x64,0x7A,0x19,0x70,0x7E,0x19,0xB0,0x7C,0x7B,0x6E,0x70,0xFF,0x7C,0xB7,\
0x52,0xA8,0x7E,0xB3,0x23,0xA2,0x44,0x08,0x7E,0x71,0xE8,0x5C,0x7B,0x19,0x71,0x00,\
0x01,0x09,0xB1,0x00,0x01,0x7C,0x7B,0x6E,0x70,0xFF,0x7C,0xB7,0x52,0xE8,0x7E,0x17,\
0xFF,0x40,0x5E,0x14,0x00,0x01,0x78,0xF6,0xA9,0x24,0xB3,0xFC,0x4D,0x00,0x78,0x0A,\
0x7E,0xB3,0x24,0x10,0x04,0x7A,0xB3,0x24,0x10,0x22,0xBE,0x04,0xC0,0x00,0x68,0x06,\
0xBE,0x04,0x80,0x00,0x78,0x09,0xA9,0xD1,0xED,0xA9,0xC2,0xED,0x75,0xB3,0x00,0x22,\
0xCA,0xF8,0x30,0x07,0x60,0x7E,0xF3,0x23,0xE3,0xBE,0xF0,0x05,0x68,0x57,0xBE,0xF0,\
0x11,0x68,0x52,0xBE,0xF0,0x12,0x68,0x4D,0x12,0xC9,0x5A,0x60,0x0F,0x7E,0xF0,0x01,\
0x7E,0x73,0x3E,0xED,0x7A,0x73,0x03,0x39,0xC2,0x15,0x80,0x34,0x7C,0xBF,0x1B,0xB1,\
0x68,0x0E,0x1B,0xB1,0x68,0x19,0x80,0x00,0x7E,0xB3,0x03,0x39,0x70,0x22,0x80,0x15,\
0x7E,0xB3,0x03,0x39,0x70,0x1A,0x7E,0xF0,0x04,0x7E,0x73,0x3E,0xF2,0x80,0x0D,0x7E,\
0xB3,0x03,0x39,0x70,0x0B,0x7E,0xF0,0x02,0x7E,0x73,0x3E,0xF1,0x7A,0x73,0x03,0x39,\
0x7C,0xBF,0x12,0xAE,0x6C,0xDA,0xF8,0x22,0xCA,0xF8,0x7C,0xAB,0x7E,0xB3,0x36,0xB0,\
0x60,0x5B,0xBE,0xA0,0x01,0x78,0x19,0x7E,0xF3,0x36,0xAF,0x4C,0xFF,0x78,0x07,0x12,\
0xC1,0x31,0x74,0x10,0x80,0x43,0xBE,0xF0,0x10,0x78,0x42,0x12,0xCB,0xA3,0x80,0x3D,\
0x7E,0xB3,0x36,0xAF,0xB4,0x10,0x31,0x12,0xB5,0x43,0x7E,0xB3,0x36,0xAF,0xB4,0x10,\
0x2C,0x7E,0x73,0x37,0x9F,0xBE,0x70,0x01,0x38,0x09,0x7E,0xA3,0x36,0xB3,0xBE,0xA0,\
0x10,0x78,0x04,0x74,0x31,0x80,0x12,0x74,0x20,0x7A,0xB3,0x36,0xAF,0x7C,0xBA,0x12,\
0xE0,0xD3,0x7A,0xB3,0x36,0xAE,0x80,0x05,0xE4,0x7A,0xB3,0x36,0xAF,0xDA,0xF8,0x22,\
0x7C,0x6B,0x4C,0x6B,0x68,0x41,0x74,0x0A,0x7A,0xB3,0x25,0xD5,0x7E,0x73,0x25,0xDA,\
0xBE,0x70,0x19,0x28,0x06,0x74,0x0A,0x7A,0xB3,0x25,0xD6,0x74,0xF0,0x7A,0xB3,0x25,\
0xD7,0x7E,0xB3,0x25,0xD8,0xBE,0xB0,0xFF,0x50,0x05,0x04,0x7A,0xB3,0x25,0xD8,0x7E,\
0xB3,0x25,0xD9,0x70,0x0E,0x7E,0x73,0x25,0xD8,0xBE,0x70,0x04,0x50,0x05,0xBE,0x60,\
0x02,0x48,0x23,0x74,0xB4,0x80,0x1B,0x7E,0xB3,0x25,0xD9,0xBE,0xB0,0x00,0x28,0x05,\
0x14,0x7A,0xB3,0x25,0xD9,0xE4,0x7A,0xB3,0x25,0xD8,0x7E,0xB3,0x30,0xBA,0x30,0xE1,\
0x05,0xE4,0x7A,0xB3,0x25,0xD9,0x22,0xCA,0x3B,0x7E,0x34,0x2D,0x9C,0x7A,0x37,0x34,\
0xF2,0x7E,0x74,0x25,0x5D,0x6D,0x66,0x80,0x48,0x0B,0x78,0x30,0x0B,0x75,0x7A,0x37,\
0x34,0xF4,0x0B,0x78,0x30,0x0B,0x75,0x7A,0x37,0x34,0xF6,0x0B,0x78,0x30,0x0B,0x75,\
0x7A,0x37,0x34,0xF8,0x7E,0x27,0x34,0xF2,0x7E,0x29,0x70,0x0B,0x24,0x7A,0x27,0x34,\
0xF2,0x7A,0x73,0x34,0xFA,0x7E,0xB3,0x34,0xFA,0xBE,0xB0,0x02,0x68,0x11,0x74,0xFF,\
0x7E,0x37,0x34,0xF4,0x7E,0x27,0x34,0xF6,0x7E,0x17,0x34,0xF8,0x12,0x7C,0xE8,0x0B,\
0x64,0x7E,0x73,0x25,0xC5,0x0A,0x37,0xBD,0x36,0x18,0xAE,0xDA,0x3B,0x22,0x7D,0x13,\
0x7E,0x04,0x2D,0x00,0x7A,0x07,0x02,0xCE,0x20,0x08,0x58,0x09,0x61,0x00,0x01,0x6C,\
0x77,0x80,0x4C,0x0A,0x27,0x2D,0x21,0x09,0x52,0x00,0x11,0x0A,0x25,0x1B,0x24,0x74,\
0x0C,0xAC,0xB5,0x09,0x55,0x3D,0xAD,0x7C,0xB7,0x30,0xE0,0x18,0x7C,0x85,0x6C,0x99,\
0x7C,0xB7,0x1E,0xB0,0x7E,0x40,0x02,0xAC,0xB4,0x2E,0x54,0x02,0xC2,0x0B,0x58,0x00,\
0x6C,0x00,0x80,0x14,0x0A,0x45,0x7C,0xB7,0x1E,0xB0,0x7E,0x40,0x02,0xAC,0xB4,0x2E,\
0x54,0x02,0xC2,0x0B,0x58,0x00,0x6C,0x11,0x4D,0x04,0x1B,0x58,0x00,0x0B,0x70,0xBC,\
0x67,0x38,0xB0,0x22,0xCA,0x79,0x7C,0xA1,0x7D,0x01,0x7C,0x94,0x7C,0x85,0x7D,0x13,\
0x7E,0x19,0x70,0x0A,0x37,0x0A,0xDA,0x9D,0x3D,0xBE,0x34,0x00,0x00,0x58,0x02,0x6D,\
0x33,0x7C,0x67,0x09,0x71,0x00,0x01,0x0A,0x27,0x0A,0xFA,0x2D,0x2F,0x09,0x71,0x00,\
0x02,0x0A,0xE7,0x9D,0xED,0xBE,0xE4,0x00,0x00,0x58,0x02,0x6D,0xEE,0x7D,0x7E,0x7C,\
0xAF,0x09,0x71,0x00,0x03,0x0A,0x17,0x2D,0x1F,0x7C,0x73,0xBC,0x5B,0x40,0x12,0xBC,\
0x68,0x38,0x0E,0xBC,0x79,0x40,0x0A,0x0A,0x1A,0xBD,0x10,0x38,0x04,0x74,0x01,0x80,\
0x01,0xE4,0xDA,0x79,0x22,0xCA,0xF8,0x7C,0xFB,0x20,0x0D,0x3F,0xA2,0x00,0xE4,0x33,\
0x4C,0xFB,0x7C,0xBF,0x12,0xD8,0x70,0x7E,0x34,0x00,0x2A,0xCA,0x39,0xA2,0x16,0xE4,\
0x33,0x0A,0x0B,0x7E,0x14,0x00,0x2A,0xAD,0x10,0x2E,0x14,0x03,0x3B,0x6D,0x00,0x7E,\
0x18,0x23,0xE6,0x12,0xD9,0xBE,0x1B,0xFD,0x20,0x16,0x03,0xD3,0x80,0x01,0xC3,0x92,\
0x16,0x4C,0xFF,0x68,0x02,0xD2,0x00,0x7C,0xBF,0x80,0x14,0x4C,0xFF,0x68,0x13,0x7E,\
0xB3,0x02,0x62,0x12,0xE3,0x24,0x74,0x01,0x12,0xD8,0x70,0xD2,0x00,0x74,0x01,0x12,\
0xE1,0xC3,0xDA,0xF8,0x22,0xCA,0x3B,0x7E,0xB3,0x31,0x11,0x7A,0xB3,0x34,0xF4,0x7E,\
0x23,0x31,0x10,0x7A,0x23,0x34,0xF5,0x7A,0x23,0x34,0xF6,0x7E,0x67,0x25,0x13,0x7E,\
0x74,0x2F,0x1B,0x7D,0x36,0x7D,0x27,0x7C,0x32,0x7E,0x10,0x01,0x6C,0x00,0x12,0x3A,\
0x7C,0x7E,0x73,0x34,0xF4,0x1A,0x27,0x1B,0x25,0x7E,0x73,0x34,0xF6,0x1A,0x37,0xAD,\
0x32,0x3E,0x34,0x2D,0x63,0x2E,0x74,0x00,0x28,0x7D,0x36,0x7D,0x27,0x7E,0xB3,0x34,\
0xF4,0x7E,0x33,0x34,0xF5,0x7E,0x23,0x34,0xF6,0x7E,0x10,0x01,0x7E,0x00,0x01,0x12,\
0x3A,0x7C,0xDA,0x3B,0x22,0x7C,0xAB,0x7D,0x23,0x7E,0xB3,0x30,0xBA,0x60,0x54,0x7E,\
0x37,0x2F,0x4B,0x7E,0x44,0x26,0x44,0x7E,0x14,0x7F,0xFF,0x7A,0x17,0x26,0x3E,0x7A,\
0x17,0x26,0x40,0x7A,0x17,0x26,0x42,0xE4,0x80,0x35,0x0B,0x28,0x00,0x0B,0x38,0x10,\
0x9D,0x10,0x1B,0x48,0x10,0x1A,0x0B,0x3E,0x04,0x59,0x10,0x2D,0x52,0x1A,0x1B,0x09,\
0x31,0x38,0x51,0x0A,0x13,0x7D,0xF1,0x3E,0xF4,0x49,0xEF,0x26,0x3E,0x0B,0x48,0x00,\
0xBD,0x0E,0x58,0x04,0x59,0x0F,0x26,0x3E,0x0B,0x35,0x0B,0x25,0x0B,0x45,0x04,0xBC,\
0xAB,0x18,0xC7,0x22,0x7D,0x51,0x7D,0xF2,0x7D,0x43,0x4D,0x51,0x68,0x52,0x0B,0x48,\
0xE0,0x7D,0x3E,0x1A,0x26,0x1A,0x24,0x2F,0x11,0x2F,0x11,0x2F,0x11,0x7D,0x1E,0x1A,\
0x02,0x1A,0x00,0x9F,0x10,0x0B,0xF8,0x10,0x0B,0xF5,0x1A,0x02,0x1A,0x00,0x2F,0x10,\
0x0B,0x1E,0xBE,0x18,0x00,0x00,0x18,0x02,0x1B,0x1C,0x1E,0x34,0x0E,0x24,0x50,0x03,\
0x4E,0x60,0x80,0x1E,0x34,0x0E,0x24,0x50,0x03,0x4E,0x60,0x80,0x7F,0x01,0x1E,0x14,\
0x0E,0x04,0x50,0x03,0x4E,0x20,0x80,0x1B,0x48,0x10,0x0B,0x45,0x1B,0x54,0x78,0xAE,\
0x22,0x74,0x10,0x7A,0xB3,0x36,0xB3,0x7A,0x37,0x36,0xB4,0x7A,0x27,0x36,0xB6,0x7A,\
0x37,0x36,0xC4,0x7A,0x27,0x36,0xC6,0x7A,0x37,0x36,0xC0,0x7A,0x37,0x36,0xBC,0x7A,\
0x27,0x36,0xC2,0x7A,0x27,0x36,0xBE,0xE4,0x7A,0xB3,0x36,0xC9,0x7A,0xB3,0x37,0x9F,\
0x7A,0xB3,0x37,0xA0,0x74,0xFF,0x7A,0xB3,0x37,0x9E,0x6C,0x77,0xE4,0x0A,0x27,0x19,\
0xB2,0x37,0xA4,0x7E,0x60,0x80,0x7E,0x50,0x02,0xAC,0x57,0x19,0x62,0x37,0xAE,0x74,\
0x80,0x19,0xB2,0x37,0xAD,0x0B,0x70,0xBE,0x70,0x09,0x40,0xE0,0x22,0x7D,0x02,0x7D,\
0xF3,0x6C,0x77,0x80,0x4C,0x7C,0xB7,0x1E,0xB0,0x7E,0x60,0x02,0xAC,0xB6,0x7D,0xE5,\
0x2D,0xE0,0x0B,0xE8,0x40,0x7C,0xB7,0x30,0xE0,0x02,0x0A,0x48,0x5E,0x44,0x00,0x3F,\
0x7D,0x54,0x1E,0x54,0x1E,0x54,0x1E,0x54,0x1E,0x54,0x7C,0x6B,0x7D,0x24,0x5E,0x24,\
0x00,0x0F,0x7E,0xD4,0x00,0x01,0x7C,0xB5,0x60,0x05,0x3E,0xD4,0x14,0x78,0xFB,0x74,\
0x02,0xAC,0xB6,0x7D,0xE5,0x2D,0xEF,0x0B,0xE8,0x50,0x4D,0x5D,0x1B,0xE8,0x50,0x0B,\
0x70,0x0A,0x57,0xBD,0x51,0x40,0xAE,0x22,0xCA,0x3B,0x7D,0x62,0x7D,0x73,0x7C,0x5B,\
0x4D,0x73,0x68,0x3B,0x7E,0x43,0x31,0x10,0x7A,0x43,0x36,0x4D,0x7C,0xB5,0x7E,0x08,\
0x36,0x4E,0x9F,0x11,0x12,0xD5,0x13,0x6C,0x77,0x80,0x1C,0x0B,0x78,0x10,0x7E,0x27,\
0x36,0x4E,0x1B,0x28,0x10,0x7E,0x27,0x36,0x4E,0x0B,0x25,0x7A,0x27,0x36,0x4E,0x7D,\
0x26,0x3E,0x24,0x2D,0x72,0x0B,0x70,0x7E,0x63,0x36,0x4D,0xBC,0x67,0x18,0xDC,0x7E,\
0x34,0x00,0x0D,0x7A,0x37,0x25,0xBD,0xE4,0x7A,0xB3,0x25,0xC9,0x7A,0xB3,0x25,0xCB,\
0xDA,0x3B,0x22,0x7D,0x40,0x7D,0xC1,0x7D,0x52,0x7D,0xD3,0xBD,0xD2,0x58,0x04,0xBD,\
0xC5,0x48,0x08,0xBD,0xD5,0x08,0x07,0xBD,0xC5,0x08,0x03,0x7D,0x35,0x22,0x0E,0x44,\
0x0E,0x44,0xBE,0x44,0x00,0x20,0x08,0x03,0x7D,0x3D,0x22,0x7D,0xB4,0x1A,0x38,0x1A,\
0xA6,0x7E,0x08,0x00,0x20,0x9F,0x05,0x7D,0x35,0x1A,0x26,0x1A,0x24,0x12,0x8B,0x70,\
0x7F,0x71,0x7D,0x3D,0x1A,0x26,0x1A,0x24,0x7F,0x05,0x12,0x8B,0x70,0x2F,0x17,0x74,\
0x05,0x1E,0x34,0x0E,0x24,0x50,0x03,0x4E,0x60,0x80,0x14,0x78,0xF4,0x22,0xCA,0x79,\
0x7C,0x57,0x7C,0xAB,0x7E,0x41,0x48,0xBE,0xA0,0x01,0x68,0x39,0x7E,0x37,0x80,0x02,\
0x0A,0x36,0x1E,0x34,0x5E,0x34,0x00,0x01,0x68,0x05,0xBE,0xA0,0x04,0x78,0x26,0xBE,\
0xA0,0x80,0x68,0x21,0xBE,0xA0,0x10,0x68,0x1C,0xBE,0xA0,0x40,0x68,0x17,0xBE,0xA0,\
0x08,0x78,0x14,0x7E,0x37,0x3E,0x71,0x1E,0x34,0x1E,0x34,0x1E,0x34,0x1E,0x34,0x5E,\
0x34,0x00,0x01,0x68,0x02,0x6C,0x44,0x7E,0xF0,0x02,0xAC,0xF4,0x7C,0xBA,0x7C,0x75,\
0x12,0xA2,0x5D,0x2D,0x37,0xDA,0x79,0x22,0x7C,0xAB,0xE5,0x52,0x7A,0xB3,0x03,0xE9,\
0x7E,0x70,0xFF,0xE5,0x52,0x60,0x08,0xE5,0x52,0x0A,0x3B,0x09,0x73,0x04,0x19,0x7E,\
0x63,0x3F,0x2D,0xBC,0x67,0x38,0x3A,0xE5,0x52,0x60,0x0A,0x9E,0x73,0x3F,0x2D,0xBC,\
0x67,0x28,0x02,0x7C,0x76,0x7E,0x60,0x01,0x80,0x1F,0x0A,0x26,0x09,0xB2,0x04,0x47,\
0xB4,0x80,0x14,0x0A,0x26,0x09,0xB2,0x04,0x19,0xBC,0xB7,0x50,0x0A,0x7C,0x7B,0x7A,\
0x63,0x03,0xE9,0x7A,0xA3,0x04,0x43,0x0B,0x60,0x7E,0xB3,0x3F,0x34,0xBC,0xB6,0x50,\
0xD9,0x22,0xCA,0x3B,0x7D,0x61,0x7A,0x27,0x34,0xF1,0x7C,0xE7,0x7C,0xFB,0xE4,0x12,\
0xE0,0xD3,0x7A,0xB3,0x36,0xAE,0xBE,0xF0,0x02,0x50,0x05,0xBE,0xE0,0x01,0x78,0x14,\
0x74,0x31,0x7A,0xB3,0x36,0xA5,0x74,0x32,0x7A,0xB3,0x36,0xAF,0x74,0x31,0x7A,0xB3,\
0x36,0x72,0x80,0x21,0x7C,0xBF,0x7E,0x37,0x34,0xF1,0x7D,0x26,0x12,0x95,0x21,0x7C,\
0xBF,0x7E,0x37,0x34,0xF1,0x7D,0x26,0x12,0xBD,0xB8,0x7C,0xBF,0x7E,0x37,0x34,0xF1,\
0x7D,0x26,0x12,0xAD,0x46,0x7E,0xB3,0x36,0xAE,0xDA,0x3B,0x22,0x7D,0x02,0x7E,0x63,\
0x36,0xC9,0x0A,0x26,0x19,0x72,0x36,0xDE,0x60,0x0F,0x7E,0x70,0x02,0x7C,0xB6,0xAC,\
0xB7,0x59,0x05,0x37,0x1A,0x59,0x15,0x37,0x44,0x7E,0x44,0x00,0x01,0x7E,0xB3,0x36,\
0xC9,0x7E,0x70,0x02,0xAC,0xB7,0x59,0x45,0x37,0x6E,0x7E,0x44,0x7F,0xFF,0x7E,0x73,\
0x36,0xC9,0x5E,0x70,0x01,0x74,0x02,0xAC,0xB7,0x59,0x45,0x37,0x98,0x7E,0xB3,0x36,\
0xC9,0x04,0x7A,0xB3,0x36,0xC9,0x7E,0x73,0x36,0xC9,0xBE,0x70,0x14,0x28,0x06,0x74,\
0x33,0x7A,0xB3,0x36,0xAF,0x22,0xE5,0x52,0x0A,0x3B,0x09,0xA3,0x04,0x19,0x7E,0xB3,\
0x3F,0x2C,0x0A,0x2B,0xE5,0x52,0x60,0x06,0x7E,0xB3,0x3F,0x2D,0x0A,0x2B,0xE5,0x51,\
0xBE,0xB0,0x02,0x68,0x0F,0xE4,0x7A,0xB3,0x03,0xDD,0x0A,0x3A,0xBD,0x32,0x28,0x2E,\
0x74,0x01,0x80,0x26,0x7E,0xB3,0x3F,0x2B,0x30,0xE6,0x04,0x74,0x02,0x80,0x1B,0xE4,\
0x7A,0xB3,0x03,0xDD,0x0A,0x3A,0xBD,0x32,0x28,0x14,0x74,0x01,0x7A,0xB3,0x03,0xDD,\
0x3E,0x24,0x0A,0x3A,0xBD,0x32,0x28,0x06,0x74,0x02,0x7A,0xB3,0x03,0xDD,0x22,0x7C,\
0xA5,0x7C,0x57,0x7C,0x7B,0x7C,0xBA,0x54,0x90,0x7A,0xB3,0x36,0xB0,0x7A,0x73,0x36,\
0xB1,0x3E,0x70,0x3E,0x70,0x7A,0x73,0x36,0xB2,0xE4,0x7A,0xB3,0x36,0xAF,0x7C,0xBA,\
0x54,0x03,0x7A,0xB3,0x36,0xA6,0xB4,0x03,0x06,0x74,0x01,0x7A,0xB3,0x36,0xA6,0x7A,\
0x53,0x36,0xA7,0x7A,0x63,0x36,0xA8,0xE4,0x7A,0xB3,0x36,0xA5,0x7C,0xBA,0x54,0x04,\
0x7A,0xB3,0x36,0x73,0x7A,0x53,0x36,0x74,0x0A,0x36,0x7A,0x37,0x36,0x75,0xE4,0x7A,\
0xB3,0x36,0x72,0x22,0x7C,0x12,0x7C,0x03,0x7C,0xAB,0x7D,0x13,0x1A,0x30,0x1A,0x01,\
0x7E,0x44,0x00,0x01,0x7A,0x47,0xFF,0x8A,0x6C,0x99,0x80,0x37,0x7D,0xF1,0x7D,0xE3,\
0x3E,0xE4,0x2D,0x1E,0x6C,0x88,0x80,0x25,0x0A,0xEA,0x4E,0xE4,0x05,0x00,0x7A,0xE7,\
0xFF,0x88,0x0B,0xF8,0xE0,0x7A,0xE7,0xFF,0x80,0x00,0x00,0x00,0x00,0x00,0x7E,0xE7,\
0xFF,0x84,0x1B,0xF8,0xE0,0x7D,0xE0,0x3E,0xE4,0x2D,0xFE,0x0B,0x80,0xBC,0x48,0x18,\
0xD7,0x0B,0x90,0xBC,0x59,0x18,0xC5,0x22,0xA9,0xA0,0xED,0xE4,0x33,0x78,0x04,0x74,\
0x01,0x80,0x42,0x90,0xF8,0x04,0xE4,0x93,0xB4,0x49,0x1A,0x90,0xF8,0x05,0xE4,0x93,\
0xB4,0x53,0x12,0x90,0xF8,0x06,0xE4,0x93,0xB4,0x50,0x0A,0x90,0xF8,0x07,0xE4,0x93,\
0xBE,0xB0,0x38,0x68,0x04,0x74,0x02,0x80,0x1C,0xE5,0xD2,0x0A,0x3B,0x5E,0x34,0x00,\
0x40,0xBE,0x34,0x00,0x40,0x78,0x04,0x74,0x03,0x80,0x0A,0x90,0xF8,0x0A,0xE4,0x93,\
0x7A,0xB3,0x24,0x12,0xE4,0x7A,0xB3,0x02,0x5B,0x22,0x7D,0x03,0x4D,0x11,0x78,0x06,\
0x7E,0x34,0x01,0xFE,0x80,0x02,0x7D,0x31,0x7A,0x37,0xFF,0x08,0x7E,0x34,0x00,0x01,\
0x7A,0x37,0xFF,0x0C,0x7E,0x34,0x1F,0xFF,0x7A,0x37,0xFF,0x12,0x7E,0x34,0xE1,0x01,\
0x7A,0x37,0xFF,0x10,0x7A,0x07,0xFF,0x02,0x7E,0x34,0x01,0xFE,0x7A,0x37,0xFF,0x06,\
0x7E,0x73,0x31,0x17,0x0A,0x37,0x7E,0x60,0x01,0x7A,0x37,0xFF,0x0A,0x7E,0x73,0x31,\
0x10,0x0A,0x37,0x7A,0x37,0xFF,0x0E,0x7A,0x27,0xFF,0x04,0x22,0x30,0x10,0x10,0xE5,\
0xF4,0xC4,0x54,0x0F,0xBE,0xB0,0x01,0x40,0x06,0xE5,0xF5,0xF5,0x56,0xC2,0x10,0xE5,\
0xF4,0xC4,0x54,0x0F,0x68,0x36,0x12,0xE3,0x74,0xE5,0x56,0xB4,0xFF,0x0F,0xE5,0xF4,\
0xC4,0x54,0x0F,0xB4,0x01,0x07,0xE5,0xF5,0xF5,0x54,0x05,0x4F,0x22,0x80,0x16,0x7E,\
0x71,0xF5,0xE5,0x4F,0x0A,0x4B,0xE5,0x56,0x0A,0x5B,0x2D,0x54,0x19,0x75,0x3C,0x1F,\
0x12,0x77,0xAB,0x05,0x4F,0xE5,0xF4,0xC4,0x54,0x0F,0x78,0xE3,0x22,0x7C,0xAB,0x7D,\
0x23,0x7E,0x34,0x37,0xC4,0xA2,0x00,0xE4,0x33,0x7C,0x3B,0x4C,0xAA,0x68,0x3E,0xA5,\
0xBB,0x00,0x0A,0x7E,0x39,0xB0,0xB4,0x20,0x04,0xE4,0x7A,0x39,0xB0,0x7E,0x39,0x20,\
0x7C,0xB2,0x54,0xF0,0x78,0x1F,0x7E,0x29,0xB0,0x60,0x0C,0xA5,0xBA,0x00,0x04,0x74,\
0x01,0x80,0x0F,0x74,0x02,0x80,0x0B,0xBE,0x20,0x01,0x68,0x04,0xA5,0xBA,0x02,0x05,\
0x74,0x20,0x7A,0x39,0xB0,0x0B,0x34,0x0B,0x24,0x1B,0xA0,0x78,0xC2,0x22,0x6C,0xAA,\
0x7E,0x73,0x25,0xCE,0xA5,0xBF,0x01,0x10,0x7E,0x27,0x25,0xBF,0x4D,0x22,0x78,0x05,\
0x7E,0xA0,0x01,0x80,0x03,0x7E,0xA0,0x80,0xA5,0xBF,0x02,0x03,0x4E,0xA0,0x40,0x7E,\
0xB3,0x25,0xF0,0x60,0x03,0x4E,0xA0,0x02,0x7E,0xB3,0x25,0xF1,0x60,0x03,0x4E,0xA0,\
0x04,0x7E,0xB3,0x25,0xF2,0x60,0x03,0x4E,0xA0,0x08,0x7E,0xB3,0x25,0xDF,0x60,0x03,\
0x4E,0xA0,0x10,0x7E,0xB3,0x25,0xDD,0x60,0x03,0x4E,0xA0,0x20,0x7C,0xBA,0x22,0xCA,\
0x79,0x7D,0x42,0x7C,0xAB,0x7D,0x23,0x1A,0x7B,0x09,0xB7,0x33,0xC1,0x60,0x0A,0xBE,\
0x24,0x00,0x00,0x08,0x04,0x0E,0x24,0x0E,0x24,0x7E,0xB3,0x2E,0xB9,0x0A,0x3B,0xBD,\
0x32,0x58,0x18,0x09,0xB7,0x32,0xEF,0xB4,0x01,0x0D,0x7C,0xBA,0x7D,0x34,0x7D,0x21,\
0x7D,0x10,0x12,0x7C,0xE8,0x80,0x15,0x74,0x01,0x80,0x12,0x74,0x01,0x19,0xB7,0x32,\
0xF9,0x7C,0xBA,0x7D,0x34,0x7D,0x21,0x7D,0x10,0x12,0x24,0x5F,0xE4,0xDA,0x79,0x22,\
0x12,0xE3,0x75,0x7E,0xA0,0x08,0x7E,0xB3,0x24,0x16,0x0A,0x3B,0x7E,0xB3,0x23,0xE0,\
0x0A,0x4B,0x2D,0x43,0xBE,0x44,0x00,0xF8,0x78,0x08,0x7E,0xB3,0x23,0xE1,0xF5,0xDE,\
0x80,0x20,0xBE,0x44,0x00,0xD0,0x40,0x14,0xBE,0x44,0x00,0xEF,0x38,0x0E,0x7D,0x34,\
0x9E,0x34,0x00,0xD0,0x09,0xB3,0x23,0x80,0xF5,0xDE,0x80,0x06,0x09,0xB4,0x3C,0x1F,\
0xF5,0xDE,0x7E,0xB3,0x24,0x16,0x04,0x7A,0xB3,0x24,0x16,0x1B,0xA0,0x78,0xB7,0x22,\
0xCA,0xF8,0x7E,0x34,0x37,0xEF,0x7E,0x24,0x37,0xFD,0x7E,0x14,0x38,0x11,0x7E,0x04,\
0x37,0xE5,0x12,0x37,0xB6,0x7A,0x73,0x23,0x46,0x7E,0xB3,0x37,0xD2,0xB4,0xFF,0x0A,\
0x7E,0xB3,0x23,0x46,0x70,0x04,0x6C,0xFF,0x80,0x03,0x7E,0xF0,0x01,0x12,0xE2,0x59,\
0x4C,0xFB,0x12,0xC6,0x4E,0x30,0xE7,0x03,0x4E,0xF0,0x01,0x12,0xE1,0xCF,0x70,0x0B,\
0xA2,0x0D,0xE4,0x33,0x78,0x05,0x12,0xD1,0x01,0x4C,0xFB,0x7C,0xBF,0xDA,0xF8,0x22,\
0x7F,0x71,0x7F,0x60,0x6D,0x22,0x6D,0x33,0x80,0x3A,0xBE,0x68,0x00,0x00,0x68,0x0E,\
0x7F,0x07,0x2D,0x12,0x7E,0x0B,0xB0,0x7F,0x06,0x2D,0x12,0x7A,0x0B,0xB0,0x7F,0x07,\
0x2D,0x12,0x7E,0x0B,0x30,0x0A,0x13,0x2D,0x31,0x0A,0x07,0x3E,0x04,0x5E,0x04,0x00,\
0xFE,0x7C,0xB7,0x23,0x54,0x01,0x0A,0x1B,0x2D,0x10,0x7D,0x03,0x6C,0x11,0x0A,0x33,\
0x4D,0x30,0x0B,0x24,0x69,0x0F,0xFF,0xFD,0xBD,0x20,0x40,0xBE,0x22,0x7E,0xB3,0x02,\
0xBA,0xB4,0x02,0x3D,0x7E,0xB3,0x02,0xBF,0xB4,0x10,0x36,0x7E,0xB3,0x03,0x92,0xB4,\
0x02,0x02,0xC2,0x12,0x12,0xE2,0xCC,0x12,0xA9,0x17,0x60,0x1D,0xE4,0x7A,0xB3,0x02,\
0xBA,0x74,0x20,0x7A,0xB3,0x02,0xBF,0x74,0x04,0x6C,0x77,0x12,0xA2,0x5D,0xE5,0x45,\
0x7E,0x53,0x02,0x5D,0x12,0xCA,0x83,0x80,0x05,0xE4,0x7A,0xB3,0x02,0xBA,0x12,0xDE,\
0xD6,0x7E,0xB3,0x02,0xBA,0x70,0x02,0xD2,0x21,0x22,0xCA,0xF8,0x7C,0xA5,0x7C,0x9B,\
0x7D,0x03,0xBD,0x13,0x68,0x3E,0x7E,0x83,0x31,0x17,0x7E,0x73,0x31,0x18,0x6C,0x66,\
0x80,0x2E,0x7D,0x20,0x7D,0xF1,0x6C,0xFF,0x80,0x14,0x0B,0x28,0xE0,0x1B,0xF8,0xE0,\
0x1A,0xE8,0x3E,0xE4,0x2D,0x2E,0x1A,0xE8,0x3E,0xE4,0x2D,0xFE,0x0B,0xF0,0xBC,0xAF,\
0x18,0xE8,0x1A,0xE7,0x3E,0xE4,0x2D,0x0E,0x1A,0xE7,0x3E,0xE4,0x2D,0x1E,0x0B,0x60,\
0xBC,0x96,0x18,0xCE,0xDA,0xF8,0x22,0xC3,0x13,0x60,0x0D,0x0B,0x28,0x10,0x1B,0x38,\
0x10,0x0B,0x35,0x0B,0x25,0x14,0x70,0xF3,0x50,0x06,0x7E,0x29,0x20,0x7A,0x39,0x20,\
0x22,0x7C,0x05,0xBE,0x00,0x00,0x68,0x0B,0x7E,0x39,0x10,0xA5,0x29,0x23,0x0B,0x34,\
0xA5,0xD8,0xF5,0x22,0x7C,0x03,0xBE,0x00,0x00,0x68,0x17,0x0A,0x42,0x3E,0x44,0x0B,\
0x28,0x10,0x1B,0x38,0x10,0xA5,0x2A,0x23,0xA5,0x2B,0x23,0x0B,0x35,0x2D,0x24,0xA5,\
0xD8,0xED,0x22,0x7C,0xA7,0x7E,0x44,0x2D,0x9C,0x1A,0x2B,0x7E,0x34,0x00,0x0E,0xAD,\
0x32,0x2D,0x43,0x6C,0x77,0x80,0x33,0x09,0x64,0x00,0x07,0x09,0x54,0x00,0x08,0xBE,\
0x60,0xFF,0x68,0x15,0x7D,0x14,0x2E,0x14,0x00,0x03,0x7E,0x19,0xB0,0x04,0x7A,0x19,\
0xB0,0x19,0x64,0x00,0x05,0x19,0x54,0x00,0x06,0x74,0xFF,0x19,0xB4,0x00,0x07,0xE4,\
0x19,0xB4,0x00,0x08,0x2E,0x44,0x00,0x0E,0x0B,0x70,0xBC,0xA7,0x18,0xC9,0x22,0xCA,\
0xF8,0x7C,0xFB,0x7E,0x24,0x36,0x51,0x6D,0x33,0x12,0xBC,0xE8,0x0A,0x3F,0x3E,0x34,\
0x3E,0x34,0x3E,0x34,0x3E,0x34,0x5E,0x34,0x00,0xF0,0x7E,0x27,0x02,0xDE,0x5E,0x50,\
0x0F,0x7A,0x27,0x02,0xDE,0x4E,0x37,0x02,0xDE,0x7A,0x37,0x02,0xDE,0x7E,0x14,0x02,\
0xDE,0x7E,0x04,0x00,0x01,0x7E,0x24,0x00,0xF0,0x6D,0x33,0x12,0x8C,0x36,0x7E,0x24,\
0x36,0x51,0x6D,0x33,0x12,0xC9,0xF0,0xDA,0xF8,0x22,0xCA,0xF8,0x6C,0xFF,0x30,0x08,\
0x03,0x7E,0xF0,0x01,0x12,0xE0,0x3F,0x70,0x03,0x4E,0xF0,0x02,0x12,0xD1,0x01,0x60,\
0x03,0x4E,0xF0,0x04,0x12,0xE3,0x29,0x60,0x03,0x4E,0xF0,0x08,0x7E,0xB3,0x3F,0x2B,\
0x30,0xE7,0x0D,0x7E,0x73,0x3F,0x34,0xBE,0x73,0x04,0x45,0x28,0x03,0x4E,0xF0,0x10,\
0x20,0x15,0x06,0x20,0x02,0x03,0x30,0x00,0x03,0x4E,0xF0,0x80,0x7A,0xF3,0x02,0x50,\
0x7C,0xBF,0xDA,0xF8,0x22,0x7D,0x13,0x7E,0x73,0x31,0x11,0x0A,0x07,0x1B,0x04,0x7C,\
0x01,0x6C,0x11,0x7E,0x73,0x31,0x10,0x0A,0x37,0x1B,0x34,0x7C,0x67,0x6C,0x77,0x7E,\
0xB3,0x31,0x0C,0x70,0x06,0x7D,0x50,0x7D,0x03,0x7D,0x35,0x7E,0xB3,0x2E,0xED,0x1A,\
0x4B,0x7E,0xB3,0x2E,0xEE,0x1A,0x5B,0x9D,0x04,0x9D,0x35,0xBD,0x41,0x18,0x0C,0xBD,\
0x52,0x18,0x08,0xBD,0x01,0x48,0x04,0xBD,0x32,0x58,0x03,0x74,0x01,0x22,0xE4,0x22,\
0x4D,0x33,0x78,0x21,0x7E,0xB3,0x24,0x10,0x14,0x7A,0xB3,0x24,0x10,0x6D,0x33,0x7A,\
0x37,0x02,0xD0,0x7E,0x34,0x00,0xE8,0x7A,0x37,0xFF,0xA0,0x7E,0x37,0x02,0xD0,0x7A,\
0x37,0xFF,0xA2,0x80,0x15,0xBE,0x34,0xC0,0x00,0x68,0x06,0xBE,0x34,0x80,0x00,0x78,\
0x09,0x75,0xB3,0x00,0xA9,0xD2,0xED,0xA9,0xC1,0xED,0x09,0x72,0x00,0x01,0x7C,0xB7,\
0x42,0xE8,0x7E,0x29,0x70,0x7C,0xB7,0x42,0xA8,0x22,0xCA,0xF8,0x7C,0xFB,0x0B,0xFD,\
0x7F,0x1F,0x1B,0x34,0x7D,0x23,0x6D,0x33,0x12,0xBC,0xE8,0x0A,0x2F,0x5E,0x24,0x00,\
0x01,0x7C,0x45,0x6C,0x55,0x7E,0x37,0x3E,0x4F,0x5E,0x60,0xFE,0x4D,0x32,0x7A,0x37,\
0x3E,0x4F,0x7E,0x14,0x3E,0x4F,0x7E,0x04,0x00,0x01,0x7E,0x24,0x00,0x0E,0x6D,0x33,\
0x12,0x8C,0x36,0x7F,0x1F,0x1B,0x34,0x7D,0x23,0x6D,0x33,0x12,0xC9,0xF0,0x1B,0xFD,\
0xDA,0xF8,0x22,0xCA,0x3B,0x7C,0xF5,0x7C,0xEB,0x7D,0xF3,0xBE,0xF0,0x01,0x28,0x39,\
0x6C,0xDD,0x80,0x31,0x0B,0xF8,0x30,0x1A,0x26,0x1A,0x24,0x7D,0xEF,0x7E,0xC0,0x01,\
0x80,0x11,0x74,0x02,0xAC,0xBE,0x2D,0xE5,0x0B,0xE8,0x10,0x1A,0x02,0x1A,0x00,0x2F,\
0x10,0x0B,0xC0,0xBC,0xFC,0x38,0xEB,0x0A,0x1F,0x6D,0x00,0x12,0x8B,0xDD,0x1B,0xF8,\
0x30,0x0B,0xF5,0x0B,0xD0,0xBC,0xED,0x38,0xCB,0xDA,0x3B,0x22,0x7C,0x7B,0xA5,0xBF,\
0x40,0x06,0x12,0xE3,0x1A,0x02,0x6A,0xA9,0xBE,0x70,0x10,0x40,0x36,0xBE,0x70,0x12,\
0x38,0x31,0x30,0x00,0x2E,0xE4,0x12,0xD3,0x8F,0x7E,0x34,0x3C,0x2F,0x20,0x16,0x06,\
0x7E,0x04,0x00,0x01,0x80,0x02,0x6D,0x00,0x7E,0x14,0x00,0x2A,0xAD,0x10,0x7D,0x21,\
0x2E,0x24,0x03,0x3B,0x7E,0xB3,0x3E,0xD9,0x3E,0xB0,0x3E,0xB0,0x0B,0xB1,0x12,0xC8,\
0x77,0xC2,0x00,0x22,0xE4,0x7A,0xB3,0x25,0xF3,0x6D,0x33,0x6C,0xAA,0x1A,0x2A,0x09,\
0x52,0x32,0xEF,0xA5,0xBD,0x01,0x08,0x74,0x01,0x7A,0xB3,0x25,0xF2,0x80,0x0A,0xA5,\
0xBD,0x02,0x06,0x74,0x01,0x7A,0xB3,0x25,0xF1,0xBE,0x50,0x01,0x28,0x16,0xBE,0x50,\
0x05,0x50,0x11,0x1A,0x1A,0x09,0xB1,0x33,0xC1,0x30,0xE6,0x06,0x74,0x01,0x7A,0xB3,\
0x25,0xF3,0x0B,0x34,0x0B,0xA0,0xBE,0xA0,0x0A,0x48,0xC2,0x22,0x7C,0xA5,0x7D,0x43,\
0x7C,0x3B,0x6C,0x77,0x7E,0x63,0x25,0xCB,0xBE,0x60,0x0A,0x28,0x0E,0x7E,0xB3,0x25,\
0xC9,0x60,0x0D,0x7E,0x20,0x01,0x7E,0x70,0x01,0x80,0x05,0x7E,0x70,0x01,0x6C,0x22,\
0x4C,0x77,0x68,0x0F,0xE4,0x80,0x08,0x1A,0x0B,0x2D,0x04,0x7A,0x09,0x20,0x04,0xBC,\
0xAB,0x18,0xF4,0x1A,0x33,0x2D,0x34,0x7E,0x39,0x20,0xE4,0x7A,0x39,0xB0,0x7A,0x23,\
0x25,0xC9,0x22,0x7A,0x37,0x36,0xB8,0x7A,0x27,0x36,0xBA,0x7E,0x37,0x36,0xB8,0x7E,\
0x27,0x36,0xBC,0x12,0xE1,0xFF,0x7A,0x37,0x36,0xBC,0x7E,0x37,0x36,0xBA,0x7E,0x27,\
0x36,0xBE,0x12,0xE1,0xFF,0x7A,0x37,0x36,0xBE,0x7E,0x37,0x36,0xB8,0x7E,0x27,0x36,\
0xC0,0x12,0xE2,0x0B,0x7A,0x37,0x36,0xC0,0x7E,0x37,0x36,0xBA,0x7E,0x27,0x36,0xC2,\
0x12,0xE2,0x0B,0x7A,0x37,0x36,0xC2,0x02,0x8D,0x2C,0xC2,0xA8,0xA9,0xC7,0xDA,0xA9,\
0xD3,0xA6,0xA9,0xC3,0xA7,0xA9,0xD3,0xA2,0xA9,0xC3,0xA4,0xA9,0xD2,0xA6,0xA9,0xC2,\
0xA7,0xA9,0xD2,0xA2,0xA9,0xC2,0xA4,0x85,0x55,0xDA,0x75,0xDD,0x04,0xD2,0x03,0xC2,\
0x04,0xC2,0x05,0xE4,0x7A,0xB3,0x24,0x16,0x7A,0xB3,0x23,0xE1,0x75,0xDB,0x00,0x75,\
0xC3,0xFE,0xA9,0xD7,0xDA,0x7E,0xB3,0x02,0xE2,0x44,0x01,0x7A,0xB3,0x02,0xE2,0x22,\
0xCA,0xF8,0x7C,0xFB,0x0B,0xFD,0x7F,0x1F,0x1B,0x34,0x7D,0x23,0x6D,0x33,0x12,0xBC,\
0xE8,0x0A,0x2F,0x5E,0x24,0x00,0x01,0x3E,0x24,0x7E,0x37,0x3E,0x3D,0x5E,0x70,0xFD,\
0x4D,0x32,0x7A,0x37,0x3E,0x3D,0x7E,0x14,0x3E,0x3D,0x7E,0x04,0x00,0x01,0x6D,0x33,\
0x6D,0x22,0x12,0x8C,0x36,0x7F,0x1F,0x1B,0x34,0x7D,0x23,0x6D,0x33,0x12,0xC9,0xF0,\
0x1B,0xFD,0xDA,0xF8,0x22,0xCA,0xF8,0x7C,0xFB,0x7E,0x24,0x36,0x4D,0x6D,0x33,0x12,\
0xBC,0xE8,0x0A,0x3F,0x5E,0x34,0x00,0x03,0x7C,0x47,0x6C,0x55,0x3E,0x24,0x3E,0x24,\
0x7E,0x37,0x3E,0x4F,0x5E,0x60,0xF3,0x4D,0x32,0x7A,0x37,0x3E,0x4F,0x7E,0x14,0x3E,\
0x4F,0x7E,0x04,0x00,0x01,0x7E,0x24,0x00,0x0E,0x6D,0x33,0x12,0x8C,0x36,0x7E,0x24,\
0x36,0x4D,0x6D,0x33,0x12,0xC9,0xF0,0xDA,0xF8,0x22,0xCA,0x3B,0x7D,0x72,0x7D,0x63,\
0x7E,0x18,0x35,0x28,0x7A,0x1F,0x35,0x2D,0x6C,0x77,0x7E,0x08,0x35,0x26,0x12,0xD4,\
0xE4,0x6C,0x77,0x7E,0x27,0x35,0x26,0x1B,0x28,0x60,0x7E,0x27,0x35,0x26,0x0B,0x25,\
0x7A,0x27,0x35,0x26,0x7E,0x27,0x35,0x28,0x1B,0x28,0x70,0x7E,0x27,0x35,0x28,0x0B,\
0x25,0x7A,0x27,0x35,0x28,0x0B,0x70,0xBE,0x70,0x02,0x48,0xD7,0xDA,0x3B,0x22,0xCA,\
0xF8,0x7C,0xFB,0x7E,0x24,0x34,0xF3,0x6D,0x33,0x12,0xBC,0xE8,0x7E,0x37,0x02,0xDE,\
0x5E,0x60,0xFB,0x7A,0x37,0x02,0xDE,0x4C,0xFF,0x68,0x0B,0x7E,0x37,0x02,0xDE,0x4E,\
0x60,0x04,0x7A,0x37,0x02,0xDE,0x7E,0x14,0x02,0xDE,0x7E,0x04,0x00,0x01,0x7E,0x24,\
0x00,0xF0,0x6D,0x33,0x12,0x8C,0x36,0x7E,0x24,0x34,0xF3,0x6D,0x33,0x12,0xC9,0xF0,\
0xDA,0xF8,0x22,0x7C,0x7B,0xA5,0xBF,0x00,0x19,0x74,0x05,0x7A,0xB3,0x3C,0x2B,0x74,\
0x52,0x7A,0xB3,0x3C,0x2C,0x74,0x01,0x7A,0xB3,0x3C,0x2D,0x74,0x51,0x7A,0xB3,0x3C,\
0x2E,0x22,0xA5,0xBF,0x01,0x20,0x7E,0x73,0x3E,0xCE,0x7A,0x73,0x3C,0x2B,0x7E,0x73,\
0x3E,0xCF,0x7A,0x73,0x3C,0x2C,0x7E,0x73,0x3E,0xD0,0x7A,0x73,0x3C,0x2D,0x7E,0x73,\
0x3E,0xD1,0x7A,0x73,0x3C,0x2E,0x22,0xCA,0xF8,0x7A,0x37,0x36,0x49,0x7E,0xF1,0xEA,\
0x5E,0xF0,0xF8,0x7C,0xBF,0x44,0x05,0xF5,0xEA,0x7E,0x14,0x36,0x49,0x7E,0x04,0x00,\
0x01,0x7E,0x24,0x00,0x08,0x6D,0x33,0x12,0x8C,0x36,0x7E,0x14,0x36,0x4B,0x7E,0x04,\
0x00,0x01,0x7E,0x24,0x00,0x09,0x7E,0x34,0x40,0x00,0x12,0x8C,0x36,0x7C,0xBF,0x44,\
0x07,0xF5,0xEA,0x7E,0x57,0x36,0x4B,0xDA,0xF8,0x22,0x7D,0x13,0xBE,0x14,0x00,0x01,\
0x40,0x3A,0xBE,0x14,0x00,0x24,0x50,0x34,0x7D,0x02,0x1E,0x04,0x3E,0x04,0x2E,0x04,\
0x3E,0x7D,0x7D,0x32,0x5E,0x34,0x00,0x01,0x68,0x15,0x0B,0x08,0x30,0x6C,0x66,0x1B,\
0x08,0x30,0x7C,0x63,0x6C,0x77,0x0B,0x08,0x10,0x4D,0x13,0x1B,0x08,0x10,0x22,0x0B,\
0x08,0x30,0x6C,0x77,0x1B,0x08,0x30,0x4D,0x31,0x1B,0x08,0x30,0x22,0xCA,0xF8,0x7D,\
0x43,0x7C,0xAB,0xA2,0xEB,0xE4,0x33,0x7C,0xFB,0xC2,0xEB,0x7C,0x6A,0x5E,0x60,0x01,\
0x7E,0x70,0x1B,0xAC,0x67,0x2E,0x34,0x23,0x48,0x6D,0x22,0x5E,0xA0,0x0F,0xE4,0x7E,\
0x1B,0x30,0xBC,0x3A,0x78,0x11,0x7E,0x54,0x00,0x1B,0xCA,0x59,0x7D,0x14,0x6D,0x00,\
0x12,0xD9,0xBE,0x1B,0xFD,0x74,0x01,0x2E,0xF0,0xFF,0x92,0xEB,0xDA,0xF8,0x22,0x7D,\
0x13,0x7E,0x10,0x08,0xAC,0x1B,0x2E,0x04,0x33,0x67,0x49,0x31,0x00,0x0A,0x1B,0x08,\
0x30,0x09,0x71,0x00,0x06,0x19,0x70,0x00,0x02,0x7E,0x19,0x70,0x19,0x70,0x00,0x03,\
0x09,0x71,0x00,0x01,0x19,0x70,0x00,0x04,0x09,0x71,0x00,0x02,0x19,0x70,0x00,0x05,\
0x09,0x71,0x00,0x03,0x19,0x70,0x00,0x06,0x09,0x71,0x00,0x08,0x19,0x70,0x00,0x07,\
0x22,0x7C,0x9B,0x7E,0x37,0x2F,0x4B,0x7E,0x24,0x2F,0x4D,0x7E,0x14,0x2F,0xDD,0x6C,\
0xAA,0x80,0x2A,0x49,0xD1,0x00,0x02,0x0B,0x18,0xC0,0x49,0xF2,0x00,0x02,0x0B,0x28,\
0xE0,0x2F,0x76,0x74,0x05,0x1E,0xF4,0x0E,0xE4,0x50,0x04,0x4E,0xF4,0x80,0x00,0x14,\
0x78,0xF3,0x1B,0x38,0xF0,0x0B,0x35,0x0B,0x26,0x0B,0x16,0x0B,0xA0,0xBC,0x9A,0x38,\
0xD2,0x22,0xC2,0xEA,0xA9,0xC7,0xF1,0xA9,0xD5,0xA6,0xA9,0xC5,0xA7,0xA9,0xD5,0xA2,\
0xA9,0xC5,0xA4,0xA9,0xD7,0xA6,0xA9,0xC7,0xA7,0xA9,0xD7,0xA2,0xA9,0xC7,0xA4,0x85,\
0x50,0xF1,0x75,0xF4,0x04,0xD2,0x0E,0xC2,0x0F,0xC2,0x10,0x75,0x4F,0x00,0x75,0xF2,\
0x00,0x75,0xC0,0xFB,0xA9,0xD7,0xF1,0x7E,0xB3,0x24,0x14,0x44,0x04,0x7A,0xB3,0x24,\
0x14,0x22,0x7D,0x52,0x7D,0x13,0x1A,0x06,0x1A,0x00,0x7F,0x10,0x2F,0x10,0x2F,0x11,\
0x2F,0x11,0x9F,0x10,0x7D,0x15,0x1A,0x0A,0x1A,0x00,0x2F,0x10,0x0B,0x1E,0xBE,0x18,\
0x00,0x00,0x18,0x02,0x1B,0x1C,0x1E,0x34,0x0E,0x24,0x50,0x03,0x4E,0x60,0x80,0x1E,\
0x34,0x0E,0x24,0x50,0x03,0x4E,0x60,0x80,0x1E,0x34,0x0E,0x24,0x50,0x03,0x4E,0x60,\
0x80,0x22,0xCA,0xF8,0x7C,0xFB,0x7E,0x24,0x36,0x4D,0x6D,0x33,0x12,0xBC,0xE8,0x0A,\
0x2F,0x5E,0x24,0x00,0x07,0x3E,0x24,0x3E,0x24,0x7E,0x37,0x3E,0x3D,0x5E,0x70,0xE3,\
0x4D,0x32,0x7A,0x37,0x3E,0x3D,0x7E,0x14,0x3E,0x3D,0x7E,0x04,0x00,0x01,0x6D,0x33,\
0x6D,0x22,0x12,0x8C,0x36,0x7E,0x24,0x36,0x4D,0x6D,0x33,0x12,0xC9,0xF0,0xDA,0xF8,\
0x22,0xCA,0x3B,0x7E,0x73,0x3E,0xF0,0x0A,0x67,0x7E,0xB3,0x02,0xE1,0x30,0xE2,0x2D,\
0x12,0xE3,0x2E,0x60,0x09,0x7E,0xB3,0x03,0xE1,0x12,0xD0,0x4C,0xD2,0x12,0x12,0xE3,\
0x42,0x7D,0x73,0x74,0x04,0x6C,0x77,0x12,0xC2,0x9E,0x7D,0x23,0x7E,0x14,0x02,0x6F,\
0xC2,0x15,0x7D,0x06,0x7D,0x37,0x12,0xB7,0xA9,0x60,0x02,0xD2,0x15,0xDA,0x3B,0x22,\
0x7C,0xA7,0xC2,0xAD,0x7E,0x71,0x45,0xAC,0x7B,0x0B,0x36,0x7A,0x37,0xFF,0x46,0x7E,\
0x71,0x45,0xAC,0x7A,0x2E,0x34,0xD0,0x00,0x7A,0x37,0xFF,0x42,0x6D,0x33,0x7A,0x37,\
0xFF,0x44,0x7E,0x34,0x00,0x03,0x7A,0x37,0xFF,0x40,0x7E,0x37,0xFF,0x40,0x5E,0x34,\
0x00,0x01,0x78,0xF6,0xA9,0xA0,0x96,0xB3,0xA9,0x90,0x96,0xD2,0xAD,0x22,0xCA,0x79,\
0x6C,0x77,0x0A,0x27,0x19,0x52,0x34,0xF1,0x0B,0x70,0xBE,0x70,0x24,0x40,0xF3,0x74,\
0x02,0x6C,0x77,0x12,0xC2,0x9E,0x7D,0x73,0x74,0x02,0x6C,0x77,0x12,0xC2,0x9E,0x7E,\
0x01,0x45,0x7A,0x37,0x35,0x17,0xE4,0x7D,0x37,0x7E,0x24,0x34,0xF1,0x7E,0x31,0x43,\
0x7E,0x21,0x44,0x7E,0x10,0x01,0x12,0x7A,0x55,0xDA,0x79,0x22,0xCA,0xF8,0x7C,0xAB,\
0x7E,0xF0,0x40,0xBE,0xA0,0x00,0x28,0x0E,0x74,0x0C,0xA4,0x09,0xF5,0x3D,0xA9,0x4C,\
0xFF,0x78,0x03,0x7E,0xF0,0x40,0x74,0x04,0x6C,0x77,0x12,0xC2,0x9E,0x7E,0x51,0x4B,\
0x7E,0x43,0x02,0x5D,0x4C,0x44,0x68,0x03,0x7E,0x40,0x01,0x7E,0x21,0x45,0x7C,0xBF,\
0x7E,0x30,0x01,0x12,0xC4,0xB4,0xDA,0xF8,0x22,0xA9,0x24,0xB3,0xFC,0x75,0xB1,0x00,\
0xC2,0xEE,0xC2,0xED,0x75,0xC0,0x9F,0x75,0xB1,0x87,0xA2,0x0D,0xE4,0x33,0x78,0x06,\
0x7E,0xB3,0x3E,0xE8,0x80,0x04,0x7E,0xB3,0x3E,0xE7,0xC4,0x7C,0xAB,0x5E,0xA0,0x0F,\
0x7C,0xBA,0xC4,0x54,0xF0,0x7C,0xAB,0x4E,0xA0,0x0F,0x7A,0xA1,0xB2,0x75,0xB3,0x00,\
0xA9,0x24,0xB3,0xFC,0x22,0x7E,0x24,0x35,0x49,0x6D,0x33,0x12,0xBC,0xE8,0x7E,0x37,\
0x3E,0x4F,0x5E,0x60,0xDF,0x7A,0x37,0x3E,0x4F,0x5E,0x60,0xEF,0x7A,0x37,0x3E,0x4F,\
0x4E,0x60,0x01,0x7A,0x37,0x3E,0x4F,0x7E,0x14,0x3E,0x4F,0x7E,0x04,0x00,0x01,0x7E,\
0x24,0x00,0x0E,0x6D,0x33,0x12,0x8C,0x36,0x7E,0x24,0x35,0x49,0x6D,0x33,0x02,0xC9,\
0xF0,0x7E,0x73,0x2E,0xBA,0x0A,0x37,0x4D,0x33,0x68,0x0F,0x6E,0x34,0xFF,0xFF,0x0B,\
0x34,0xBE,0x37,0x25,0xEB,0x08,0x03,0x74,0x01,0x22,0x7E,0xB3,0x31,0x0F,0x60,0x0C,\
0x7E,0x73,0x25,0xCC,0xBE,0x70,0x0A,0x38,0x03,0x74,0x01,0x22,0x7E,0x73,0x25,0xCB,\
0xBE,0x70,0x0A,0x38,0x04,0x74,0x01,0x80,0x01,0xE4,0x22,0xCA,0x79,0x7C,0xE7,0x7C,\
0xFB,0x7E,0x24,0x36,0x4D,0x6D,0x33,0x12,0xBC,0xE8,0x7C,0xBF,0x7C,0x7E,0x12,0x91,\
0xAD,0x7E,0xB3,0x23,0xE3,0x7C,0x7F,0x12,0xA8,0x73,0x7E,0x34,0x23,0xC5,0x12,0x89,\
0x33,0x7E,0x34,0x23,0xC5,0x12,0xBE,0xEE,0x7E,0x24,0x36,0x4D,0x6D,0x33,0x12,0xC9,\
0xF0,0xDA,0x79,0x22,0x7D,0x43,0x7C,0xAB,0x7E,0x73,0x31,0x10,0x6C,0x66,0xE4,0x80,\
0x0A,0x1A,0x2B,0x2D,0x24,0x7A,0x29,0x60,0x2C,0x6A,0x04,0xBC,0x7B,0x18,0xF2,0x7E,\
0x0B,0x50,0x7E,0x49,0x60,0x2C,0x65,0x7A,0x49,0x60,0x29,0x60,0x00,0x01,0x1A,0x27,\
0x2D,0x24,0x1B,0x24,0x7E,0x29,0x70,0x2C,0x76,0x7A,0x29,0x70,0x22,0xCA,0x3B,0x7D,\
0x60,0xCA,0x19,0xCA,0x29,0x7D,0x73,0x0B,0xFD,0x7F,0x1F,0x1B,0x34,0x7D,0x23,0x7D,\
0x37,0x12,0xBC,0xE8,0x7D,0x06,0x69,0x1F,0xFF,0xFB,0x69,0x2F,0xFF,0xFD,0x7D,0x37,\
0x12,0x8C,0x36,0x7F,0x1F,0x1B,0x34,0x7D,0x23,0x7D,0x37,0x12,0xC9,0xF0,0x9E,0xF8,\
0x00,0x06,0xDA,0x3B,0x22,0xCA,0xF8,0x7C,0xFB,0x74,0xFF,0x7A,0xB3,0x25,0xCD,0xE4,\
0x7A,0xB3,0x25,0xCE,0x74,0xC8,0x7A,0xB3,0x25,0xCC,0x7E,0x34,0x25,0x09,0x7E,0x24,\
0x00,0x08,0x12,0xDF,0x15,0x4C,0xFF,0x68,0x10,0xE4,0x7A,0xB3,0x25,0xCF,0x7E,0x37,\
0x25,0x07,0x7E,0x24,0x00,0x08,0x12,0xDF,0x15,0xDA,0xF8,0x22,0xE4,0x7A,0xB3,0x02,\
0xE2,0x7A,0xB3,0x24,0x14,0x7A,0xB3,0x02,0x5A,0xC2,0x26,0xC2,0x24,0xC2,0x23,0xC2,\
0x22,0xC2,0x0D,0xC2,0x1B,0xC2,0x1E,0x12,0xE3,0x73,0x12,0xE2,0x79,0x12,0xC5,0x08,\
0x12,0xE3,0x72,0xA9,0xC0,0xA6,0xA9,0xC0,0xA7,0xA9,0xC0,0xA2,0xA9,0xD0,0xA4,0xD2,\
0x80,0x22,0x7E,0x14,0xEE,0xED,0x7E,0x04,0x00,0xFF,0x69,0x30,0x00,0x02,0x0B,0x0A,\
0x20,0x7A,0x1F,0x36,0x4D,0x7E,0x24,0x36,0x51,0x6D,0x33,0x12,0xBC,0xE8,0x7E,0x14,\
0x36,0x4D,0x7E,0x04,0x00,0x02,0x7E,0x24,0x00,0x84,0x6D,0x33,0x12,0x8C,0x36,0x7E,\
0x24,0x36,0x51,0x6D,0x33,0x02,0xC9,0xF0,0x7D,0x12,0x7D,0x03,0x1A,0x3B,0x3E,0x34,\
0x3E,0x34,0x3E,0x34,0x7D,0x23,0x2E,0x24,0x31,0xB9,0x2E,0x34,0x32,0x09,0xE4,0x49,\
0x42,0x00,0x02,0x1B,0x28,0x40,0x0B,0x25,0x49,0x43,0x00,0x02,0x1B,0x38,0x40,0x0B,\
0x35,0x04,0xBE,0xB0,0x02,0x48,0xE8,0x1B,0x28,0x00,0x1B,0x38,0x10,0x22,0x75,0xC3,\
0xDF,0x7E,0xB3,0x02,0x51,0x04,0x7A,0xB3,0x02,0x51,0x7E,0x37,0xFF,0x40,0x5E,0x34,\
0x00,0x01,0x78,0xF6,0x20,0x1F,0x13,0x20,0x25,0x10,0xA2,0x22,0x30,0x23,0x01,0xB3,\
0x40,0x08,0xA2,0x26,0x30,0x24,0x01,0xB3,0x50,0x06,0xE4,0x7A,0xB3,0x02,0xBA,0x22,\
0x02,0xE1,0x3C,0x7C,0xAB,0x7F,0x70,0x7E,0x7B,0x70,0x6C,0x66,0x80,0x1C,0x0B,0x70,\
0x7E,0xB3,0x3F,0x34,0xBC,0xB7,0x50,0x03,0x7E,0x70,0x01,0xBC,0xA7,0x68,0x09,0x0A,\
0x27,0x09,0xB2,0x04,0x47,0x30,0xE6,0x0A,0x0B,0x60,0x7E,0xB3,0x3F,0x34,0xBC,0xB6,\
0x38,0xDC,0x7A,0x7B,0x70,0x7C,0xB7,0x22,0x7C,0xA7,0x7A,0xB3,0x2E,0x9B,0x7A,0x73,\
0x2E,0x9D,0x7A,0x63,0x2E,0xBA,0x7A,0x53,0x2E,0x9F,0x7A,0x33,0x2E,0xCD,0xE4,0x7A,\
0xB3,0x25,0xF7,0x7A,0xB3,0x25,0xF8,0x6D,0x33,0x7A,0x37,0x25,0xF9,0x7E,0xB3,0x2E,\
0x9B,0x54,0x01,0xB4,0x01,0x05,0xE4,0x7A,0xB3,0x25,0xDC,0x22,0x7E,0x34,0x25,0x15,\
0x7E,0x24,0x25,0xF8,0x12,0xDF,0xA0,0xE4,0x12,0xAA,0x55,0xE4,0x9F,0x11,0x12,0xC1,\
0xE8,0xE4,0x12,0xD1,0xE5,0x6D,0x33,0xE4,0x12,0xD9,0x50,0x74,0x06,0x7A,0xB3,0x25,\
0xD3,0x7E,0x34,0x31,0x91,0x7E,0x24,0x03,0x60,0x12,0xDF,0x15,0x02,0xE3,0x0E,0x7C,\
0xAB,0x20,0x1F,0x13,0x20,0x25,0x10,0xA2,0x22,0x30,0x23,0x01,0xB3,0x40,0x08,0xA2,\
0x26,0x30,0x24,0x01,0xB3,0x50,0x02,0x6C,0xAA,0x7E,0xB3,0x02,0x55,0x14,0x78,0x10,\
0x7E,0xB3,0x03,0x9B,0x70,0x0A,0x4C,0xAA,0x78,0x03,0xD3,0x80,0x01,0xC3,0x92,0x80,\
0x22,0x7E,0x73,0x36,0xAF,0xBE,0x70,0x00,0x28,0x07,0xBE,0x70,0x20,0x50,0x02,0xD3,\
0x22,0x7E,0x73,0x36,0xA5,0xBE,0x70,0x00,0x28,0x07,0xBE,0x70,0x20,0x50,0x02,0xD3,\
0x22,0x7E,0x73,0x36,0x72,0xBE,0x70,0x00,0x28,0x07,0xBE,0x70,0x20,0x38,0x02,0xD3,\
0x22,0xC3,0x22,0xCA,0x79,0x7C,0xFB,0x7E,0xE3,0x3F,0x91,0x5E,0xE0,0x01,0x4C,0xFB,\
0x78,0x16,0x12,0xE3,0x2E,0x60,0x0D,0x7E,0xB3,0x03,0xE1,0x12,0xD0,0x4C,0x7E,0xB3,\
0x03,0xE1,0x80,0x06,0x7C,0xBF,0x80,0x02,0x7C,0xBF,0x7C,0x7E,0x12,0xA6,0x73,0xD2,\
0x12,0xDA,0x79,0x22,0x7D,0x02,0x7C,0xAB,0x7D,0x23,0x7E,0xB3,0x2E,0x9B,0x30,0xE7,\
0x23,0xE4,0x80,0x18,0x1A,0x3B,0x3E,0x34,0x2D,0x30,0x0B,0x38,0x10,0x0B,0x28,0x30,\
0x9D,0x31,0x1B,0x28,0x30,0x1A,0x3A,0x3E,0x34,0x2D,0x23,0x04,0x7E,0x73,0x31,0x10,\
0xBC,0x7B,0x38,0xE0,0x22,0xCA,0x79,0x6C,0xEE,0x6C,0xFF,0x7E,0xB3,0x3E,0xDB,0x30,\
0xE3,0x19,0x12,0xDD,0x11,0x7C,0xAB,0xBE,0xA3,0x37,0xE3,0x68,0x03,0x7E,0xF0,0x01,\
0x4C,0xAA,0x68,0x03,0x7E,0xE0,0x08,0x7A,0xA3,0x37,0xE3,0x7C,0xBE,0x12,0xD6,0xAD,\
0x7C,0xBF,0xDA,0x79,0x22,0x7C,0xA7,0x7C,0x6B,0xBC,0xAB,0x78,0x02,0xE4,0x22,0xBE,\
0x60,0x08,0x68,0x05,0xBE,0xA0,0x08,0x78,0x03,0x74,0x01,0x22,0x0A,0x2A,0x0A,0x36,\
0x9D,0x32,0x12,0xE1,0x74,0x7C,0xB7,0xBE,0xB0,0x04,0x28,0x08,0x0A,0x4B,0x7E,0x54,\
0x00,0x08,0x9D,0x54,0x22,0x7C,0x3B,0x7F,0x71,0xBE,0x78,0x7F,0xFF,0x08,0x04,0x7E,\
0x78,0x7F,0xFF,0x7D,0x3F,0x7C,0x53,0x5E,0x50,0x7F,0x68,0x17,0x0A,0x15,0x6D,0x00,\
0x7F,0x17,0x12,0x8B,0x70,0x74,0x06,0x1E,0x34,0x0E,0x24,0x50,0x03,0x4E,0x60,0x80,\
0x14,0x78,0xF4,0x22,0x7F,0x70,0x7C,0xA7,0x1A,0x37,0x3E,0x34,0x1A,0x4B,0x3E,0x44,\
0x3E,0x44,0x2D,0x43,0x2E,0x44,0x32,0x81,0x1B,0x7A,0x40,0x1A,0x0A,0x3E,0x04,0x1A,\
0x1B,0x3E,0x14,0x3E,0x14,0x2D,0x10,0x2E,0x14,0x32,0xA9,0x7E,0x1F,0x35,0x2D,0x1B,\
0x1A,0x10,0x22,0x7F,0x71,0x7F,0x60,0x7E,0x53,0x31,0x10,0x1A,0x3B,0x1A,0x25,0xAD,\
0x32,0x7D,0x23,0x3E,0x24,0x2E,0x27,0x25,0x11,0xBE,0x68,0x00,0x00,0x68,0x03,0x1B,\
0x6A,0x20,0xBE,0x78,0x00,0x00,0x68,0x09,0x3E,0x34,0x2E,0x37,0x25,0x13,0x1B,0x7A,\
0x30,0x22,0x7C,0x67,0x7C,0x7B,0xE5,0x49,0xB4,0x01,0x24,0x4C,0x77,0x68,0x0A,0x74,\
0x0C,0xAC,0xB6,0x09,0x75,0x3D,0xA7,0x80,0x08,0x74,0x0C,0xAC,0xB6,0x09,0x75,0x3D,\
0xA6,0x0A,0x27,0x7E,0x37,0x3E,0x5F,0x6C,0x77,0x4D,0x32,0x7A,0x37,0x3E,0x5F,0x22,\
0x7D,0x12,0x7D,0x03,0x0A,0x4B,0x2D,0x42,0x09,0xA4,0xFF,0xFF,0x7A,0x49,0xA0,0x7E,\
0x19,0x70,0x0B,0x14,0x7C,0xA7,0x80,0x13,0x14,0x7E,0x19,0x60,0x0B,0x14,0x4C,0x7A,\
0x4C,0x76,0x7A,0x09,0x70,0x0B,0x04,0x7C,0x7A,0x7C,0xA6,0x70,0xEB,0x22,0xCA,0x3B,\
0x7D,0x72,0x7D,0x63,0x7E,0x18,0x35,0x28,0x7A,0x1F,0x35,0x2D,0x6C,0x77,0x7E,0x08,\
0x35,0x26,0x12,0xD4,0xE4,0x7E,0x37,0x35,0x26,0x0B,0x38,0x30,0x1B,0x68,0x30,0x7E,\
0x37,0x35,0x28,0x0B,0x38,0x30,0x1B,0x78,0x30,0xDA,0x3B,0x22,0x7C,0xAB,0x20,0x1F,\
0x13,0x20,0x25,0x10,0xA2,0x22,0x30,0x23,0x01,0xB3,0x40,0x08,0xA2,0x26,0x30,0x24,\
0x01,0xB3,0x50,0x02,0x6C,0xAA,0x7E,0xB3,0x02,0x55,0x1B,0xB2,0x78,0x0A,0x4C,0xAA,\
0x78,0x03,0xD3,0x80,0x01,0xC3,0x92,0x80,0x22,0xCA,0xF8,0x30,0x27,0x03,0xE4,0x80,\
0x22,0x7E,0xF3,0x03,0x38,0x4C,0xFF,0x78,0x0B,0x74,0x01,0x7A,0xB3,0x03,0x38,0x12,\
0xD5,0xCC,0x80,0x0E,0xBE,0xF0,0x02,0x78,0x09,0xE4,0x7A,0xB3,0x03,0x38,0x74,0x01,\
0x80,0x01,0xE4,0xDA,0xF8,0x22,0x7E,0x08,0x02,0xD4,0x7E,0x34,0x00,0x0A,0x12,0xE0,\
0x2E,0x7E,0x34,0x02,0xD4,0x7E,0x24,0x3E,0x7D,0x7E,0x17,0x3E,0x45,0x6C,0x22,0x12,\
0xC1,0x8D,0x7E,0x34,0x02,0xDA,0x7E,0x24,0x3E,0xA1,0x7E,0x17,0x3E,0x45,0x0A,0x12,\
0x02,0xC1,0x8D,0x7E,0x24,0x34,0xF3,0x6D,0x33,0x12,0xBC,0xE8,0xE4,0x12,0xCC,0x30,\
0x7E,0x34,0x10,0x00,0x7A,0x37,0x34,0xF1,0x7E,0x14,0x34,0xF1,0x7E,0x04,0x00,0x01,\
0x6D,0x33,0x6D,0x22,0x12,0x8C,0x36,0x7E,0x24,0x34,0xF3,0x6D,0x33,0x02,0xC9,0xF0,\
0xCA,0x79,0x7E,0x74,0x2E,0x6E,0x12,0x88,0x28,0x7C,0xAB,0x6C,0x77,0x74,0xFF,0x1A,\
0x27,0x2D,0x27,0x7A,0x29,0xB0,0x0B,0x70,0xBE,0x70,0x0A,0x48,0xF0,0x7C,0xBA,0x12,\
0x2E,0x97,0x7D,0x37,0x12,0x5B,0x46,0x12,0xBE,0x87,0xDA,0x79,0x22,0x7C,0xAB,0xA2,\
0x00,0xE4,0x33,0x78,0x0A,0x7E,0xB3,0x23,0xE6,0x54,0xF0,0x7A,0xB3,0x23,0xE6,0x4C,\
0xAA,0x68,0x14,0x7E,0xB3,0x23,0xE6,0x54,0xF0,0x7A,0xB3,0x23,0xE6,0x7C,0x7A,0x4E,\
0x73,0x23,0xE6,0x7A,0x73,0x23,0xE6,0x22,0x7F,0x70,0x7A,0x37,0x31,0x12,0x7A,0x27,\
0x31,0x14,0x7E,0x14,0x2E,0x9B,0x7F,0x17,0x74,0xB0,0x12,0x8C,0x11,0x7E,0xB3,0x2E,\
0xF7,0x12,0xDB,0x52,0x7E,0xB3,0x2E,0xA0,0x7E,0x08,0x2F,0x0B,0x7E,0x34,0xC1,0x00,\
0x02,0xD1,0x74,0x7C,0xAB,0x7D,0x12,0x7D,0x03,0x0B,0x08,0x40,0x49,0x30,0x00,0x02,\
0x6C,0x55,0x80,0x15,0x7D,0x01,0x74,0x01,0x19,0xB1,0x00,0x09,0x1B,0x08,0x40,0x59,\
0x30,0x00,0x02,0x2E,0x14,0x00,0x0E,0x0B,0x50,0xBC,0xA5,0x18,0xE7,0x22,0xCA,0xF8,\
0x7A,0x27,0x36,0x49,0x7E,0xF1,0xEA,0x5E,0xF0,0xF8,0x7C,0xBF,0x44,0x05,0xF5,0xEA,\
0x7E,0x14,0x36,0x49,0x7D,0x23,0x7E,0x04,0x00,0x01,0x6D,0x33,0x12,0x8C,0x36,0x7C,\
0xBF,0x44,0x07,0xF5,0xEA,0xDA,0xF8,0x22,0xCA,0xF8,0x6C,0xFF,0xA2,0xEB,0x92,0x2C,\
0xA2,0xAD,0x92,0x2D,0xC2,0xEB,0xC2,0xAD,0x12,0xC7,0xDD,0x7E,0xB3,0x02,0xBF,0xB4,\
0x20,0x03,0x7E,0xF0,0x01,0xA2,0x2C,0x92,0xEB,0xA2,0x2D,0x92,0xAD,0x7C,0xBF,0xDA,\
0xF8,0x22,0x7C,0x3B,0x7E,0x23,0x36,0xC9,0xBE,0x20,0x00,0x28,0x1B,0x74,0x02,0xAC,\
0xB2,0x49,0x35,0x37,0x6C,0x7E,0x53,0x36,0xB2,0x0A,0x05,0xBD,0x30,0x50,0x09,0x7C,\
0xB2,0x14,0x7A,0xB3,0x36,0xC9,0x6C,0x33,0x7C,0xB3,0x22,0x12,0xDA,0xAE,0xA2,0x2B,\
0xE4,0x33,0x7C,0x6B,0x5E,0x60,0x01,0x7C,0xB6,0xC4,0x23,0x54,0xE0,0x7E,0x73,0x3C,\
0x21,0x5E,0x70,0xDF,0x4C,0x7B,0x7A,0x73,0x3C,0x21,0x7E,0x73,0x02,0x63,0x7A,0x73,\
0x3C,0x20,0x22,0x7D,0x12,0x7D,0x03,0x1A,0x2B,0x3E,0x24,0x3E,0x24,0x3E,0x24,0x7D,\
0x32,0x2E,0x34,0x31,0xB9,0x2E,0x24,0x32,0x09,0xE4,0x1B,0x38,0x00,0x0B,0x35,0x1B,\
0x28,0x10,0x0B,0x25,0x04,0xBE,0xB0,0x04,0x48,0xF0,0x22,0xC2,0xAD,0x75,0xC3,0xDF,\
0x7E,0x37,0xFF,0x40,0x5E,0x34,0x00,0x01,0x78,0xF6,0x6D,0x33,0x7A,0x37,0xFF,0x40,\
0x7A,0x37,0xFF,0x44,0x7E,0xB3,0x02,0xE2,0x44,0x20,0x7A,0xB3,0x02,0xE2,0xA9,0xC0,\
0x96,0x22,0x7E,0xB3,0x02,0x63,0x70,0x20,0x12,0xDD,0xA8,0x74,0x01,0x12,0xA3,0x11,\
0x12,0xE2,0x8D,0x12,0xB5,0xC0,0xC2,0xEB,0x75,0xC0,0xF7,0x75,0xEF,0x00,0x7E,0xB3,\
0x24,0x14,0x44,0x08,0x7A,0xB3,0x24,0x14,0x22,0xC2,0x02,0xC2,0x00,0xC2,0x06,0xC2,\
0x1D,0xC2,0x16,0x7E,0x08,0x23,0xE6,0x7E,0x34,0x00,0x2A,0x12,0xE0,0x2E,0x7E,0x08,\
0x03,0x3B,0x7E,0x34,0x00,0x54,0x12,0xE0,0x2E,0x12,0xD9,0x2B,0xE4,0x02,0xA0,0x38,\
0x7C,0x7B,0x4C,0x7B,0x68,0x1F,0x7E,0xB3,0x02,0x55,0xB4,0x01,0x18,0x7E,0xB3,0x3E,\
0xD2,0x30,0xE0,0x03,0x30,0x0D,0x06,0x30,0xE6,0x0B,0x30,0x0D,0x08,0x7E,0xB3,0x03,\
0x9B,0x70,0x02,0xD2,0x80,0x22,0xCA,0x3B,0x7C,0xC5,0x7D,0x73,0x7C,0xDB,0x80,0x15,\
0xBE,0xD0,0x80,0x40,0x0A,0x0A,0x3D,0x7E,0x79,0x50,0x0A,0x25,0x12,0x01,0xF3,0x0B,\
0x74,0x0B,0xD0,0x1B,0xC0,0x4C,0xCC,0x78,0xE7,0xDA,0x3B,0x22,0x7D,0x43,0x75,0xD2,\
0x0C,0x80,0x0D,0x7E,0x0B,0xB0,0xF5,0xD3,0xE5,0xBB,0xF5,0xBB,0x0B,0x14,0x1B,0x44,\
0x4D,0x44,0x78,0xEF,0xE5,0xD4,0x7C,0x6B,0x6C,0x77,0xE5,0xD3,0x0A,0x2B,0x4D,0x32,\
0x22,0x7F,0x21,0x7F,0x70,0x80,0x16,0x7E,0x2B,0x70,0x0A,0x37,0x1B,0x7A,0x30,0x0B,\
0xF5,0x0B,0x54,0x69,0x3F,0xFF,0xFD,0x1B,0x34,0x79,0x3F,0xFF,0xFD,0x69,0x3F,0xFF,\
0xFD,0x4D,0x33,0x78,0xE2,0x22,0xA2,0xEB,0x92,0x2C,0xA2,0xAD,0x92,0x2D,0xC2,0xEB,\
0xC2,0xAD,0x7E,0xB3,0x02,0xBF,0xB4,0x20,0x06,0x74,0x10,0x7A,0xB3,0x02,0xBF,0x12,\
0xC7,0xDD,0xA2,0x2C,0x92,0xEB,0xA2,0x2D,0x92,0xAD,0x22,0x12,0x9F,0x7F,0x30,0x0D,\
0x09,0x7E,0x53,0x3E,0xDA,0x5E,0x50,0x93,0x80,0x07,0x7E,0x53,0x3E,0xDB,0x5E,0x50,\
0x1D,0x7E,0xB3,0x3E,0xE4,0x7E,0x73,0x3E,0xE5,0x7E,0x63,0x3E,0xE6,0x02,0xC4,0x5F,\
0x7C,0xAB,0x7D,0x13,0x4D,0x13,0x68,0x16,0x7E,0x07,0x25,0x07,0xE4,0x80,0x0B,0x0B,\
0x18,0x40,0x1B,0x08,0x40,0x0B,0x05,0x0B,0x15,0x04,0xBC,0xAB,0x18,0xF1,0x74,0x31,\
0x7A,0xB3,0x25,0xCF,0x22,0x7D,0x12,0x7D,0x03,0x1A,0x3B,0x3E,0x34,0x3E,0x34,0x3E,\
0x34,0x7D,0x23,0x2E,0x24,0x31,0xB9,0x2E,0x34,0x32,0x09,0x49,0x22,0x00,0x06,0x1B,\
0x08,0x20,0x49,0x03,0x00,0x06,0x1B,0x18,0x00,0x22,0xCA,0x3B,0x9E,0x37,0x36,0xB8,\
0x12,0xE1,0x74,0x7D,0x63,0x7D,0x32,0x9E,0x37,0x36,0xBA,0x12,0xE1,0x74,0x7D,0x13,\
0xAD,0x13,0x7D,0x36,0xAD,0x36,0x2F,0x10,0x12,0xBB,0x3D,0xDA,0x3B,0x22,0x7F,0x21,\
0x7F,0x70,0x80,0x14,0x7E,0x2B,0x70,0x7A,0x7B,0x70,0x0B,0xF4,0x0B,0x54,0x69,0x3F,\
0xFF,0xFD,0x1B,0x34,0x79,0x3F,0xFF,0xFD,0x69,0x3F,0xFF,0xFD,0x4D,0x33,0x78,0xE4,\
0x22,0x7C,0xA3,0x7C,0x3B,0x7D,0x43,0x6C,0x22,0xBE,0x04,0x00,0x08,0x58,0x03,0x7E,\
0x20,0x02,0xBE,0x04,0x00,0x02,0x58,0x03,0x7E,0x20,0x01,0x7D,0x34,0x7C,0xB3,0x7C,\
0x3A,0x02,0xB8,0x97,0x0A,0x2B,0x5E,0x24,0x00,0x01,0x7C,0x45,0x6C,0x55,0x7E,0x37,\
0x3E,0x75,0x5E,0x60,0xFE,0x4D,0x32,0x7A,0x37,0x3E,0x75,0x7E,0x34,0x00,0x28,0x7E,\
0x24,0x3E,0x75,0x02,0xE1,0x9C,0x0A,0x2B,0x5E,0x24,0x00,0x01,0x7C,0x45,0x6C,0x55,\
0x7E,0x37,0x3E,0x69,0x5E,0x60,0xFE,0x4D,0x32,0x7A,0x37,0x3E,0x69,0x7E,0x34,0x00,\
0x1B,0x7E,0x24,0x3E,0x69,0x02,0xE1,0x9C,0xE4,0x7A,0xB3,0x02,0x63,0xC2,0x01,0x74,\
0x01,0x7A,0xB3,0x02,0x55,0xC2,0x25,0xC2,0x1F,0xE4,0x7A,0xB3,0x02,0x6D,0x12,0xE2,\
0xA8,0x12,0xDF,0xB3,0xE4,0x7A,0xB3,0x03,0x93,0x22,0x7C,0x5B,0x2E,0x51,0x48,0x7C,\
0xB5,0x1E,0xB0,0x7E,0x40,0x02,0xAC,0xB4,0x49,0x35,0x3E,0x7D,0x7C,0xB5,0x30,0xE0,\
0x04,0x0A,0x36,0x80,0x00,0x5E,0x34,0x00,0x3F,0x7C,0xB7,0x22,0xA2,0xEB,0x92,0x2C,\
0xA2,0xAD,0x92,0x2D,0xC2,0xEB,0xC2,0xAD,0xE4,0x7A,0xB3,0x02,0xBA,0x74,0x10,0x7A,\
0xB3,0x02,0xBF,0xD2,0x21,0xA2,0x2C,0x92,0xEB,0xA2,0x2D,0x92,0xAD,0x22,0x12,0xE3,\
0x6F,0xE4,0x7A,0xB3,0x03,0x38,0x7A,0xB3,0x23,0xA4,0x7A,0xB3,0x23,0xE2,0xC2,0x27,\
0x7A,0xB3,0x03,0x90,0x7A,0xB3,0x03,0x92,0xD2,0x12,0x7A,0xB3,0x03,0x93,0x22,0x7E,\
0x14,0x34,0xF3,0x7E,0x04,0x00,0x01,0x7E,0x24,0x00,0x74,0x7E,0x34,0x40,0x00,0x12,\
0xD1,0xAD,0xE5,0x8F,0xBE,0xB0,0x0C,0x68,0x06,0x74,0x32,0x7A,0xB3,0x02,0x63,0x22,\
0x7C,0xAB,0x7E,0xB3,0x03,0x92,0xB4,0x01,0x0C,0x7E,0x71,0x44,0xAC,0x7A,0x3E,0x34,\
0x2E,0x37,0x25,0x11,0x22,0x7E,0x71,0x44,0xAC,0x7A,0x3E,0x34,0x2E,0x37,0x25,0x13,\
0x22,0x7C,0xA7,0x7C,0x9B,0x4C,0xA7,0x68,0x18,0x2E,0xA0,0x08,0x7E,0x0B,0xB0,0xBE,\
0xB0,0x08,0x68,0x07,0x2C,0xBA,0x54,0x07,0x7A,0x0B,0xB0,0x0B,0x14,0x1B,0x90,0x78,\
0xEB,0x22,0x12,0xE3,0x74,0x6D,0x33,0xE5,0x4F,0x0A,0x1B,0xE5,0x56,0x0A,0x2B,0x2D,\
0x21,0x09,0xB2,0x3C,0x1F,0xF5,0xF5,0x05,0x4F,0x0B,0x34,0xBE,0x34,0x00,0x08,0x40,\
0xE6,0x22,0x0A,0x2B,0x7E,0x34,0x00,0x07,0x9D,0x32,0x7A,0x73,0x26,0x26,0x7E,0xB3,\
0x26,0x26,0x7E,0x34,0x00,0x01,0x60,0x05,0x3E,0x34,0x14,0x78,0xFB,0x7A,0x73,0x26,\
0x27,0x22,0x7D,0x03,0x7D,0x31,0x2D,0x32,0x4D,0x00,0x78,0x13,0xBE,0x24,0x00,0x2F,\
0x28,0x02,0xE4,0x22,0xBE,0x34,0x00,0x10,0x38,0x02,0xE4,0x22,0x74,0x01,0x22,0xE4,\
0x22,0x7E,0x34,0x03,0xA0,0x7A,0x37,0xFF,0x46,0x7E,0x34,0xD0,0x00,0x7A,0x37,0xFF,\
0x42,0x6D,0x33,0x7A,0x37,0xFF,0x44,0x7E,0x34,0x00,0x03,0x7A,0x37,0xFF,0x40,0x22,\
0x7C,0x5B,0x4C,0x5B,0x68,0x18,0x7E,0x34,0x00,0x28,0x00,0x00,0x00,0x00,0x00,0x00,\
0x00,0x00,0x00,0x00,0x1B,0x34,0x78,0xF2,0x1B,0x50,0xA5,0xBD,0x00,0xE8,0x22,0xCA,\
0x3B,0x7C,0xD5,0x7C,0xCB,0x7D,0x73,0x80,0x0E,0x0A,0x3C,0x12,0x01,0xE3,0x7A,0x79,\
0x70,0x0B,0x74,0x0B,0xC0,0x1B,0xD0,0x4C,0xDD,0x78,0xEE,0xDA,0x3B,0x22,0x7E,0x34,\
0x33,0x53,0x6C,0xAA,0x7E,0x39,0xB0,0x70,0x08,0x74,0x01,0x7A,0x39,0xB0,0x7C,0xBA,\
0x22,0x0B,0x34,0x0B,0xA0,0xBE,0xA0,0x0A,0x48,0xEA,0x74,0xFF,0x22,0x12,0xE0,0x3F,\
0x20,0x0D,0x01,0x22,0x70,0x03,0x02,0xDD,0xD8,0x30,0x02,0x04,0x6D,0x33,0x80,0x06,\
0x7E,0x37,0x02,0x4E,0x0B,0x34,0x7A,0x37,0x02,0x4E,0x22,0x7F,0x70,0x7E,0x7B,0x60,\
0xBC,0xB6,0x28,0x02,0x7C,0x6B,0x7E,0x70,0x07,0xAC,0x67,0x0A,0x2B,0x2D,0x32,0x1E,\
0x34,0x1E,0x34,0x1E,0x34,0x7A,0x7B,0x70,0x22,0x7D,0x01,0x7D,0x52,0x7D,0x23,0x4D,\
0x01,0x68,0x13,0x0B,0x58,0x10,0x0B,0x28,0x30,0x2D,0x31,0x1B,0x28,0x30,0x0B,0x25,\
0x0B,0x55,0x1B,0x04,0x78,0xED,0x22,0x7D,0x01,0x7D,0x52,0x7D,0x23,0x4D,0x01,0x68,\
0x13,0x0B,0x58,0x10,0x0B,0x28,0x30,0x9D,0x31,0x1B,0x28,0x30,0x0B,0x25,0x0B,0x55,\
0x1B,0x04,0x78,0xED,0x22,0x12,0x9A,0x1D,0x7E,0x34,0x32,0xEF,0x7E,0x24,0x32,0xE5,\
0x7E,0x14,0x32,0xF9,0x74,0x0A,0x12,0x72,0x20,0x12,0x9B,0xB7,0x12,0x15,0x66,0x02,\
0x4C,0x13,0x7D,0x02,0x7D,0x53,0x6D,0x44,0x80,0x10,0x7D,0x34,0x2D,0x30,0x7E,0x39,\
0x50,0x7D,0x34,0x2D,0x35,0x7A,0x39,0x50,0x0B,0x44,0xBD,0x14,0x18,0xEC,0x22,0x9D,\
0x31,0x7D,0x13,0x7D,0x32,0x9D,0x30,0x7A,0x17,0xFF,0x30,0x7A,0x37,0xFF,0x32,0x00,\
0x00,0x00,0x7E,0x37,0xFF,0x32,0x1E,0x34,0x1E,0x34,0x22,0x7C,0xAB,0x7E,0xB3,0x2E,\
0x9B,0x54,0xFE,0x7A,0xB3,0x2E,0x9B,0x4C,0xAA,0x78,0x0A,0x7E,0xB3,0x2E,0x9B,0x44,\
0x01,0x7A,0xB3,0x2E,0x9B,0x22,0x7E,0xB3,0x30,0xBA,0x60,0x13,0x7E,0xB3,0x30,0xBE,\
0x70,0x0D,0x7E,0x37,0x25,0xBD,0xBE,0x34,0x00,0x0C,0x08,0x03,0x74,0x01,0x22,0xE4,\
0x22,0x7E,0xB3,0x25,0xF4,0x60,0x03,0x74,0x01,0x22,0x7E,0xB3,0x25,0xF3,0x70,0x06,\
0x7E,0xB3,0x2D,0x48,0x60,0x03,0x74,0x01,0x22,0xE4,0x22,0x75,0xC1,0x00,0x7E,0xB3,\
0x02,0xE2,0x44,0x80,0x7A,0xB3,0x02,0xE2,0x75,0xC1,0x76,0x7E,0x73,0x02,0x57,0x7A,\
0x73,0x02,0xE4,0x22,0x7E,0xB3,0x23,0xE3,0x1B,0xB1,0x68,0x0B,0x24,0xF0,0x68,0x0A,\
0x80,0x00,0x12,0x80,0x82,0x80,0x03,0x12,0xCF,0x91,0x02,0xD9,0x06,0x12,0xE0,0x3F,\
0x60,0x13,0xE5,0x52,0x60,0x04,0xE5,0x51,0x60,0x0B,0x12,0xE2,0x59,0x60,0x06,0x74,\
0x08,0x7A,0xB3,0x03,0xEE,0x22,0x7E,0x73,0x23,0xE5,0x0A,0x27,0x7E,0x73,0x30,0xB7,\
0x0A,0x37,0x2D,0x32,0xBE,0x34,0x00,0x1E,0x58,0x03,0x74,0x01,0x22,0xE4,0x22,0x4D,\
0x33,0x68,0x04,0x7A,0x37,0x25,0x11,0x4D,0x22,0x68,0x04,0x7A,0x27,0x2F,0x4B,0x4D,\
0x11,0x68,0x04,0x7A,0x17,0x25,0x07,0x22,0xA9,0xD1,0xEE,0x74,0x03,0x12,0xDB,0xB0,\
0xA9,0xC1,0xEE,0x74,0x03,0x12,0xDB,0xB0,0xA9,0xD1,0xEE,0x74,0x03,0x02,0xDB,0xB0,\
0x7C,0x6B,0x5E,0x60,0x0F,0x7C,0xB6,0xC4,0x54,0xF0,0x7E,0x73,0x3C,0x20,0x5E,0x70,\
0x0F,0x4C,0x7B,0x7A,0x73,0x3C,0x20,0x22,0x6D,0x33,0x7A,0x37,0x02,0x4E,0xE4,0x7A,\
0xB3,0x02,0x58,0x7A,0xB3,0x02,0x61,0xC2,0x17,0x74,0x10,0x7A,0xB3,0x24,0x13,0x22,\
0xCA,0x3B,0x7F,0x30,0x74,0x02,0x6C,0x77,0x12,0xC2,0x9E,0x74,0x01,0x7E,0x51,0x45,\
0x7D,0x17,0x12,0x31,0xCE,0xDA,0x3B,0x22,0x7E,0x24,0x2F,0x1B,0x6C,0x33,0x7E,0x39,\
0x20,0x7A,0x29,0x20,0x0B,0x24,0x0B,0x34,0x0B,0x30,0xBE,0x30,0x30,0x48,0xEF,0x22,\
0x7C,0x7B,0xA5,0xBF,0x00,0x09,0x7E,0x34,0xED,0x82,0x7E,0x24,0x00,0xFF,0x22,0x7E,\
0x34,0xEE,0x0E,0x7E,0x24,0x00,0xFF,0x22,0x75,0xBC,0x03,0x7E,0xB3,0x23,0xA5,0xF5,\
0xBD,0xA9,0xD7,0xBC,0x7E,0xB3,0x02,0xE2,0x44,0x40,0x7A,0xB3,0x02,0xE2,0x22,0xC2,\
0x0B,0x12,0xE3,0x5F,0x74,0x10,0x7A,0xB3,0x02,0xBF,0xE4,0x7A,0xB3,0x02,0xBA,0xD2,\
0x21,0x7A,0xB3,0x03,0x98,0x22,0x7C,0x3B,0x7D,0x23,0x6C,0x22,0x80,0x0A,0xE4,0x1A,\
0x32,0x2D,0x32,0x7A,0x39,0xB0,0x0B,0x20,0xBC,0x32,0x18,0xF2,0x22,0x7D,0x52,0x7D,\
0x03,0x4D,0x11,0x68,0x0E,0x7E,0x59,0x70,0x0B,0x54,0x7A,0x09,0x70,0x0B,0x04,0x1B,\
0x14,0x78,0xF2,0x22,0x7D,0x52,0x7D,0x03,0x4D,0x11,0x68,0x0E,0x0B,0x58,0x40,0x0B,\
0x55,0x1B,0x08,0x40,0x0B,0x05,0x1B,0x14,0x78,0xF2,0x22,0x53,0xA8,0x7F,0xE4,0x12,\
0xA3,0x11,0x00,0x00,0x75,0xEE,0xF3,0xE5,0xF1,0x70,0x03,0x75,0xF1,0x55,0x02,0x02,\
0x05,0xA2,0x22,0x30,0x23,0x01,0xB3,0x40,0x0B,0xA2,0x26,0x30,0x24,0x01,0xB3,0x40,\
0x03,0x74,0x01,0x22,0xE4,0x22,0x7E,0xB3,0x02,0xBA,0x70,0x0E,0x30,0x0B,0x0B,0xC2,\
0x0B,0x74,0x01,0x7A,0xB3,0x02,0xBA,0x02,0xDB,0x91,0x22,0x6C,0xAA,0x7E,0x44,0x37,\
0xC4,0x74,0x0E,0x7E,0x49,0x70,0x4C,0xA7,0x0B,0x44,0x14,0x78,0xF6,0x7C,0xBA,0x22,\
0x7E,0xA0,0x28,0x1B,0xA0,0x7E,0x39,0xB0,0x60,0x04,0x14,0x7A,0x39,0xB0,0x0B,0x34,\
0x4C,0xAA,0x78,0xEF,0x22,0x7D,0x13,0x6D,0x33,0x80,0x0A,0xE4,0x7D,0x03,0x2D,0x01,\
0x7A,0x09,0xB0,0x0B,0x34,0xBD,0x23,0x18,0xF2,0x22,0x7C,0x7B,0xA5,0xBF,0xF2,0x0D,\
0x30,0x00,0x06,0xE4,0x12,0xD3,0x8F,0xC2,0x00,0xE4,0x02,0xE3,0x24,0x22,0x7E,0xB3,\
0x31,0x0F,0x60,0x09,0x7E,0x73,0x25,0xCF,0xBE,0x70,0x20,0x28,0x03,0x74,0x01,0x22,\
0xE4,0x22,0x7D,0x02,0x7D,0x13,0x80,0x0B,0x14,0x7E,0x09,0xA0,0x0B,0x04,0x7A,0x19,\
0xA0,0x0B,0x14,0x70,0xF3,0x22,0x7D,0x12,0x7C,0x5B,0x7D,0x03,0x4D,0x11,0x68,0x09,\
0x7A,0x09,0x50,0x0B,0x04,0x1B,0x14,0x78,0xF7,0x22,0x7C,0xA7,0x5E,0xB3,0x03,0x9B,\
0x68,0x0A,0x4C,0xAA,0x78,0x03,0xD3,0x80,0x01,0xC3,0x92,0x80,0x22,0x7C,0x6B,0x5E,\
0x60,0x0F,0x7E,0x73,0x3C,0x20,0x5E,0x70,0xF0,0x4C,0x76,0x7A,0x73,0x3C,0x20,0x22,\
0x7D,0x02,0x7D,0x13,0x80,0x06,0xE4,0x7A,0x19,0xB0,0x0B,0x14,0x7D,0x31,0xBD,0x30,\
0x28,0xF4,0x22,0xC2,0x08,0x6D,0x33,0x7A,0x37,0x03,0xB5,0xE4,0x7A,0xB3,0x03,0xB3,\
0x7A,0xB3,0x03,0xB4,0x22,0x7E,0x73,0x03,0xB4,0xBE,0x73,0x03,0xB3,0x68,0x07,0x7A,\
0x73,0x03,0xB3,0x02,0xD8,0x49,0x22,0x7E,0x37,0x2F,0x4B,0x7E,0x24,0x00,0x48,0x12,\
0xDF,0x15,0x74,0x01,0x7A,0xB3,0x30,0xB8,0x22,0x0A,0x3B,0x09,0xB3,0x38,0x27,0xC4,\
0x03,0x54,0x07,0xBE,0xB0,0x04,0x28,0x02,0x74,0x04,0x22,0xE4,0x7A,0x39,0xB0,0x74,\
0x01,0x19,0xB3,0x00,0x01,0x74,0x02,0x19,0xB3,0x00,0x02,0x22,0xC2,0x22,0x75,0xE8,\
0x00,0x75,0xA8,0x00,0x12,0xE2,0xA8,0xD2,0x25,0x43,0xA8,0x80,0x22,0x7E,0x14,0x36,\
0x4D,0x6D,0x00,0x7E,0x24,0x10,0x00,0x7E,0x34,0xC0,0x00,0x02,0xD1,0xAD,0x7D,0x43,\
0x80,0x08,0xE4,0x7A,0x0B,0xB0,0x0B,0x14,0x1B,0x44,0x4D,0x44,0x78,0xF4,0x22,0x7E,\
0xB3,0x37,0xE0,0x60,0x09,0x7E,0xB3,0x37,0xE1,0x60,0x03,0x74,0x01,0x22,0xE4,0x22,\
0x7E,0xB3,0x03,0x92,0xB4,0x01,0x05,0x7E,0x37,0x2F,0x4B,0x22,0x7E,0x34,0x30,0xC1,\
0x22,0x7E,0xB3,0x03,0x92,0xB4,0x01,0x05,0x7E,0x37,0x25,0x07,0x22,0x7E,0x34,0x25,\
0x09,0x22,0x6C,0xAA,0xE4,0x1A,0x4A,0x19,0xB4,0x32,0xF9,0x0B,0xA0,0xBE,0xA0,0x0A,\
0x48,0xF2,0x22,0x30,0x01,0x0C,0x7E,0xB3,0x03,0x38,0xB4,0x01,0x05,0x74,0x01,0x02,\
0xD5,0xCC,0x22,0x74,0xFF,0x7A,0xB3,0x25,0xCD,0xE4,0x7A,0xB3,0x25,0xCE,0x7A,0xB3,\
0x25,0xCC,0x22,0x9D,0x32,0xBE,0x34,0x00,0x00,0x08,0x01,0x22,0x6E,0x34,0xFF,0xFF,\
0x0B,0x34,0x22,0x7D,0x03,0x4D,0x11,0x68,0x09,0x1B,0x08,0x20,0x0B,0x05,0x1B,0x14,\
0x78,0xF7,0x22,0x0A,0x3B,0x6D,0x22,0x2E,0x24,0x00,0xFF,0x2E,0x18,0xEE,0xD4,0x7E,\
0x1B,0xB0,0x22,0x0A,0x3B,0x6D,0x22,0x2E,0x24,0x00,0xFF,0x2E,0x18,0xEE,0xDD,0x7E,\
0x1B,0xB0,0x22,0xD2,0x22,0x43,0xA8,0x80,0xA9,0xD1,0x87,0x00,0x00,0x00,0x00,0x00,\
0x00,0x22,0x7E,0xB3,0x3D,0x17,0xB4,0x01,0x03,0x74,0x01,0x22,0xA2,0x0F,0xE4,0x33,\
0x22,0x75,0xC3,0xBF,0x7E,0xB3,0x03,0x39,0x60,0x05,0x14,0x7A,0xB3,0x03,0x39,0x22,\
0x7E,0xB3,0x23,0xE1,0xB4,0x01,0x03,0x74,0x01,0x22,0xA2,0x04,0xE4,0x33,0x22,0x74,\
0x04,0x7A,0xB3,0x37,0xC1,0x74,0x03,0x7A,0xB3,0x37,0xBF,0x02,0xD3,0x5C,0xCA,0x39,\
0x7F,0x10,0x9F,0x00,0x12,0xC7,0x90,0x1B,0xFD,0x7D,0x53,0x22,0x7E,0xB3,0x02,0xBA,\
0xB4,0x01,0x06,0x74,0x02,0x7A,0xB3,0x02,0xBA,0x22,0x0A,0x3B,0x09,0xB3,0x04,0x47,\
0xB4,0x80,0x03,0x74,0x01,0x22,0xE4,0x22,0x7E,0xB3,0x37,0xD2,0xBE,0xB0,0xFF,0x68,\
0x03,0x74,0x01,0x22,0xE4,0x22,0xE4,0x7A,0xB3,0x30,0xBA,0x7A,0xB3,0x30,0xB7,0x7A,\
0xB3,0x30,0xC0,0x22,0xBE,0x34,0x00,0x00,0x48,0x01,0x22,0x6E,0x34,0xFF,0xFF,0x0B,\
0x34,0x22,0x7E,0xB3,0x03,0x38,0x70,0x06,0x74,0x01,0x7A,0xB3,0x03,0x38,0x22,0xA9,\
0xC4,0xEE,0xA9,0xD3,0xEE,0xA9,0xD0,0xEE,0xA9,0xC1,0xED,0x22,0x7D,0x12,0x7D,0x23,\
0x7E,0x04,0x00,0x01,0x6D,0x33,0x02,0xD1,0xAD,0x74,0x64,0x7A,0xB3,0x23,0xA5,0x74,\
0x35,0x7A,0xB3,0x02,0xE3,0x22,0xE4,0xBE,0x30,0x00,0x78,0x01,0x22,0xF0,0xA3,0xA5,\
0xDB,0xFB,0x22,0x7C,0x7B,0x4C,0x7B,0x68,0x05,0x74,0x01,0x02,0xD3,0x8F,0x22,0x7E,\
0xB3,0x3F,0x2B,0x30,0xE7,0x03,0xE5,0x52,0x22,0xE4,0x22,0x7C,0xAB,0xBE,0xA0,0x00,\
0x28,0x02,0x1B,0xA0,0x7C,0xBA,0x22,0x7C,0xAB,0xBE,0xA0,0xFF,0x50,0x02,0x0B,0xA0,\
0x7C,0xBA,0x22,0x74,0xC8,0x7A,0xB3,0x25,0xCC,0xE4,0x7A,0xB3,0x25,0xCF,0x22,0x7D,\
0x13,0xBD,0x23,0x28,0x03,0x7D,0x31,0x22,0x7D,0x32,0x22,0x7D,0x13,0xBD,0x23,0x50,\
0x03,0x7D,0x31,0x22,0x7D,0x32,0x22,0xA2,0x1E,0xE4,0x33,0x78,0x03,0x02,0xE0,0xF2,\
0xE4,0x22,0x7E,0x37,0x3C,0x26,0x0B,0x34,0x7A,0x37,0x3C,0x26,0x22,0x7E,0xB3,0x3C,\
0x21,0x54,0xDF,0x7A,0xB3,0x3C,0x21,0x22,0x7E,0xB3,0x3D,0x10,0x1E,0xB0,0x1E,0xB0,\
0x54,0x07,0x22,0x7E,0xB3,0x3C,0x21,0x54,0x7F,0x7A,0xB3,0x3C,0x21,0x22,0xC2,0x06,\
0x12,0xD0,0x0E,0x12,0x7F,0x57,0xD2,0x06,0x22,0x7E,0xB3,0x25,0xCA,0x60,0x03,0x74,\
0x01,0x22,0xE4,0x22,0x7C,0x67,0x7A,0xB3,0x2E,0xC6,0x7A,0x63,0x2E,0xC7,0x22,0xA2,\
0x1E,0xE4,0x33,0x78,0x03,0x02,0xA5,0x1B,0x22,0xE5,0xBA,0x7A,0xB3,0x03,0x37,0x75,\
0xBA,0x00,0x22,0x12,0xE1,0x66,0x74,0x01,0x7A,0xB3,0x30,0xBE,0x22,0x12,0xD0,0x89,\
0x12,0xD7,0xFB,0x02,0xE1,0x8F,0x12,0xD5,0xF9,0x60,0x03,0x02,0xD9,0x06,0x22,0x7E,\
0xB3,0x3C,0x21,0x1E,0xB0,0x54,0x01,0x22,0x74,0x01,0x12,0xDF,0x8D,0xE4,0x02,0xDD,\
0xC0,0x7E,0xB3,0x3C,0x21,0xC4,0x03,0x54,0x01,0x22,0x7E,0xB3,0x3D,0x10,0x23,0x23,\
0x54,0x01,0x22,0x7D,0x03,0x7D,0x32,0x7D,0x20,0x02,0xDD,0x8F,0xA9,0xA0,0x96,0xB3,\
0xA9,0x90,0x96,0x22,0x7E,0xB3,0x3D,0x10,0x23,0x54,0x01,0x22,0x7E,0xB3,0x3C,0x21,\
0x23,0x54,0x01,0x22,0xE4,0x12,0xA3,0x11,0x02,0x02,0x53,0x7E,0x57,0xFF,0x40,0x54,\
0x01,0x22,0x7E,0xB3,0x02,0xE3,0xF5,0xBD,0x22,0x7E,0xB3,0x3C,0x20,0x54,0x0F,0x22,\
0x7E,0xB3,0x3D,0x10,0x54,0x03,0x22,0x7E,0xB3,0x3C,0x21,0x54,0x01,0x22,0x74,0x01,\
0x7A,0xB3,0x30,0xB6,0x22,0x7A,0xB3,0x3C,0x20,0x22,0x7E,0x18,0x3C,0x5F,0x22,0x7E,\
0xB3,0x3C,0x1F,0x22,0x7A,0xB3,0x3D,0x11,0x22,0x7E,0xB3,0x03,0xDD,0x22,0x7E,0xB3,\
0x3E,0xE9,0x22,0x7E,0x37,0x25,0x11,0x22,0x7E,0x34,0x2E,0x9B,0x22,0x7E,0xB3,0x30,\
0x6D,0x22,0x7E,0x37,0x2F,0x4B,0x22,0x7A,0xB3,0x31,0x16,0x22,0x7A,0xB3,0x2D,0x4A,\
0x22,0x74,0x01,0x02,0xD1,0xE5,0x7E,0x34,0x38,0x51,0x22,0x75,0xC2,0x00,0x22,0xA9,\
0xC0,0x96,0x22,0x02,0xE1,0x10,0x02,0xCE,0xD2,0x02,0x9D,0x46,0x02,0xCB,0xEA,0xD2,\
0x80,0x22,0x22,0x22,0x22,0x22,0x2A,0xDD,0x00,0x90,0xE6,0x00,0xCE,0xC3,0xB7,0x93,\
0x45,0x11,0xF7,0x97,0x30,0xA5,0x74,0xAE,0x7C,0x4D,0x19,0x2E,0xF8,0x2C,0xCA,0x74,\
0x59,0xAF,0x8F,0x7B,0x81,0xC2,0xF5,0xAD,0x01,0x43,0xB1,0xF8,0xDC,0xB6,0x87,0x25,\
0x8E,0x3B,0x6A,0x65,0x4C,0xBE,0xE5,0x2D,0x8E,0x6E,0xB9,0x44,0xCB,0x70,0xC8,0x1B,\
0x83,0xD4,0x31,0x5C,0x83,0xC8,0xBD,0xC5,0x65,0x0B,0x7A,0x37,0x56,0xA5,0xA5,0x0A,\
0x1C,0xD6,0xCD,0xA4,0x57,0x4C,0x36,0x4A,0x06,0x98,0x7C,0x35,0x4E,0xE3,0x78,0xE9,\
0x77,0xDD,0x67,0xC2,0x38,0xF7,0x49,0xD0,0x34,0xD2,0x88,0xE5,0xC4,0xF7,0xDA,0xEB,\
0xF7,0xC8,0x68,0x7B,0xD7,0xB7,0x30,0xAC,0xEE,0xB5,0xA8,0x29,0x09,0xED,0xA4,0x87,\
0x3C,0xB3,0x79,0xD5,0x26,0xB7,0x63,0x74,0x76,0x7F,0x24,0x29,0xAE,0x14,0xEE,0x70,\
0x28,0xFB,0x83,0x13,0x56,0x66,0x9B,0xFC,0x4D,0xAC,0x86,0x47,0x85,0xF7,0x12,0x9C,\
0xDA,0x3C,0xAF,0xBC,0xD7,0x71,0xD1,0x59,0x34,0xFA,0x96,0x2B,0x9D,0x64,0xA9,0x40,\
0xB6,0x55,0x66,0x94,0x5B,0xC3,0x3F,0xE1,0x2C,0x65,0x5E,0xB8,0x49,0x67,0x8B,0xD1,\
0x5A,0x62,0x51,0xA0,0xD3,0x8B,0x5C,0x28,0x76,0x2B,0x26,0x14,0x19,0x4F,0xD3,0x04,\
0xA9,0xC0,0x59,0x25,0x6F,0x35,0xE3,0x04,0x92,0xC8,0x78,0xA4,0xDD,0xA7,0xD7,0xCE,\
0xC3,0x0C,0xA6,0xA8,0xA0,0x6F,0xCC,0x89,0x42,0xFA,0x1C,0x0C,0xA8,0x3D,0x33,0x63,\
0x09,0x23,0xA3,0xEE,0x19,0x24,0x51,0x0C,0x87,0xBD,0x1B,0x32,0xCA,0x1D,0xBE,0x3A,\
0x1D,0x22,0xF7,0xFD,0xC8,0x83,0xE9,0x23,0xA2,0x4F,0xBF,0x3A,0xD4,0x96,0x92,0x06,\
0xDF,0x65,0x8D,0x18,0xE1,0xF8,0x4F,0xA2,0x14,0x2C,0x90,0x8A,0x97,0x33,0x08,0xBD,\
0x71,0x8B,0x8C,0xC6,0xD3,0x31,0xC4,0x1C,0x1F,0xA7,0x48,0xE3,0x0B,0x5B,0x02,0x78,\
0x46,0xF8,0x09,0x05,0x38,0xDA,0x34,0x96,0x94,0xD9,0x37,0xC9,0x81,0xBE,0xCB,0x87,\
0x18,0xC9,0x7E,0x37,0xF2,0xBD,0x56,0xD4,0xEE,0x93,0xB7,0x42,0x2E,0x70,0x86,0xE2,\
0x63,0xD5,0x8F,0x64,0x4B,0x15,0x24,0xDC,0x78,0x0D,0x07,0x18,0x52,0x0F,0x8B,0x31,\
0x5F,0x1F,0xF5,0x61,0xC2,0x62,0x28,0x14,0x02,0xD3,0x82,0x42,0x0D,0x38,0x01,0xFB,\
0x7D,0x55,0xAA,0x44,0x19,0x5F,0x2B,0x21,0x9F,0xB3,0xBF,0xF3,0xC1,0xC8,0x52,0x04,\
0x6D,0x62,0xE6,0x61,0x51,0x09,0x35,0xE8,0x9F,0xBA,0x97,0xA1,0x0D,0xDC,0x27,0x52,\
0x21,0x75,0x21,0x4D,0xAB,0x9E,0x8F,0x8D,0x93,0x35,0x25,0x01,0xD4,0xD1,0x69,0x28,\
0xC9,0xFB,0x17,0xDE,0xA8,0x9B,0xC3,0x76,0x4C,0xB0,0xC0,0x08,0x37,0x44,0x41,0x0C,\
0xD7,0xA0,0xBE,0x28,0x08,0xBC,0x99,0x47,0xDB,0xF9,0x02,0xEB,0x95,0x12,0x18,0xC4,\
0xFB,0x50,0x50,0x81,0xCD,0xFE,0x1B,0xE6,0x91,0x1D,0xC3,0x1F,0x91,0x59,0x96,0x54,\
0x27,0x3B,0x47,0x7D,0x38,0x9F,0x91,0x78,0xFF,0x69,0x1D,0x58,0x0C,0x74,0xA6,0x01,\
0x8C,0xCB,0x5B,0xF2,0xCA,0x1C,0x85,0x61,0xF6,0x69,0x69,0x8D,0x26,0x01,0x70,0x50,\
0x9A,0xAF,0x85,0xF3,0x44,0x31,0xBF,0x47,0x87,0xEB,0x40,0xF1,0x40,0xDD,0x5D,0x06,\
0x03,0xD3,0xFF,0xD8,0xA7,0xDB,0x48,0x0F,0x04,0xFC,0x7A,0xFB,0xFB,0x25,0x15,0x28,\
0xB7,0x64,0x40,0x33,0x33,0x58,0x6A,0xDD,0xFC,0xE9,0x31,0x5E,0x39,0x36,0x83,0xFC,\
0xE8,0xCF,0x03,0xDB,0x6A,0x25,0xAE,0x17,0x42,0x3F,0xBE,0x10,0x1A,0xAE,0xCE,0x05,\
0x06,0xC2,0x40,0xE5,0x0D,0xFE,0xDC,0x61,0xE6,0xCA,0xB9,0x46,0xFF,0x68,0x61,0x0A,\
0xC4,0x29,0x30,0xA4,0x1D,0xE1,0xFD,0xA1,0x38,0x98,0xFD,0x75,0x8A,0x82,0xE3,0x0F,\
0x10,0x32,0x4C,0xB0,0xDB,0x0A,0x5B,0xFC,0xCB,0xF6,0xA0,0x52,0x9B,0x5A,0x3F,0x59,\
0x1D,0x48,0x4E,0xDB,0xC7,0xF7,0x7E,0xD7,0x6F,0x70,0xFE,0xD1,0x53,0x8B,0x9C,0x6D,\
0x5C,0x1A,0x2E,0x3C,0xA4,0x64,0x30,0xD6,0x35,0xD5,0xAE,0x29,0x14,0xF3,0x65,0x10,\
0x7E,0x94,0x25,0x28,0x71,0x4E,0x79,0xDF,0x6E,0x30,0x8A,0xCD,0x7E,0xAF,0x41,0x48,\
0x73,0xE3,0xAC,0x32,0x70,0xF4,0xA3,0x16,0xAB,0xCF,0xAB,0x73,0x72,0x1D,0x1A,0x58,\
0x6C,0x75,0x7C,0x31,0x22,0xD0,0x36,0xE1,0xBD,0x3E,0x69,0x11,0x11,0xD8,0x19,0xC7,\
0xDB,0xF6,0x8F,0x3A,0x47,0xA2,0xFB,0xE5,0xB6,0x4C,0x5E,0xDA,0xBD,0xBF,0xA7,0x59,\
0x71,0x53,0x1C,0xA1,0xE2,0x64,0xFC,0x06,0xE5,0x04,0x63,0x44,0x17,0xED,0x6D,0x13,\
0x1E,0xB9,0x9E,0xFB,0x32,0x56,0x82,0x6A,0xDD,0xB4,0x90,0x04,0xFE,0xC0,0x54,0x3A,\
0x14,0x96,0xCE,0x1E,0xB9,0xF2,0x15,0x75,0x6D,0xE8,0x3F,0x0E,0x95,0xD6,0x85,0x53,\
0xC3,0x96,0xA3,0x1E,0x38,0xF8,0x7E,0xCE,0xA8,0x6F,0x09,0x99,0x3D,0x0A,0x69,0x24,\
0xDE,0xA6,0x58,0x50,0xB0,0x63,0xC7,0x57,0xDD,0x54,0xC7,0x19,0x95,0x7B,0xA9,0xB0,\
0x53,0xF4,0x64,0x4A,0x62,0x70,0x38,0x38,0x9F,0xE5,0x91,0x42,0x80,0x84,0x2E,0x3E,\
0x55,0xEC,0x82,0xE1,0xCE,0x9D,0x5B,0xD4,0xBE,0xAF,0xC1,0x0A,0x1E,0xC4,0x21,0x52,\
0x55,0x3B,0xAB,0x28,0xB7,0xA6,0xF8,0xD1,0x4B,0x7E,0xF0,0xA7,0xD1,0x16,0xEB,0xB1,\
0x03,0xCE,0x16,0x76,0x1C,0x89,0x19,0x13,0x97,0x61,0xF6,0x8C,0x39,0x99,0x34,0x60,\
0x51,0xD2,0x3E,0x60,0x3F,0x82,0x06,0xC0,0x33,0xA3,0xED,0x6F,0x37,0xA8,0xE7,0xA4,\
0x70,0xB5,0xDA,0xBA,0xA0,0x0F,0x48,0x3D,0xF0,0xD2,0x2E,0x45,0xED,0xE2,0x2C,0x02,\
0xD0,0x23,0xE5,0x99,0x02,0xED,0xA9,0x2E,0xDF,0xBA,0x52,0x42,0xBB,0x22,0x6B,0x40,\
0x22,0x0A,0x98,0x52,0x64,0x18,0x31,0x79,0x51,0x6A,0x31,0xDD,0x42,0x87,0x4F,0x62,\
0x59,0x95,0x6A,0x7B,0x09,0xCD,0x2A,0x43,0xD8,0x2D,0xE5,0xCA,0x63,0x6C,0xBF,0xAC,\
0xA3,0x33,0x16,0xE9,0x70,0x8A,0x1D,0xF0,0x43,0x91,0xC6,0xFD,0x40,0x70,0xE6,0xA5,\
0x74,0x90,0x94,0xB0,0x5B,0x0C,0xD1,0x26,0xA5,0x62,0x6F,0xAC,0x39,0x6F,0x2B,0x11,\
0x7B,0x9A,0x1D,0x25,0xCA,0x4F,0x52,0xCA,0x4D,0xAF,0xB7,0x4D,0xF0,0x85,0x38,0xF6,\
0xA9,0x7C,0x02,0x00,0x9C,0x32,0x00,0xF5,0x35,0x22,0xC2,0x25,0x22,0x11,0x42,0x12,\
0x39,0x1F,0x01,0x12,0xDA,0xA8,0xDA,0x1B,0x7F,0xE1,0xA5,0xEC,0x32,0x19,0x64,0x47,\
0x32,0x23,0x21,0x14,0x10,0x0D,0x0B,0x0B,0x0A,0x08,0x07,0x07,0x06,0x11,0x42,0x12,\
0x02,0x11,0x01,0x12,0x32,0x11,0x42,0x12,0x25,0x0D,0x01,0x12,0x32,0x11,0x42,0x12,\
0x3A,0x7F,0x01,0x12,0x43,0xD0,0x18,0xDA,0x28,0xDA,0x38,0x7F,0x1E,0xA5,0xFC,0xCA,\
0x1B,0xCA,0xA8,0x89,0x14,0x11,0x42,0x12,0x12,0xA8,0x01,0x12,0x2C,0xBA,0x20,0xF7,\
0x0A,0x50,0x03,0xA5,0xEF,0x22,0xBC,0xB7,0x38,0xF9,0x22,0x40,0x01,0xE4,0x22,0x6D,\
0x55,0x1B,0x38,0x50,0x0B,0x35,0xA5,0xDB,0xF8,0x22,0xE5,0x48,0x7E,0xA0,0xFA,0xA4,\
0x7A,0x57,0x02,0x0B,0x22,0x3E,0xFC,0x54,0x44,0x50,0x30,0x0C,0x07,0x01,0x02,0x00,\
0x00,0xFE,0x02,0x06,0xFF,0xFF,0x03,0x00,0x54,0x46,0x57,0x31,0x3E,0x46,0xE4,0xF5,\
0xA8,0x75,0xBB,0x01,0x75,0xEA,0x07,0x75,0x47,0x55,0x7E,0xF8,0x0F,0x9B,0x75,0x84,\
0xFF,0x75,0xB9,0x20,0x74,0xFF,0xF5,0xA2,0xF5,0xA4,0xF5,0xA3,0xF5,0xA5,0xE4,0xF5,\
0x87,0xF5,0xA7,0xF5,0xA6,0xF5,0xAA,0xF5,0xA9,0xF5,0xC4,0xF5,0xD1,0xF5,0x89,0xF5,\
0xBA,0x02,0x04,0xAB,0x74,0x03,0x7E,0x73,0x0E,0xA5,0x0A,0x37,0x2E,0x34,0x0E,0xA1,\
0x7E,0x39,0xA0,0x30,0xF1,0x02,0x44,0x08,0xF5,0x9D,0xF5,0x9C,0x6D,0x55,0x7A,0x57,\
0xFF,0x50,0xF5,0xD0,0x7A,0x57,0x02,0x05,0x7A,0x55,0x36,0x7A,0x57,0x02,0x3F,0x7A,\
0x57,0x02,0x41,0x7A,0x55,0x3A,0xF5,0x39,0xF5,0x38,0xF5,0x35,0xD2,0x07,0xC2,0x08,\
0xC2,0x09,0xC2,0x0B,0xD2,0x10,0xC2,0x11,0xC2,0x0D,0xC2,0x0E,0xC2,0x0F,0x12,0x02,\
0x06,0xE4,0xF5,0x33,0xF5,0x34,0x7E,0x11,0x42,0x7E,0x19,0xB0,0x0B,0x14,0x13,0x40,\
0x04,0x05,0x33,0x80,0x02,0x05,0x34,0xA5,0xD9,0xEF,0x85,0x33,0x3C,0x43,0xB9,0x01,\
0x53,0xB9,0xFE,0xC0,0xA8,0xC2,0xAF,0x12,0x07,0x43,0x2E,0x34,0x00,0x09,0x7E,0x24,\
0x00,0x08,0x7E,0x30,0x16,0x12,0x39,0x2F,0x75,0xD0,0x08,0x7A,0x27,0xFF,0x40,0xA5,\
0xE8,0xA2,0xE4,0x92,0x21,0x75,0xD0,0x10,0x7A,0x27,0xFF,0x48,0x75,0xD0,0x18,0x7A,\
0x07,0xFF,0x4C,0x4E,0x40,0x90,0x5E,0x50,0x77,0x7A,0x27,0xFF,0x50,0xD0,0xA8,0x75,\
0xD0,0x00,0x7E,0x73,0x0E,0xA9,0x0A,0x37,0x2E,0x34,0x0E,0x9C,0x7E,0x24,0x20,0x18,\
0x7E,0x10,0x15,0x1B,0x28,0x00,0x0B,0x25,0x7E,0x31,0x43,0x12,0x43,0xA6,0x1B,0x28,\
0x00,0x7E,0x11,0x43,0xE5,0x40,0x60,0x48,0xE5,0x43,0x0B,0xB1,0x23,0x0A,0x5B,0x2E,\
0x54,0x20,0x18,0x7E,0x73,0x0E,0xAA,0x0A,0x37,0x2E,0x34,0x0E,0x9C,0x7E,0x39,0x50,\
0x1B,0x58,0x20,0xA5,0x09,0x0B,0x34,0x7E,0x41,0x40,0x7E,0x44,0x02,0xC2,0x12,0x02,\
0x06,0x7E,0x50,0x00,0x7E,0x19,0xA0,0x0B,0x14,0x7E,0x39,0xB0,0xB5,0xF0,0x03,0x7A,\
0x49,0x50,0xA5,0x0D,0xBE,0x51,0x42,0x78,0xEB,0x0B,0x34,0x0B,0x44,0xA5,0xDC,0xDE,\
0x0B,0x11,0x7A,0x13,0x02,0x13,0x7E,0x54,0x00,0x00,0x0B,0x54,0xBE,0x54,0x9F,0xFF,\
0x78,0xF8,0x75,0xC3,0xDF,0xD2,0xAD,0x22,0x7E,0x33,0x0E,0xA8,0x0A,0x13,0x2E,0x14,\
0x0E,0x9C,0x22,0x75,0xC3,0xDF,0x7E,0x20,0x01,0x12,0x02,0x59,0x22,0x0A,0x5B,0x2E,\
0x54,0x02,0x3F,0x7E,0x59,0xB0,0x22,0x0A,0x3B,0x2E,0x34,0x02,0x3F,0x7A,0x39,0xA0,\
0x22,0xC0,0xA8,0x53,0xA8,0x9F,0x7E,0x20,0x00,0x12,0x02,0x59,0xD0,0xA8,0x22,0xC0,\
0xA8,0xC2,0xAF,0xA2,0x09,0x74,0x00,0x12,0x04,0x46,0xE5,0x3B,0x7E,0xA0,0x00,0x12,\
0x02,0x25,0x75,0x39,0x00,0x85,0x33,0x3C,0xD0,0xA8,0x22,0xA2,0x08,0x12,0x04,0x3B,\
0x60,0x10,0xB4,0x01,0x0C,0xBE,0x20,0x01,0x78,0x07,0x12,0x02,0xA5,0x50,0xEC,0x80,\
0x2B,0x22,0xE5,0x38,0x70,0x26,0xC2,0x26,0xE5,0x35,0x60,0x06,0x15,0x35,0xD2,0x26,\
0x80,0x03,0x30,0x07,0xEC,0xC2,0x07,0x85,0x54,0x55,0x12,0x10,0xE6,0x30,0x0D,0x0C,\
0x10,0x26,0x07,0x30,0x15,0x04,0xD2,0x0E,0x80,0x02,0xC2,0x0E,0x12,0x02,0xD7,0xA2,\
0x08,0x74,0x01,0x12,0x04,0x46,0x22,0x10,0x10,0x1A,0xE5,0x3A,0x7E,0xA0,0x01,0x12,\
0x02,0x25,0x74,0x02,0xA2,0x08,0x12,0x04,0x46,0xE5,0x33,0xA2,0x08,0x12,0x04,0x33,\
0xD2,0x10,0xC3,0x22,0x7E,0x24,0x02,0xC6,0x7E,0x34,0x22,0x00,0x7E,0x30,0x06,0x12,\
0x39,0x35,0x30,0x0E,0x02,0x80,0xD3,0xD3,0x22,0x12,0x07,0x43,0x7D,0x03,0x30,0x10,\
0x2B,0x2E,0x34,0x00,0x35,0x7E,0x24,0x20,0x00,0x7E,0x30,0x0C,0x12,0x43,0xA6,0x49,\
0x20,0x00,0x33,0x49,0x30,0x00,0x31,0x4E,0x60,0x01,0x09,0x30,0x00,0x41,0x74,0x61,\
0x49,0x00,0x00,0x1D,0x5E,0x10,0xCF,0x4E,0x10,0x40,0x80,0x2C,0x2E,0x34,0x00,0x1F,\
0x7E,0x24,0x20,0x00,0x7E,0x30,0x0C,0x12,0x43,0xA6,0x49,0x20,0x00,0x17,0x49,0x30,\
0x00,0x0F,0x5E,0x60,0xFE,0x49,0x50,0x00,0x1B,0x7E,0x31,0x55,0x0A,0x13,0x2D,0x10,\
0x09,0x31,0x00,0x2B,0x49,0x00,0x00,0x1D,0x7A,0x27,0xFF,0x4A,0x7A,0x57,0xFF,0x4E,\
0x7A,0x37,0xFF,0x42,0x7A,0x17,0xFF,0x54,0x74,0x01,0x20,0x10,0x04,0x7E,0xB3,0x02,\
0x13,0x7A,0x57,0xFF,0x52,0x7D,0x50,0xC2,0xF7,0xD2,0xF4,0xD2,0xE7,0x7A,0x57,0xFF,\
0x50,0x22,0xE4,0xA2,0x09,0x12,0x04,0x33,0xC3,0x22,0xA5,0x0D,0x6C,0x44,0x80,0x0C,\
0xE5,0x3C,0x60,0xEE,0x15,0x3C,0xE5,0x39,0x0A,0x2B,0x7D,0x43,0x12,0x02,0x06,0x2D,\
0x12,0x7E,0x19,0x40,0x1E,0x40,0xB3,0x50,0xE1,0xA5,0xED,0x04,0xF5,0x39,0x0A,0x04,\
0x3E,0x04,0xE5,0x3D,0x30,0xE0,0x3A,0x7E,0x14,0x22,0x0C,0x7E,0x41,0x43,0x0B,0x41,\
0x2D,0x10,0x0B,0x18,0x50,0x1B,0x38,0x50,0x0B,0x35,0x2E,0x14,0x00,0x0C,0xA5,0xDC,\
0xF1,0x49,0x53,0xFF,0xFE,0x59,0x53,0xFF,0xFC,0xCA,0x09,0x30,0x12,0x03,0x12,0x04,\
0x52,0xDA,0x09,0x7D,0x34,0xE5,0x44,0x30,0x12,0x02,0xE5,0x43,0x23,0x0A,0x5B,0x2D,\
0x35,0xE5,0x3D,0x30,0xE1,0x1D,0x7E,0x14,0x22,0x00,0x2D,0x10,0x0B,0x18,0x50,0x1B,\
0x38,0x50,0x0B,0x35,0xE5,0x43,0x04,0x7E,0xA0,0x0C,0xA4,0x2D,0x15,0x0B,0x18,0x50,\
0x1B,0x38,0x50,0x7E,0x14,0x02,0xC6,0x2D,0x10,0x0B,0x18,0x00,0xE5,0x3D,0x30,0xE0,\
0x17,0xCA,0x58,0xCA,0x09,0x7D,0x34,0x6D,0x22,0x7E,0x31,0x43,0x3E,0x30,0x12,0x39,\
0x3C,0x12,0x11,0x87,0xDA,0x39,0xDA,0x08,0xE5,0x3C,0xA2,0x09,0x12,0x04,0x33,0xD3,\
0x22,0x7E,0x14,0x02,0x5B,0x20,0x09,0x04,0x7E,0x14,0x02,0x43,0x22,0xE5,0x36,0x30,\
0x09,0x02,0xE5,0x37,0x22,0x40,0x03,0xF5,0x36,0x22,0xF5,0x37,0x22,0x7E,0xB3,0x02,\
0x05,0x50,0x04,0x7E,0xB3,0x02,0x06,0x22,0x40,0x05,0x7A,0xB3,0x02,0x05,0x22,0x7A,\
0xB3,0x02,0x06,0x22,0x30,0x0C,0x2E,0x7E,0x14,0x02,0xC2,0x7E,0x34,0x02,0x14,0x7E,\
0x41,0x40,0x7E,0x19,0xB0,0xBC,0x5B,0x78,0x0F,0xE5,0x43,0x23,0x0A,0x5B,0x2D,0x54,\
0x0B,0x58,0x50,0x1B,0x38,0x50,0x80,0x07,0x0B,0x14,0x0B,0x35,0xA5,0xDC,0xE3,0xE5,\
0x3C,0x70,0x02,0xD2,0x0B,0x22,0x30,0x0C,0x23,0x7E,0x03,0x09,0x81,0x7E,0x64,0x0B,\
0xF8,0x7E,0x44,0x0B,0x00,0x7E,0x69,0x50,0x0B,0x64,0x12,0x04,0x52,0xE5,0x44,0x0A,\
0x5B,0x2E,0x54,0x00,0x02,0x3E,0x54,0x2D,0x45,0xA5,0xD8,0xE9,0x22,0x12,0x07,0x7E,\
0x12,0x05,0x56,0x7D,0x56,0x30,0xF0,0x02,0xF5,0xF1,0x43,0xF1,0x80,0x12,0x07,0x88,\
0x12,0x12,0x33,0xD2,0xAF,0x12,0x07,0x4E,0x75,0xBB,0x11,0x12,0x13,0x79,0x40,0xF0,\
0x20,0x14,0xF5,0xE5,0x3B,0x12,0x02,0x1B,0xB4,0x01,0x2A,0x30,0x12,0x07,0x12,0x2C,\
0x78,0x50,0x1F,0x80,0x20,0x12,0x07,0xD5,0x60,0x18,0x54,0x02,0x44,0xC8,0xA2,0x0B,\
0x92,0xE5,0xC2,0x0B,0xA2,0x0D,0x92,0xE0,0x30,0x0F,0x02,0x54,0x1F,0x12,0x30,0xBE,\
0xD2,0x24,0x12,0x02,0x3D,0x12,0x02,0x2F,0x20,0x12,0x39,0x12,0x30,0x45,0x12,0x25,\
0xAD,0x7E,0x01,0xA8,0xC2,0xAF,0xE5,0x3B,0x12,0x02,0x1B,0x70,0x24,0xA2,0x09,0x12,\
0x04,0x3B,0x70,0x0D,0x43,0x9C,0x02,0x7A,0x01,0xA8,0x43,0x87,0x02,0x00,0x00,0x80,\
0x13,0xB4,0x01,0x0D,0x53,0x9C,0xFD,0x7A,0x01,0xA8,0x43,0x87,0x01,0x00,0x00,0x80,\
0x03,0x7A,0x01,0xA8,0x80,0x82,0x74,0x62,0xF5,0x45,0x12,0x10,0xDE,0xD2,0x14,0x22,\
0x74,0x72,0x80,0xF4,0x74,0x32,0x80,0xF0,0x75,0xBB,0x11,0xE4,0xF5,0xC3,0xF5,0xC0,\
0xF5,0xE8,0xF5,0xC2,0xF5,0xB7,0xF5,0xB8,0xF5,0xF7,0xF5,0xF8,0x75,0xC1,0x24,0xF5,\
0x8B,0xF5,0x8D,0xF5,0x91,0xF5,0xC8,0xF5,0xC9,0xF5,0xE2,0xC2,0x14,0x7E,0x18,0x0E,\
0x9C,0x7A,0x1F,0x02,0x01,0xC2,0x17,0xC2,0x0D,0x12,0x2C,0x70,0x12,0x12,0x55,0x12,\
0x00,0x08,0x12,0x11,0x91,0xF5,0x4E,0x6D,0x66,0x7E,0x1C,0x42,0x50,0x29,0xB1,0x00,\
0x04,0xB4,0x01,0xAC,0x7E,0x14,0x01,0x8E,0x12,0x39,0x3E,0x0B,0x1A,0x10,0xBD,0x51,\
0x78,0x9E,0x12,0x06,0x90,0x40,0x8F,0xE5,0xE1,0xB4,0x03,0x98,0x75,0xD0,0x00,0x7E,\
0x73,0x0E,0xA5,0x0A,0x37,0x2E,0x34,0x0E,0xA1,0x7E,0x24,0x00,0x08,0x7E,0x30,0x08,\
0x12,0x39,0x2F,0x75,0xD0,0x08,0xA5,0xEF,0xA2,0xE4,0xE5,0xB9,0x92,0xE4,0xF5,0xB9,\
0x7A,0x11,0x99,0x12,0x06,0x43,0x7A,0x41,0x9E,0x7A,0x51,0x9F,0x7C,0xA6,0x7C,0xB0,\
0x75,0xD0,0x00,0x20,0xE0,0x3D,0x7E,0x34,0x43,0xF0,0x7E,0x24,0x00,0xFF,0x0B,0x1A,\
0x00,0xBE,0x04,0x54,0x52,0x78,0x39,0x69,0x11,0x00,0x02,0xBE,0x14,0x49,0x4D,0x78,\
0x2F,0x69,0x01,0x00,0x05,0x69,0x11,0x00,0x07,0xE5,0x9E,0x54,0xC0,0x5E,0x00,0x3F,\
0xA5,0x48,0xF5,0x9E,0xA5,0xEB,0x7E,0x70,0x1F,0x12,0x00,0x5A,0xF5,0x9F,0x7C,0x31,\
0x12,0x06,0x43,0x12,0x06,0xFF,0x12,0x11,0xAE,0x12,0x06,0x50,0x75,0xEB,0x0A,0x22,\
0x74,0x22,0x02,0x0A,0x03,0x05,0x03,0x02,0x08,0x06,0x08,0x01,0x00,0x07,0x08,0x09,\
0x05,0x03,0x02,0x08,0x06,0x08,0x01,0x00,0x07,0x06,0x05,0x03,0x05,0x02,0x07,0x01,\
0x06,0x09,0x03,0x04,0x05,0x08,0x02,0x08,0x07,0x00,0x01,0x01,0x0A,0x04,0x08,0x00,\
0x01,0x02,0x03,0x04,0x05,0x06,0x07,0x01,0x07,0x04,0x01,0x04,0x05,0x06,0x07,0x00,\
0x03,0x10,0x00,0x01,0x02,0x03,0x04,0x05,0x06,0x07,0x00,0x01,0x02,0x03,0x04,0x05,\
0x06,0x07,0x03,0x10,0x07,0x06,0x05,0x04,0x03,0x02,0x01,0x00,0x07,0x06,0x05,0x04,\
0x03,0x02,0x01,0x00,0x00,0x07,0x01,0x02,0x03,0x04,0x05,0x06,0x07,0x00,0x04,0x01,\
0x03,0x05,0x07,0x04,0x07,0x01,0x02,0x03,0x08,0x07,0x06,0x05,0x04,0x04,0x01,0x03,\
0x07,0x05,0x05,0x03,0x03,0x06,0x01,0x07,0x04,0x03,0x01,0x05,0x07,0x09,0x02,0x05,\
0x06,0x02,0x06,0x02,0x06,0x02,0x0B,0x06,0x02,0x01,0x00,0x07,0x06,0x02,0x01,0x00,\
0x07,0x06,0x02,0x0F,0x03,0x02,0x01,0x00,0x07,0x06,0x05,0x04,0x03,0x02,0x01,0x00,\
0x07,0x06,0x05,0x08,0x04,0x02,0x06,0x02,0x06,0x08,0x0A,0x02,0x01,0x00,0x07,0x06,\
0x02,0x01,0x00,0x07,0x06,0x06,0x04,0x07,0x01,0x07,0x01,0x06,0x0A,0x06,0x07,0x00,\
0x01,0x02,0x06,0x07,0x00,0x01,0x02,0x06,0x0C,0x05,0x06,0x07,0x00,0x01,0x02,0x06,\
0x07,0x00,0x01,0x02,0x03,0x01,0x0A,0x00,0x01,0x02,0x03,0x04,0x05,0x06,0x07,0x00,\
0x01,0x01,0x06,0x01,0x04,0x05,0x06,0x07,0x00,0x03,0x10,0x00,0x01,0x02,0x03,0x04,\
0x05,0x06,0x07,0x00,0x01,0x02,0x03,0x04,0x05,0x06,0x07,0x03,0x10,0x07,0x06,0x05,\
0x04,0x03,0x02,0x01,0x00,0x07,0x06,0x05,0x04,0x03,0x02,0x01,0x00,0x00,0x07,0x03,\
0x04,0x05,0x06,0x07,0x00,0x01,0x04,0x0B,0x03,0x04,0x05,0x06,0x07,0x00,0x07,0x06,\
0x05,0x04,0x03,0x04,0x0A,0x03,0x04,0x05,0x06,0x07,0x00,0x07,0x06,0x05,0x04,0x04,\
0x03,0x05,0x07,0x05,0x04,0x04,0x02,0x05,0x07,0x05,0x05,0x02,0x07,0x01,0x07,0x03,\
0x00,0x05,0x00,0x09,0x06,0x07,0x07,0x08,0x05,0x00,0x00,0x07,0x00,0x00,0xB0,0xBC,\
0xB4,0xB8,0xC0,0xC8,0xF1,0x63,0x65,0x6D,0x6F,0x73,0x76,0x77,0x7A,0xBA,0xBA,0x16,\
0x88,0xFF,0x54,0x46,0x49,0x33,0x00,0x0F,0x03,0x0C,0x07,0x00,0x00,0x40,0x05,0x52,\
0x01,0x51,0x00,0x02,0x01,0x01,0x40,0xB9,0x23,0x84,0xFF,0xFF,0xFF,0xFF,0xFF,0xFF,\
0xFF,0xFF,0xFF,0xFF,0xFF,0xFF,0xFF,0xFF,0xFF,0xFF,0xFF,0xFF,0xFF,0xFF,0xFF,0xFF,\
0xFF,0xFF,0xFF,0xFF,0xFF,0xFF,0xFF,0xFF,0xFF,0xFF,0xFF,0xFF,0xFF,0xFF,0xFF,0xFF,\
0xFF,0xFF,0xFF,0xFF,0xFF,0xFF,0xFF,0xFF,0xFF,0xFF,0xFF,0xFF,0xFF,0xFF,0xFF,0xFF,\
0xFF,0xFF,0xFF,0xFF,0xFF,0xFF,0xFF,0xFF,0xFF,0xFF,0xFF,0xFF,0xFF,0xFF,0xFF,0xFF,\
0xFF,0xFF,0xFF,0xFF,0xFF,0xFF,0xFF,0xFF,0xFF,0xFF,0xFF,0xFF,0xFF,0xFF,0xFF,0xFF,\
0xFF,0xFF,0xFF,0xFF,0xFF,0xFF,0xFF,0xFF,0xFF,0xFF,0xFF,0xFF,0xFF,0xFF,0xFF,0xFF,\
0xFF,0xFF,0xFF,0xFF,0xFF,0xFF,0xFF,0xFF,0xFF,0xFF,0xFF,0xFF,0xFF,0xFF,0xFF,0xFF,\
0xFF,0xFF,0xFF,0xFF,0xFF,0xFF,0xFF,0xFF,0xFF,0xFF,0xFF,0xFF,0xFF,0xFF,0xFF,0xFF,\
0xFF,0xFF,0xFF,0xFF,0xFF,0xFF,0xFF,0xFF,0xFF,0xFF,0xFF,0xFF,0xFF,0xFF,0xFF,0xFF,\
0xFF,0xFF,0xFF,0xFF,0xFF,0xFF,0xFF,0xFF,0xFF,0xFF,0xFF,0xFF,0xFF,0xFF,0xFF,0xFF,\
0xFF,0xFF,0xFF,0xFF,0xFF,0xFF,0xFF,0xFF,0xFF,0xFF,0xFF,0xFF,0xFF,0xFF,0xFF,0xFF\
}



#define SITRONIX_CFG {\
0x43,0x46,0x54,0x31,0x08,0x38,0x40,0x40,0x0C,0x00,0x08,0x3C,0x02,0x6E,0x00,0x1E,\
0x01,0x3F,0x01,0x6B,0x01,0x9D,0x01,0xAB,0x02,0x03,0x02,0x58,0x40,0x00,0x01,0x3E,\
0x28,0x2A,0x46,0x00,0x00,0x00,0x30,0x22,0x40,0x40,0x00,0x1A,0x5A,0x5A,0x45,0x00,\
0x00,0x00,0x40,0x40,0x40,0x40,0x03,0x2A,0x43,0x41,0x43,0x00,0x00,0x00,0x32,0x2B,\
0x40,0x40,0x03,0x2D,0x40,0x3D,0x3C,0x00,0x00,0x00,0x31,0x26,0x40,0x40,0x03,0x36,\
0x33,0x30,0x37,0x00,0x00,0x00,0x31,0x24,0x40,0x40,0x00,0x39,0x2F,0x2C,0x31,0x00,\
0x00,0x00,0x31,0x25,0x40,0x40,0x00,0x3F,0x27,0x24,0x2D,0x00,0x00,0x00,0x31,0x20,\
0x40,0x40,0x00,0x43,0x21,0x1E,0x28,0x00,0x00,0x00,0x32,0x23,0x40,0x40,0x00,0x44,\
0x21,0x1D,0x1E,0x00,0x00,0x00,0x33,0x23,0x40,0x40,0x00,0x45,0x1F,0x1C,0x12,0x00,\
0x00,0x00,0x33,0x23,0x40,0x40,0x00,0x54,0x0A,0x01,0x0C,0x00,0x00,0x00,0x3E,0x3C,\
0x40,0x40,0x00,0x56,0x07,0xB2,0x00,0x00,0x00,0x00,0x40,0x40,0x40,0x40,0x00,0x00,\
0x40,0x07,0x81,0x00,0x0A,0x03,0x00,0x0D,0x1C,0x00,0x00,0x03,0x98,0x00,0x00,0x00,\
0x02,0x10,0x16,0x70,0x74,0x69,0x69,0x00,0x28,0x00,0x00,0x13,0x00,0x00,0x04,0x01,\
0x00,0x01,0x00,0x01,0x00,0x04,0x00,0x0D,0x01,0x01,0x01,0x00,0x78,0x00,0x00,0x00,\
0x00,0x00,0x33,0x00,0x02,0x23,0x10,0x04,0x00,0x55,0x00,0x00,0x05,0x00,0x00,0x01,\
0x00,0x04,0x02,0x07,0x05,0x09,0x08,0x0B,0x0A,0x0D,0x0C,0x22,0x0E,0x1B,0x23,0x19,\
0x1A,0x17,0x18,0x15,0x16,0x13,0x14,0x11,0x12,0x0F,0x10,0x0E,0x0D,0x23,0x22,0x25,\
0x24,0x27,0x26,0x01,0x00,0x03,0x02,0x05,0x04,0x07,0x06,0x09,0x08,0x0B,0x0A,0x0C,\
0x0C,0x12,0x11,0x14,0x13,0x16,0x15,0x00,0x03,0x21,0x51,0x00,0x32,0x53,0xD5,0x03,\
0x40,0x88,0x44,0x11,0x1E,0x00,0x96,0x00,0x00,0x00,0x00,0x80,0xB0,0x00,0x00,0x5B,\
0x00,0x00,0x00,0x00,0x43,0x55,0x66,0x02,0xD0,0x05,0xF0,0x0A,0x00,0x00,0x01,0x00,\
0x02,0x01,0x0A,0x09,0x00,0x10,0x08,0x82,0x3C,0x62,0x21,0x00,0x04,0x04,0x03,0x08,\
0x83,0x00,0x14,0x10,0x03,0x0C,0x00,0xA2,0x00,0x04,0x00,0xA3,0x01,0x3C,0xFF,0x60,\
0x00,0x00,0x1A,0x7F,0x14,0x23,0x46,0x00,0x02,0xED,0xF8,0x00,0x00,0x02,0xD0,0x05,\
0xF0,0x00,0x00,0x00,0x00,0x02,0x04,0x28,0x00,0x64,0x32,0xDA,0x28,0x0F,0x80,0x3C,\
0x14,0x02,0x03,0x1E,0x02,0x00,0x00,0x03,0x00,0x97,0xB6,0x00,0x08,0x97,0xF0,0x28,\
0x74,0x64,0x69,0x69,0x43,0x10,0x0C,0x00,0xFE,0x00,0xDC,0x0A,0x00,0x64,0x26,0x03,\
0x20,0xFF,0x00,0x00,0x55,0x0F,0x3C,0x00,0x00,0x00,0x40,0x00,0x3C,0x48,0x1E,0x19,\
0x07,0x05,0x1E,0x23,0x00,0x64,0x94,0x78,0x10,0x00,0x00,0x00,0x00,0x00,0xFF,0x00,\
0x20,0x00,0x00,0x00,0x00,0x02,0x80,0x14,0x06,0x14,0x00,0x78,0x02,0x00,0x00,0x00,\
0x00,0x00,0x00,0x00,0x00,0x00,0x00,0x08,0x04,0x08,0x08,0x38,0x20,0x51,0x3E,0x00,\
0x00,0x05,0x1E,0x5A,0x28,0x0A,0x11,0x50,0x00,0x61,0x28,0x14,0x40,0x02,0x00,0x00,\
0x00,0x00,0x00,0x00,0x00,0x00,0x00,0x00,0x00,0x00,0x00,0x00,0x00,0x00,0x00,0x00,\
0x00,0x00,0x00,0x00,0x00,0x00,0x00,0x00,0x00,0x00,0x00,0x00,0x00,0x00,0x00,0x00,\
0x00,0x00,0x00,0x00,0x00,0x00,0x00,0x00,0x00,0x00,0x00,0x00,0x00,0x00,0x85,0x00,\
0x00,0x00,0x00,0x00,0x00,0x00,0x00,0x00,0x00,0x00,0x00,0x00,0x00,0x00,0x00,0x00,\
0x00,0x00,0x00,0x00,0x00,0x00,0x00,0x00,0x00,0x00,0x00,0x00,0x00,0x00,0x00,0x00,\
0x00,0x00,0x00,0x00,0x00,0x00,0x00,0x00,0x04,0x04,0x00,0xFF,0xFF,0xFF,0x00,0x00,\
0x00,0x00,0x00,0x00,0x00,0x00,0x00,0x00,0x00,0x00,0x00,0x00,0x00,0x00,0x01,0xA2,\
0x01,0xA2,0x00,0xCA,0x00,0x01,0x00,0x03,0x00,0x06,0x00,0x0A,0x00,0x0F,0x00,0x15,\
0x00,0x1C,0x00,0x24,0x00,0x2D,0x00,0x37,0x00,0x42,0x00,0x4E,0x00,0x5B,0x00,0x69,\
0x00,0x78,0x00,0x88,0x00,0x99,0x00,0xAB,0x00,0xBE,0x00,0xD2,0x00,0xE7,0x00,0xFD,\
0x01,0x14,0x01,0x2C,0x01,0x45,0x01,0x5F,0x01,0x7A,0x01,0x96,0x01,0xB3,0x01,0xD1,\
0x01,0xF0,0x02,0x10,0x02,0x31,0x02,0x53,0x02,0x76,0x02,0x9A,0x02,0xBF,0x02,0xE5,\
0x03,0x0C,0x03,0x34,0x03,0x5D,0x03,0x87,0x03,0xB2,0x03,0xDE,0x04,0x0B,0x04,0x39,\
0x04,0x68,0x04,0x98,0x04,0xC9,0x04,0xFB,0x05,0x2E,0x05,0x62,0x05,0x97,0x05,0xCD,\
0x06,0x04,0x06,0x3C,0x06,0x75,0x06,0xAF,0x06,0xEA,0x07,0x26,0x07,0x63,0x07,0xA1,\
0x07,0xE0,0x08,0x20,0x08,0x61,0x08,0xA3,0x08,0xE6,0x09,0x2A,0x09,0x6F,0x09,0xB5,\
0x09,0xFC,0x0A,0x44,0x0A,0x8D,0x0A,0xD7,0x0B,0x22,0x0B,0x6E,0x0B,0xBB,0x0C,0x09,\
0x0C,0x58,0x0C,0xA8,0x0C,0xF9,0x0D,0x4B,0x0D,0x9E,0x0D,0xF2,0x0E,0x47,0x0E,0x9D,\
0x0E,0xF4,0x0F,0x4C,0x0F,0xA5,0x0F,0xFF,0x10,0x5A,0x10,0xB6,0x11,0x13,0x11,0x71,\
0x11,0xD0,0x12,0x30,0x12,0x91,0x12,0xF3,0x13,0x56,0x13,0xBA,0x14,0x1F,0x14,0x85,\
0x14,0xEC,0x15,0x54,0x15,0xBD,0x16,0x26,0x16,0x8F,0x16,0xF8,0x17,0x61,0x17,0xCA,\
0x18,0x33,0x18,0x9C,0x19,0x05,0x19,0x6E,0x19,0xD7,0x1A,0x40,0x1A,0xA9,0x1B,0x12,\
0x1B,0x7B,0x1B,0xE4,0x1C,0x4D,0x1C,0xB6,0x1D,0x1F,0x1D,0x88,0x1D,0xF1,0x1E,0x5A,\
0x1E,0xC3,0x1F,0x2C,0x1F,0x95,0x1F,0xFE,0x20,0x67,0x20,0xD0,0x21,0x39,0x21,0xA2,\
0x22,0x0B,0x22,0x74,0x22,0xDD,0x23,0x46,0x23,0xAF,0x24,0x18,0x24,0x80,0x24,0xE7,\
0x25,0x4D,0x25,0xB2,0x26,0x16,0x26,0x79,0x26,0xDB,0x27,0x3C,0x27,0x9C,0x27,0xFB,\
0x28,0x59,0x28,0xB6,0x29,0x12,0x29,0x6D,0x29,0xC7,0x2A,0x20,0x2A,0x78,0x2A,0xCF,\
0x2B,0x25,0x2B,0x7A,0x2B,0xCE,0x2C,0x21,0x2C,0x73,0x2C,0xC4,0x2D,0x14,0x2D,0x63,\
0x2D,0xB1,0x2D,0xFE,0x2E,0x4A,0x2E,0x95,0x2E,0xDF,0x2F,0x28,0x2F,0x70,0x2F,0xB7,\
0x2F,0xFD,0x30,0x41,0x30,0x83,0x30,0xC3,0x31,0x01,0x31,0x3D,0x31,0x77,0x31,0xAF,\
0x31,0xE5,0x32,0x19,0x32,0x4B,0x32,0x7B,0x32,0xA9,0x32,0xD5,0x32,0xFF,0x33,0x27,\
0x33,0x4D,0x33,0x71,0x33,0x93,0x33,0xB3,0x33,0xD1,0x33,0xED,0x34,0x07,0x34,0x1F,\
0x34,0x35,0x34,0x49,0x34,0x5B,0x34,0x6B,0x34,0x79,0x34,0x85,0x34,0x8F,0x34,0x97,\
0x34,0x9D,0x34,0xA1,0x34,0xA3,0x00,0x01,0x00,0x03,0x00,0x06,0x00,0x0A,0x00,0x0F,\
0x00,0x15,0x00,0x1C,0x00,0x24,0x00,0x2D,0x00,0x37,0x00,0x42,0x00,0x4E,0x00,0x5B,\
0x00,0x69,0x00,0x78,0x00,0x88,0x00,0x99,0x00,0xAB,0x00,0xBE,0x00,0xD2,0x00,0xE7,\
0x00,0xFD,0x01,0x14,0x01,0x2C,0x01,0x45,0x01,0x5F,0x01,0x7A,0x01,0x96,0x01,0xB3,\
0x01,0xD1,0x01,0xF0,0x02,0x10,0x02,0x31,0x02,0x53,0x02,0x76,0x02,0x9A,0x02,0xBF,\
0x02,0xE5,0x03,0x0C,0x03,0x34,0x03,0x5D,0x03,0x87,0x03,0xB2,0x03,0xDE,0x04,0x0B,\
0x04,0x39,0x04,0x68,0x04,0x98,0x04,0xC9,0x04,0xFB,0x05,0x2E,0x05,0x62,0x05,0x97,\
0x05,0xCD,0x06,0x04,0x06,0x3C,0x06,0x75,0x06,0xAF,0x06,0xEA,0x07,0x26,0x07,0x63,\
0x07,0xA1,0x07,0xE0,0x08,0x20,0x08,0x61,0x08,0xA3,0x08,0xE6,0x09,0x2A,0x09,0x6F,\
0x09,0xB5,0x09,0xFC,0x0A,0x44,0x0A,0x8D,0x0A,0xD7,0x0B,0x22,0x0B,0x6E,0x0B,0xBB,\
0x0C,0x09,0x0C,0x58,0x0C,0xA8,0x0C,0xF9,0x0D,0x4B,0x0D,0x9E,0x0D,0xF2,0x0E,0x47,\
0x0E,0x9D,0x0E,0xF4,0x0F,0x4C,0x0F,0xA5,0x0F,0xFF,0x10,0x5A,0x10,0xB6,0x11,0x13,\
0x11,0x71,0x11,0xD0,0x12,0x30,0x12,0x91,0x12,0xF3,0x13,0x56,0x13,0xBA,0x14,0x1F,\
0x14,0x85,0x14,0xEC,0x15,0x54,0x15,0xBD,0x16,0x26,0x16,0x8F,0x16,0xF8,0x17,0x61,\
0x17,0xCA,0x18,0x33,0x18,0x9C,0x19,0x05,0x19,0x6E,0x19,0xD7,0x1A,0x40,0x1A,0xA9,\
0x1B,0x12,0x1B,0x7B,0x1B,0xE4,0x1C,0x4D,0x1C,0xB6,0x1D,0x1F,0x1D,0x88,0x1D,0xF1,\
0x1E,0x5A,0x1E,0xC3,0x1F,0x2C,0x1F,0x95,0x1F,0xFE,0x20,0x67,0x20,0xD0,0x21,0x39,\
0x21,0xA2,0x22,0x0B,0x22,0x74,0x22,0xDD,0x23,0x46,0x23,0xAF,0x24,0x18,0x24,0x80,\
0x24,0xE7,0x25,0x4D,0x25,0xB2,0x26,0x16,0x26,0x79,0x26,0xDB,0x27,0x3C,0x27,0x9C,\
0x27,0xFB,0x28,0x59,0x28,0xB6,0x29,0x12,0x29,0x6D,0x29,0xC7,0x2A,0x20,0x2A,0x78,\
0x2A,0xCF,0x2B,0x25,0x2B,0x7A,0x2B,0xCE,0x2C,0x21,0x2C,0x73,0x2C,0xC4,0x2D,0x14,\
0x2D,0x63,0x2D,0xB1,0x2D,0xFE,0x2E,0x4A,0x2E,0x95,0x2E,0xDF,0x2F,0x28,0x2F,0x70,\
0x2F,0xB7,0x2F,0xFD,0x30,0x41,0x30,0x83,0x30,0xC3,0x31,0x01,0x31,0x3D,0x31,0x77,\
0x31,0xAF,0x31,0xE5,0x32,0x19,0x32,0x4B,0x32,0x7B,0x32,0xA9,0x32,0xD5,0x32,0xFF,\
0x33,0x27,0x33,0x4D,0x33,0x71,0x33,0x93,0x33,0xB3,0x33,0xD1,0x33,0xED,0x34,0x07,\
0x34,0x1F,0x34,0x35,0x34,0x49,0x34,0x5B,0x34,0x6B,0x34,0x79,0x34,0x85,0x34,0x8F,\
0x34,0x97,0x34,0x9D,0x34,0xA1,0x34,0xA3,0x00,0x00,0x00,0x00,0x00,0x00,0x00,0x00,\
0x00,0x00,0x00,0x00,0x00,0x00,0x00,0x00,0x00,0x00,0x00,0x00,0x00,0x00,0x00,0x00,\
0x00,0x00,0x00,0x00,0x00,0x00,0x00,0x00,0x00,0x00,0x00,0x00,0x00,0x00,0x00,0x00,\
0x00,0x00,0x00,0x00,0x00,0x00,0x00,0x00,0x00,0x00,0x00,0x00,0x00,0x00,0x00,0x00,\
0x00,0x00,0x00,0x00,0x00,0x00,0x00,0x00,0x00,0x00,0x00,0x00,0x00,0x00,0x00,0x00,\
0x00,0x00,0x00,0x00,0x00,0x00,0x00,0x00,0x00,0x00,0x00,0x00,0x00,0x00,0x00,0x00,\
0x00,0x00,0x00,0x00,0x00,0x00,0x00,0x00,0x00,0x00,0x00,0x00,0x00,0x00,0x00,0x00,\
0x00,0x00,0x00,0x00,0x00,0x00,0x00,0x00,0x00,0x00,0x00,0x00,0x00,0x00,0x00,0x00,\
0x00,0x00,0x00,0x00,0x00,0x00,0x00,0x00,0x00,0x00,0x00,0x00,0x00,0x00,0x00,0x00,\
0x00,0x00,0x00,0x00,0x00,0x00,0x00,0x00,0x00,0x00,0x00,0x00,0x00,0x00,0x00,0x00,\
0x00,0x00,0x00,0x00,0x00,0x00,0x00,0x00,0x00,0x00,0x00,0x00,0x00,0x00,0x00,0x00,\
0x00,0x00,0x00,0x00,0x00,0x00,0x00,0x00,0x00,0x00,0x00,0x00,0x00,0x00,0x00,0x00,\
0x00,0x00,0x00,0x00,0x00,0x00,0x00,0x00,0x00,0x00,0x00,0x00,0x00,0x00,0x00,0x00,\
0x00,0x00,0x00,0x00,0x00,0x00,0x00,0x00,0x00,0x00,0x00,0x00,0x00,0x00,0x00,0x00,\
0x00,0x00,0x00,0x00,0x00,0x00,0x00,0x00,0x00,0x00,0x00,0x00,0x00,0x00,0x00,0x00,\
0x00,0x00,0x00,0x00,0x00,0x00,0x00,0x00,0x00,0x00,0x00,0x00,0x00,0x00,0x00,0x00,\
0x00,0x00,0x00,0x00,0x00,0x00,0x00,0x00,0x00,0x00,0x00,0x00,0x00,0x00,0x00,0x00,\
0x00,0x00,0x00,0x00,0x00,0x00,0x00,0x00,0x00,0x00,0x00,0x00,0x00,0x00,0x00,0x00,\
0x00,0x00,0x00,0x00,0x00,0x00,0x00,0x00,0x00,0x00,0x00,0x00,0x00,0x00,0x00,0x00,\
0x00,0x00,0x00,0x00,0x00,0x00,0x00,0x00,0x00,0x00,0x00,0x00,0x00,0x00,0x00,0x00,\
0x00,0x00,0x00,0x00,0x00,0x00,0x00,0x00,0x00,0x00,0x00,0x00,0x00,0x00,0x00,0x00,\
0x00,0x00,0x00,0x00,0x00,0x00,0x00,0x00,0x00,0x00,0x00,0x00,0x00,0x00,0x00,0x00,\
0x00,0x00,0x00,0x00,0x00,0x00,0x00,0x00,0x00,0x00,0x00,0x00,0x00,0x00,0x00,0x00,\
0x00,0x00,0x00,0x00,0x00,0x00,0x00,0x00,0x00,0x00,0x00,0x00,0x00,0x00,0x00,0x00,\
0x00,0x00,0x00,0x00,0x00,0x00,0x00,0x00,0x00,0x00,0x00,0x00,0x00,0x00,0x00,0x00,\
0x00,0x00,0x00,0x00,0x00,0x00,0x00,0x00,0x00,0x00,0x00,0x00,0x00,0x00,0x00,0x00,\
0x00,0x00,0x00,0x00,0x00,0x00,0x00,0x00,0x00,0x00,0x00,0x00,0x00,0x00,0x00,0x00,\
0x00,0x00,0x00,0x00,0x00,0x00,0x00,0x00,0x00,0x00,0x00,0x00,0x00,0x00,0x00,0x00,\
0x00,0x00,0x00,0x00,0x00,0x00,0x00,0x00,0x00,0x00,0x00,0x00,0x00,0x00,0x00,0x00,\
0x00,0x00,0x00,0x00,0x00,0x00,0x00,0x00,0x00,0x00,0x00,0x00,0x00,0x00,0x00,0x00,\
0x00,0x00,0x00,0x00,0x00,0x00,0x00,0x00,0x00,0x00,0x00,0x00,0x00,0x00,0x00,0x00,\
0x00,0x00,0x00,0x00,0x00,0x00,0x00,0x00,0x00,0x00,0x00,0x00,0x00,0x00,0x00,0x00,\
0x00,0x00,0x00,0x00,0x00,0x00,0x00,0x00,0x00,0x00,0x00,0x00,0x00,0x00,0x00,0x00,\
0x00,0x00,0x00,0x00,0x00,0x00,0x00,0x00,0x00,0x00,0x00,0x00,0x00,0x00,0x00,0x00,\
0x00,0x00,0x00,0x00,0x00,0x00,0x00,0x00,0x00,0x00,0x00,0x00,0x00,0x00,0x00,0x00,\
0x00,0x00,0x00,0x00,0x00,0x00,0x00,0x00,0x00,0x00,0x00,0x00,0x00,0x00,0x00,0x00,\
0x00,0x00,0x00,0x00,0x00,0x00,0x00,0x00,0x00,0x00,0x00,0x00,0x00,0x00,0x00,0x00,\
0x00,0x00,0x00,0x00,0x00,0x00,0x00,0x00,0x00,0x00,0x00,0x00,0x00,0x00,0x00,0x00,\
0x00,0x00,0x00,0x00,0x00,0x00,0x00,0x00,0x00,0x00,0x00,0x00,0x00,0x00,0x00,0x00,\
0x00,0x00,0x00,0x00,0x00,0x00,0x00,0x00,0x00,0x00,0x00,0x00,0x00,0x00,0x00,0x00,\
0x00,0x00,0x00,0x00,0x00,0x00,0x00,0x00,0x00,0x00,0x00,0x00,0x6A,0xE7,0xFF,0xFF\
}


#define SITRONIX_FW1 {\
}

#define SITRONIX_CFG1 {\
}

#define SITRONIX_FW2 {\
}

#define SITRONIX_CFG2 {\
}